id;fonte;url;data_publicacao;titulo;linha_fina;texto;ufs_mencionadas;nivel_texto;tag_origem;coletado_em;resumo;sentimento
6f468865781b;Agência Brasil;https://agenciabrasil.ebc.com.br/economia/noticia/2026-07/usina-solar-em-comunidade-de-niteroi-gera-energia-para-19-creches;2026-07-08 19:40:00;Usina solar em comunidade de Niterói gera energia para 19 creches;Projeto-piloto permite economia de R$ 5 milhões por ano, além de intervenções de infraestrutura, como recuperação da vegetação, sistemas de drenagem e captação de água da chuva.;"No alto do Morro do Boa Vista, em Niterói, região metropolitana do Rio de Janeiro, um imenso espaço de vegetação rasteira ostenta agora uma coleção de painéis solares. Além de mudar a paisagem, a usina de geração de energia renovável instalada na encosta verde virou sinônimo de R$ 5 milhões em economia para o cofre da cidade.
No último fim de semana, a prefeitura de Niterói inaugurou a usina, que ocupa uma área de 36 mil metros quadrados (m²), o equivalente a cerca de cinco campos de futebol.
Mais de 2 mil módulos fotovoltaicos foram instalados no espaço, vizinho a uma comunidade de quase 1,8 mil moradores, segundo do Censo 2022 do Instituto Brasileiro de Geografia e Estatística (IBGE).
O projeto-piloto consumiu R$ 7 milhões em investimentos, ou seja, em dois anos, a economia com conta de luz será suficiente para pagar o valor gasto, segundo a prefeitura.
A expectativa é que a usina solar no alto da comunidade produza cerca de 150 mil quilowatts-hora (kWh) de energia por mês. Esse volume será destinado ao abastecimento de equipamentos públicos do município. Essa energia é suficiente para abastecer 19 creches, de acordo com os responsáveis pelo projeto.
Além da questão energética, o projeto-piloto levou para a comunidade Boa Vista intervenções de infraestrutura, como recuperação da vegetação, sistemas de drenagem e captação de água da chuva.
Com capacidade aproximada de 30 mil litros, o sistema de reaproveitamento pluvial poderá ser utilizado na limpeza das placas fotovoltaicas, em apoio a possíveis combates a incêndios, além de prevenir erosão nas encostas.
Dependendo da avaliação do projeto-piloto, a iniciativa pode ser levada para outras comunidades da cidade.
Para o professor Lino Marujo, chefe do Departamento de Engenharia Industrial da Escola Politécnica da Universidade Federal do Rio de Janeiro (UFRJ), o projeto tem potencial se servir como modelo e benchmarking (comparação com iniciativas de referência) para outras cidades.
O professor aponta que além dos benefícios ambientais, há também potencial ganho socioeconômico “ao se aproximar da comunidade local, agregando e disseminando conhecimentos em tecnologias sustentáveis e podendo gerar empregos na região”.
“Em um país como o nosso, onde há disponibilidade de solo e alta incidência solar, projetos como esse devem ser cada vez mais difundidos e aprimorados, agregando valor para a sociedade, para o ambiente e economia”, diz Marujo, também professor do MBA Executivo em Economia do Petróleo, Gás e Energia da Escola Politécnica da UFRJ.
A energia solar é considerada limpa porque sua geração de eletricidade não emite poluentes atmosféricos nem gases de efeito estufa, causadores do aquecimento global.
Ano a ano, a geração dos painéis solares tem ganhado espaço na matriz elétrica do país. De 2024 para 2025, foi a fonte energética que mais cresceu, com salto de 24,7%, segundo estudo da Empresa de Pesquisa Energética (EPE) , ligada ao Ministério de Minas e Energia.
Em 2025, a energia solar figurou como a terceira principal fonte de energia elétrica, representando 11,4% da matriz, perdendo apenas para a hidrelétrica (51,2%) e eólica (14,9%).";RJ;integral;energia-solar;2026-09-21 20:04:06;;
f89e46473b86;Agência Brasil;https://agenciabrasil.ebc.com.br/economia/noticia/2026-05/energia-solar-supera-r-300-bilhoes-em-investimentos;2026-05-01 17:07:00;Energia solar supera R$ 300 bilhões em investimentos;Presença da energia solar se espalha por todo o território nacional, com usinas de grande porte em diversas regiões e sistemas de geração distribuída instalados em mais de 5 mil municípios.;"Os investimentos acumulados em energia solar no Brasil ultrapassaram a marca de R$ 300 bilhões, considerando tanto grandes usinas quanto sistemas de geração própria. Os dados são da Associação Brasileira de Energia Solar Fotovoltaica (Absolar).
Apesar do avanço histórico, o setor enfrenta um cenário recente de desaceleração, com queda no ritmo de novos projetos ao longo do último ano.
Entre os principais fatores para a desaceleração estão cortes na geração de usinas renováveis que produzem energia excedente, sem compensação financeira aos empreendedores, e dificuldades de conexão para pequenos sistemas, relacionadas à capacidade das redes elétricas.
• Investimentos acumulados: mais de R$ 300 bilhões;
• Empregos gerados: mais de 2 milhões na última década;
• Capacidade instalada: 68,6 gigawatts (GW) em operação;
• Participação na matriz elétrica: 25,3% (segunda maior fonte do país).
O crescimento ocorre mesmo diante de uma retração significativa em 2025. Segundo o levantamento, a potência adicionada à matriz energética caiu 25,6%, passando de 15,6 GW em 2024 para 11,6 GW no ano seguinte.
A presença da energia solar se espalha por todo o território nacional, com usinas de grande porte em diversas regiões e sistemas de geração distribuída instalados em mais de 5 mil municípios.
Geração centralizada (grandes usinas solares):
Geração distribuída (pequenas usinas e telhados):
Na avaliação da Absolar, os entraves recentes limitaram o potencial de crescimento do setor, resultando em fechamento de empresas, cancelamento de investimentos e redução de empregos. Segundo a presidente eleita do conselho da entidade para o período 2026–2030, Barbara Rubim, a prioridade será promover uma expansão sustentável da fonte solar, com foco em melhorias regulatórias, fortalecimento do mercado livre de energia e incentivo a tecnologias complementares, como armazenamento e hidrogênio verde.
Entre os principais pontos defendidos pela entidade, estão a regulamentação do armazenamento de energia elétrica junto ao Regime Especial de Incentivos para o Desenvolvimento da Infraestrutura (Reidi). Conforme a associação, as medidas podem ser feitas de forma infralegal, por meio de decretos presidenciais ou portarias de ministérios, sem a necessidade de aprovação de projetos de lei ou de medidas provisórias no Congresso.
A entidade também defende alterações para estimular projetos de armazenamento de energia solar no regime especial a setores da economia incluídos na reforma tributária.
Fundada em 2013, a Absolar reúne empresas e instituições de toda a cadeia da energia fotovoltaica e atua na articulação do setor em prol da transição energética no Brasil.";;integral;energia-solar-1;2026-09-21 20:03:11;;
6296468173ae;Agência Brasil;https://agenciabrasil.ebc.com.br/economia/noticia/2026-04/energia-solar-em-itaipu-tem-potencial-para-dobrar-capacidade-da-usina;2026-04-21 17:56:00;Energia solar em Itaipu tem potencial para dobrar capacidade da usina;Empresa binacional estuda novas fontes renováveis para geração elétrica;"O reservatório de água da usina de Itaipu, na fronteira do Brasil com o Paraguai, na Região Sul do país, possui cerca de 1,3 mil quilômetros quadrados (km²) de perímetro, com quase 170 km de extensão, desde a barragem até o lado oposto, e uma largura média de 7 km entre as margens direita e esquerda.
Toda a capacidade hidrelétrica contida na área inundada do Rio Paraná, que move turbinas que geram até 14 mil megawatts (MW) de energia elétrica, também pode ser aproveitada para gerar eletricidade a partir de painéis solares instalados justamente sobre o espelho d'água. Esse é o experimento que vem sendo estudado por técnicos brasileiros e paraguaios desde o fim do ano passado.
Ao todo, foram instalados 1.584 painéis fotovoltaicos em uma área de menos de 10 mil metros quadrados (m²) sobre o lago, a apenas 15 metros de um trecho da margem no lado paraguaio, com profundidade de aproximadamente 7 metros.
A planta solar de Itaipu tem capacidade de gerar 1 megawatt-pico (MWp), unidade de medida para a capacidade máxima de geração de energia. Essa energia é equivalente ao consumo de 650 casas e só é utilizada para consumo interno, sem comercialização e sem ligação direta com a rede de geração hidrelétrica.
Na prática, o objetivo atual da ""ilha solar"" de Itaipu é funcionar como um laboratório de pesquisa para futuras aplicações comerciais. Os engenheiros envolvidos no projeto analisam todos os aspectos, como a interação das placas com o ambiente, incluindo eventuais impactos no comportamento de peixes e algas, na própria temperatura da água, influência dos ventos sobre o desempenho do painéis, a estabilidade da estrutura, dos flutuadores e da ancoragem com o solo.
A ideia, no futuro, é expandir a geração de energia elétrica por esta via, algo que precisará ser atualizado no próprio Tratado de Itaipu, assinado em 1973 entre Brasil e Paraguai e que viabilizou a colossal obra de engenharia compartilhada.
Estimativas preliminares indicam que seriam necessários pelo menos quatro anos de tempo de instalação para atingir uma geração solar de 3 mil megawatts (algo como 20% da capacidade instalada da hidrelétrica atualmente).
O investimento é de US$ 854,5 mil (cerca de R$ 4,3 milhões na cotação atual). As obras de instalação foram tocadas por um consórcio binacional formado pelas empresas Sunlution (brasileira) e Luxacril (paraguaia), vencedor da licitação.
A diversificação de fontes de energia na Itaipu Binacional não se limita aos estudos em energia solar, mas envolve projetos ousados com hidrogênio verde e baterias .
Essas iniciativas estão em desenvolvimento no Itaipu Parquetec, um ecossistema de inovação e tecnologia, criado em 2003 pela Itaipu Binacional em Foz do Iguaçu (PR). Conta com parceria de universidades e empresas públicas e privadas e já formou mais de 550 doutores e mestres em diferentes áreas.
Ali, funciona o Centro Avançado de Tecnologia de Hidrogênio, que desenvolve o hidrogênio verde. O hidrogênio é denominado ""verde"", ou sustentável, porque ele pode ser obtido sem emissão de gás carbônico (CO₂), causador do efeito estufa e, por consequência, do aquecimento global.
A técnica usada no Itaipu Parquetec é o processo da eletrólise da água, que promove a separação dos elementos químicos a partir de moléculas como a da água (H₂O), por meio do uso de equipamentos em processos químicos automatizados feitos em laboratórios.
O hidrogênio verde é versátil e pode servir como insumo sustentável para a cadeia de produção industrial, incluindo siderúrgica, química, petroquímica, agrícola, alimentícia entre outras, e como combustível para o mercado de energia e transporte. Em Itaipu, uma planta de produção do hidrogênio verde serve como uma plataforma para desenvolvimento de projetos-piloto.
""Nós somos uma plataforma tecnológica, então trabalhamos para atender, por exemplo, projetos de pesquisa [científica] ou projetos para indústria nacional. Existem algumas empresas nacionais que estão fazendo seus desenvolvimentos de carreta [movida] a hidrogênio, de ônibus a hidrogênio, por exemplo. Aqui é o lugar para testar e validar esses projetos"", explica Daniel Cantani, gerente do Centro de Tecnologia de Hidrogênio do Itaipu Parquetec.
Uma dessas iniciativas foi apresentada durante a 30ª Conferência das Nações Unidas sobre Mudanças Climáticas (COP30), em Belém, quando um barco movido a hidrogênio, a partir de uma pesquisa no Itaipu Parquetec, foi entregue para atuar na coleta seletiva das comunidades ribeirinhas no entorno da capital paraense.
Outro destaque no Itaipu Parquetec é um centro de gestão energética, que alavanca pesquisas na área de desenvolvimento de células e protótipos para fabricação e reaproveitamento de baterias, para o armazenamento de energia, especialmente em sistemas estacionários, voltados para empresas ou outras estações fixas, que demandam, por exemplo, uma reserva energética.
A Itaipu também vem apostando na geração de biogás a partir de resíduos orgânicos gerados pelos restaurantes espalhados por diferentes alas da usina e de materiais apreendidos pela Polícia Rodoviária Federal (PRF) e pelo Ministério da Agricultura, Pecuária e Abastecimento (MAPA-Vigiagro), em fiscalização de fronteira .
Tudo isso, em vez de ser descartado em aterro, transforma-se em biogás e biometano.
A convite da Itaipu Binacional, a Agência Brasil acompanhou, no último dia 13 de abril, a reinauguração da Unidade de Demonstração de Biocombustíveis que fica no complexo da usina. O local é gerido pelo Centro Internacional de Energias Renováveis (CIBiogás), uma empresa fundada por Itaipu voltada a soluções na área de combustível limpo.
Por um processo de biodigestão realizado em grandes tanques, alimentos oriundos de contrabando e outros resíduos orgânicos gerados na região são transformados em combustível limpo, capaz de abastecer carros que circulam dentro de Itaipu, abastecidos por meio de cilindros de gás instalados nos veículos.
Em quase nove anos de operação, segundo a usina, foram processadas mais de 720 toneladas de resíduos orgânicos, volume que resultou na geração de biometano suficiente para percorrer cerca de 480 mil quilômetros, o equivalente a 12 voltas ao redor da Terra.
A planta também desenvolve, de forma experimental, o bio-syncrude, um óleo sintético que pode ser usado na produção de SAF (Combustível Sustentável de Aviação, na sigla em inglês).
""Eu acredito que nos próximos 10 anos, nós vamos ver muito sobre os combustíveis avançados. Vamos ouvir muito sobre o hidrogênio, sobre o SAF, inclusive por conta da lei de combustíveis futuro , que vem aí com mandato. Biometano e SAF são os assuntos do momento"", destaca Daiana Gotardo, diretora técnica do CIBiogás.
*A equipe da Agência Brasil viajou a convite da Itaipu Binacional.";PR;integral;energia-solar;2026-09-21 20:04:08;;
5379d4ad90af;Agência Brasil;https://agenciabrasil.ebc.com.br/economia/noticia/2025-06/novo-parque-solar-em-minas-gerais-pode-abastecer-350-mil-habitantes;2025-06-04 19:02:00;Novo parque solar em Minas Gerais pode abastecer 350 mil habitantes;Governo federal, que financiou R$ 690 milhões para o projeto, o objetivo do parque é ampliar a geração de energia limpa e renovável no país.;"Inaugurado nesta quarta-feira (4), o Parque Solar de Arinos (MG) ocupa uma área de 822 hectares e possui mais de 720 mil painéis fotovoltaicos. Juntos, eles entregam uma capacidade instalada de 432 megawatt-pico (MWp). Essa potência pode abastecer uma cidade de 350 mil habitantes ou o equivalente a 70 mil residências.
Segundo o governo federal, que financiou R$ 690 milhões para o projeto, o objetivo do parque é ampliar a geração de energia limpa e renovável no país. O presidente em exercício e ministro do Desenvolvimento, Indústria e Comércio, Geraldo Alckmin, participou da inauguração da obra na cidade mineira, a cerca de 250 quilômetros de Brasília.
""Precisamos descarbonizar. Este empreendimento aqui, o Parque Solar Arinos, vai deixar de emitir 22 mil toneladas de gás carbônico (CO₂) por ano. Então estamos ajudando o mundo a descarbonizar"", acrescentou Alckmin.
O projeto foi desenvolvido pela Newave Energia e também contou com investimento de acionistas da FIP Newave Energia, Gerdau e XP Investimentos. Por causa da usina, cerca de 27 empresas ligadas ao setor fotovoltaico foram instaladas no município de 17 mil habitantes.
Segundo o Ministério de Minas e Energia (MME), Minas Gerais possui cerca de 934 usinas solares, que correspondem ao maior potencial instalado do Brasil. Até 2028, projeta a pasta, o estado deverá receber R$ 17,6 bilhões em investimentos no setor de energia solar, que devem impactar na criação de 160 mil empregos diretos e indiretos.
O Brasil está entre os 18 países do mundo em que a energia solar tem taxa de penetração superior a 10%, conforme a Agência Internacional de Energia (IEA). Um dos desafios é a construção de subestações e linhas de transmissão para serem utilizadas durante o dia.
Também são necessários investimentos em sistemas de armazenamento de energia térmica em que se armazenem durante o dia e se gere energia durante o período que não haja uso do Sistema Interligado Nacional (SIN) para receber a eletricidade solar fotovoltaica.
Além da energia eólica, é possível utilizar o gás natural existente na região de Arinos por meio da captura dos gases de efeito estufa.
Com 49,57% do total, o setor residencial lidera o consumo de energia solar no Brasil, seguido pelo setor de comercial e serviços, com 28,43%; e o rural, com 13,50%. O setor industrial aparece com 7,23%, enquanto o setor público, com os serviços e iluminação pública, somam 1,27%.";MG;integral;energia-solar;2026-09-21 20:04:11;;
0ec4164f0cb0;Agência Brasil;https://agenciabrasil.ebc.com.br/saude/noticia/2025-04/itaipu-vai-equipar-80-hospitais-filantropicos-com-energia-solar;2025-04-01 14:02:00;Itaipu vai equipar 80 hospitais filantrópicos com energia solar;Para a Itaipu Binacional, a instalação das usinas fotovoltaicas para converter energia solar em eletricidade proporcionará economia de R$ 12 milhões anuais nas contas de luz dos hospitais beneficiados.;"A empresa energética Itaipu Binacional formalizou, nessa segunda-feira (31), o compromisso de investir, nos próximos dois anos, mais de R$ 81 milhões para equipar santas casas e hospitais filantrópicos do Paraná com sistemas de geração solar fotovoltaica.
A expectativa é que o convênio entre a operadora da Usina Hidrelétrica de Itaipu, localizada na fronteira entre o Brasil e o Paraguai, e a Federação das Santas Casas e Hospitais Filantrópicos do Paraná (Femipa) beneficie ao menos 80 estabelecimentos sem fins lucrativos associados à federação.
“Serão quatro usinas fotovoltaicas e mais 29 usinas pequenas [instaladas] em cada um dos hospitais”, disse o presidente da Femipa, Charles London, durante a cerimônia de formalização do convênio – que já tinha sido detalhado no início de fevereiro deste ano -, em Londrina (PR).
Segundo a Itaipu Binacional, a instalação das usinas fotovoltaicas, capazes de converter energia solar em eletricidade, permitirá aos estabelecimentos de saúde beneficiados economizar, em conjunto, cerca de R$ 12 milhões anuais com contas de luz. Quantia que eles poderão investir em melhorias no atendimento à população, como a contratação de profissionais de saúde e compra de insumos, afirmou o diretor-geral da companhia, Enio Verri.
“Esses hospitais passam a contar com sua própria energia, uma energia limpa e barata. E, com isso, conseguem melhorar a qualidade de vida da população”, observou Verri, enfatizando que a economia energética beneficiará toda a rede geradora e distribuidora.
A expectativa é que, quando estiverem funcionando, as 33 usinas fotovoltaicas gerem o equivalente a 18 megawattz , o que, segundo a Itaipu, é o suficiente para abastecer uma cidade de 60 mil habitantes.
Para exemplificar o alcance da iniciativa, Itaipu e Femipa citaram o caso da Santa Casa de Londrina, uma das 92 instituições associadas à federação e um dos 80 estabelecimentos de saúde contemplados com a medida.
Constituída por um complexo de dois hospitais, a Santa Casa de Londrina paga, mensalmente, cerca de R$ 350 mil de conta de energia elétrica. Valor que, segundo a Itaipu, deverá baixar para cerca de R$ 230 mensais a partir da instalação dos painéis solares.
“As entidades vivem momentos de dificuldade e toda ajuda é muito bem-vinda. Deixando de pagar energia, sobram recursos para investimentos em outras áreas, tanto internas quanto financeiras. Isso nos ajuda a sair do caos atual”, acrescentou o diretor-geral da Santa Casa de Paranavaí e vice-presidente da Femipa, Héracles Alencar Arrais.
Presente ao evento dessa segunda-feira, o ministro da Saúde, Alexandre Padilha, não descartou a possibilidade de iniciativas semelhantes serem replicadas em outras unidades federativas além do Paraná.
“Nosso apoio a esta ação é exatamente por isso. Ao economizar energia, o recurso [financeiro] vira mais atendimento, reduzindo o tempo de espera [dos cidadãos] por atendimento médico especializado [...] Estamos vendo aqui uma ação que envolve parceiros de outros setores, como a Itaipu, esta grande empresa do Brasil, para reforçar ações da área da saúde. Estamos indo atrás de outras parcerias possíveis para reduzir custos para as santas casas”, afirmou o ministro.
Atualmente, os hospitais filantrópicos respondem por mais de 50% de todo o atendimento do Sistema Único de Saúde (SUS) no Paraná e mais de 70% da chamada alta complexidade, como traumas, cardiologia, oncologia e transplantes. Na média, 60% dos atendimentos prestados pelas 92 instituições associadas à Femipa são ofertados por meio de convênio com o Sistema Único de Saúde (SUS), mas há, entre elas, aquelas em que este percentual supera os 70%.
O convênio entre Itaipu e Femipa contemplará hospitais do grupo tarifário A e B (baixa e média tensão). Vinte e nove dessas unidades serão atendidas por usinas pequenas e terão painéis solares instalados em telhados ou coberturas de estacionamentos. Para esses hospitais, a previsão de início das obras é agora em abril. Nos outros quatro, atendidos por usinas fotovoltaicas, o início das obras está previsto para junho.";PR;integral;energia-solar;2026-09-21 20:04:13;;
c6cf09468ac5;Agência Brasil;https://agenciabrasil.ebc.com.br/meio-ambiente/noticia/2025-03/com-22-da-matriz-eletrica-energia-solar-e-a-2-maior-fonte-do-pais;2025-03-23 17:44:00;Com 22% da matriz elétrica, energia solar é a 2ª maior fonte do país;Apenas de janeiro a março, os consumidores instalaram mais de 147 mil sistemas solares, que passaram a abastecer cerca de 228,7 mil imóveis.;"A geração de energia solar superou a marca de 55 gigawatts (GW) de potência instalada operacional no Brasil. Desse total, 1,6 GW foi adicionado ao sistema neste ano, segundo balanço divulgado pela Associação Brasileira de Energia Solar Fotovoltaica (Absolar).
Segundo a Absolar, a fonte solar evitou a emissão de cerca de 66,6 milhões de toneladas de gás carbônico (CO²) na geração de eletricidade. A tecnologia representa atualmente a segunda maior fonte de energia do país, correspondendo a 22,2% de toda a capacidade instalada da matriz elétrica.
Apenas de janeiro a março, os consumidores instalaram mais de 147 mil sistemas solares, que passaram a abastecer cerca de 228,7 mil imóveis. Desde 2012, ressalta a Absolar, o setor fotovoltaico trouxe ao Brasil mais de R$ 251,1 bilhões em novos investimentos, criou mais de 1,6 milhão de empregos verdes e contribuiu com mais de R$ 78 bilhões em arrecadação aos cofres públicos.
>> Agência Brasil explica vantagens da energia solar nas residências
De acordo com a Absolar, a geração própria solar está presente em mais 5,5 mil municípios e em todos os estados brasileiros. As grandes usinas fotovoltaicas centralizadas também operam em todos os estados do país.
Entre as unidades consumidoras abastecidas pela geração de energia solar própria, as residências lideram, com 69,2% do total de imóveis, seguidas pelos comércios (18,4%) e pelas propriedades rurais (9,9%). Nos estados, Minas Gerais aparece em primeiro, com mais de 900 mil imóveis com geração solar própria. Em seguida, vêm São Paulo, com 756 mil, e Rio Grande do Sul, com 468 mil.
Apesar da expansão da energia solar no país, a Absolar manifesta preocupações. Conforme a entidade, o crescimento poderia ser ainda maior, não fossem os cancelamentos de projetos pelas distribuidoras e a falta de ressarcimento aos empreendedores pelos cortes de geração renovável.
Outro problema são os entraves à conexão de pequenos sistemas de geração própria solar, sob a alegação de inversão de fluxo de potência, sem os devidos estudos técnicos que comprovem eventuais sobrecargas na rede. A Absolar pede a aprovação do projeto de lei que institui o Programa Renda Básica Energética (Rebe) e atualiza a Lei 14.300/2022 , que Instituiu o marco legal da microgeração e minigeração distribuída.
No caso das grandes usinas solares, a ausência de ressarcimento pelas regras da Agência Nacional de Energia Elétrica (Aneel) para os cortes de geração traz insegurança jurídica e maior percepção de risco.";MG,SP,RS;integral;energia-solar;2026-09-21 20:04:16;;
a0477646fcf1;Agência Brasil;https://agenciabrasil.ebc.com.br/economia/noticia/2025-03/bndes-aprova-mais-de-r-10-bilhoes-para-o-fundo-clima;2025-03-20 19:23:00;BNDES aprova mais de R$ 10 bilhões para o Fundo Clima;O Fundo Clima é considerado um dos principais fundos de caráter nacional para a mitigação e adaptação aos efeitos das mudanças climáticas do planeta.;"O Banco Nacional de Desenvolvimento Econômico e Social (BNDES) aprovou mais de R$ 10 bilhões de crédito para financiamentos do Fundo Nacional sobre Mudança do Clima ou Fundo Clima.
A Região Sudeste teve aprovados R$ 4,1 bilhões; o Centro-Oeste, R$ 2 bilhões; o Nordeste, R$ 1,8 bilhão; o Sul, R$ 1,6 bilhão; e o Norte, R$ 460 milhões.
Segundo o banco, no somatório das regiões, o aporte de recursos em 2024 foi “quase dez vezes superior” ao volume de 2022. Na comparação dos dois períodos (2022 e 2024), o Nordeste foi a região onde o volume de recursos mais cresceu proporcionalmente. Em 2024, o total de recursos aprovados – R$ 1,8 bilhão – foi 36 vezes superior ao registrado em 2022 (R$ 51 milhões).
No Nordeste, os recursos do Fundo Clima servirão à expansão de projetos de fontes renováveis de energia, como eólica e solar gerando mais 450 megawatts (MW) ao Sistema Interligado Nacional (SIN).
“O Fundo Clima nos permite aprofundar essa estratégia de fortalecimento da economia verde, da descarbonização e da sustentabilidade ambiental, principalmente neste cenário de crescimento global do negacionismo climático”, afirmou o presidente do BNDES, Aloizio Mercadante, ao apresentar o resultado.
O Fundo Clima é considerado um dos principais fundos de caráter nacional para a mitigação e adaptação aos efeitos das mudanças climáticas do planeta.
Em nota, a Petrobras Transporte S.A (Transpetro), subsidiária da Petrobras, informou, nesta quinta-feira (20), que a companhia conseguiu fornecer 16,6 mil toneladas de gás liquefeito de petróleo (GLP) na Região Norte durante a estiagem no ano passado, considerada a maior seca em 74 anos.
O GLP pode ter uso doméstico (na cozinha) e também serve para geração de energia para indústria e lavoura.
O abastecimento de GLP ocorreu por meio da Operação Codajás, que fez o escoamento de combustíveis durante o período de vazante do Rio Amazonas, de navegação mais difícil, entre os meses de novembro e dezembro, especialmente.";AM;integral;energia-renovavel;2026-09-21 20:07:02;;
931693a344bb;Agência Brasil;https://agenciabrasil.ebc.com.br/meio-ambiente/noticia/2025-02/brasil-e-estrategico-para-transicao-energetica-do-planeta-diz-agencia;2025-02-13 16:09:00;Brasil é estratégico para transição energética do mundo, diz agência;Brasil retomou em janeiro as negociações para se tornar membro da Agência Internacional de Energias Renováveis, processo interrompido no governo anterior.;"O diretor-geral da Agência Internacional de Energia Renovável (Irena, sigla em inglês), Francesco La Camera, disse nesta quinta-feira (13), que o Brasil, por ocupar com sua matriz elétrica majoritariamente renovável uma posição de liderança global, especialmente no que diz respeito à energia hídrica, é estratégico para que o planeta alcance o objetivo de dobrar a eficiência energética e triplicar a capacidade de fontes renováveis como solar, eólica e hídrica.
“No ano passado, o Brasil demonstrou a capacidade de impulsionar o setor com um acréscimo de mais de nove gigawatts de energias renováveis em sua matriz”, ressaltou após se reunir com o ministro de Minas e Energia, Alexandre Silveira, para tratar de uma agenda comum nos preparativos para a 30ª Conferência das Nações Unidas sobre Mudanças Climáticas (COP30), em novembro, em Belém.
La Camera está em Brasília para uma série de reuniões com o governo federal e outros atores do setor energético para tratar de estratégias de cooperação para a transição energética global.
Por manifestar essa capacidade de liderança, a agência tem incluído o Brasil nos trabalhos de elaboração do relatório sobre as perspectivas de transição para as energias renováveis na América Latina, que deverá ser publicado ainda este ano. O governo federal também tem cooperado na elaboração de estratégias para atrair recursos internacionais para o setor.
“Penso que concordamos em realizar um fórum de investimento no primeiro trimestre do próximo ano, como seguimento da COP 30”, adiantou La Camera sobre a conversa com Silveira.
A cooperação ocorre antes mesmo de o Brasil se tornar membro da agência, já que o processo interrompido no governo anterior foi retomado oficialmente em janeiro deste ano, durante a 15ª Assembleia Geral da Agência Internacional de Energias Renováveis, em Abu Dhabi, nos Emirados Árabes.
O ministro Alexandre Silveira foi convidado a participar de um dos painéis da assembleia geral para apresentar políticas públicas que favoreceram o crescimento das renováveis no Brasil, como o Luz para Todos e o programa Energias da Amazônia, além de novas iniciativas como o Combustível do Futuro.
Na ocasião, Silveira formalizou o convite à agência internacional para secretariar a Coalizão Global para Planejamento da Transição e Segurança Energética, que será liderada pelo Brasil e deverá ser lançada ainda este ano.
“Foi um momento muito importante. Primeiro para o Brasil, que assumiu a posição relevante de liderança política no planejamento de longo prazo da transição energética, com o G20 [grupo das maiores economias globais]. O governo brasileiro elevou um momento técnico em um momento político e nós ficamos muito felizes em aproveitar para trabalhar sob a liderança do Brasil nesta coalizão global”, disse Silveira ao formalizar o convite à Agência Internacional de Energias Renováveis.
O dirigente da agência internacional informou que permanecerá no Brasil até o final da semana para definir mais detalhes sobre a agenda comum com o Brasil para a COP30, na qual haverá um foco para o desenvolvimento do enorme potencial do país para incrementar a produção energética por biomassa.
“Nós vamos considerar a COP30 um sucesso, quando ela produzir um reflexo nas ambições climáticas dos países”, afirmou.";;integral;energia-renovavel;2026-09-21 20:07:05;;
b11477576f3a;Agência Brasil;https://agenciabrasil.ebc.com.br/economia/noticia/2024-11/brasil-e-o-sexto-pais-alcancar-50-gw-de-energia-solar;2024-11-26 15:45:00;Brasil é o sexto país a alcançar 50 GW de energia solar;Desde 2012, a energia solar gerou investimentos de R$ 229,7 bi no Brasil e resultou na arrecadação de R$ 71 bi aos cofres públicos. Essa fonte de energia evitou a emissão de 60,6 milhões de toneladas de gás carbônico.;"O Brasil acaba de superar a marca de 50 gigawatts (GW) de potência instalada operacional de energia solar. O país tornou-se o sexto a alcançar esse nível, juntando-se aos Estados Unidos, China, Alemanha, Índia e Japão.
Os dados foram divulgados nesta terça-feira (26) pela Associação Brasileira de Energia Solar Fotovoltaica (Absolar). Em relação ao tamanho dos sistemas de geração, a produção de energia solar própria por meio de pequenos e médios sistemas lidera com 33,5 GW de potência instalada. As grandes usinas solares representam 16,5 GW.
De janeiro a outubro, foram instaladas 119 usinas solares no país, que adicionaram 4,54 GW de potência elétrica fiscalizada no Brasil. Os dados são do Ministério de Minas e Energia (MME) e da Agência Nacional de Energia Elétrica (Aneel). Por representar a potência efetivamente instalada, a potência fiscalizada é um pouco menor que a potência outorgada pela agência reguladora.
Segundo a Absolar, a fonte solar representa 20,7% da capacidade instalada da matriz elétrica brasileira, estando em segundo lugar entre os sistemas disponíveis e só perdendo para a energia hidrelétrica. Essa divisão considera a potência operacional instalada, não o consumo no sistema elétrico.
De acordo com o Sistema de Informações de Geração da Aneel , a energia solar representa 7,94% da potência elétrica fiscalizada no país. No entanto, esse percentual considera apenas os 16,5 GW produzidos pelas usinas solares.
Desde 2012, informou a Absolar, a energia solar gerou investimentos de R$ 229,7 bilhões no Brasil e resultou na arrecadação de R$ 71 bilhões aos cofres públicos. Essa fonte de energia evitou a emissão de 60,6 milhões de toneladas de gás carbônico no país.
A entidade, no entanto, critica a elevação de 9,6% para 25% do Imposto de Importação sobre insumos e componentes de painéis solares. A medida foi aprovada há duas semanas pelo Comitê Executivo de Gestão da Câmara de Comércio Exterior (Gecex-Camex) .
Para a Absolar, a taxação desestimula os investimentos e compromete o ritmo de crescimento da fonte limpa de energia num momento de transição energética. O Ministério do Desenvolvimento, Indústria, Comércio e Serviços (Mdic) justificou a medida como necessária para fortalecer a indústria local e gerar empregos no Brasil.
Confira o ranking mundial em potência acumulada de energia solar.";;integral;energia-solar;2026-09-21 20:04:18;;
ffd5b032be67;Agência Brasil;https://agenciabrasil.ebc.com.br/economia/noticia/2024-10/brasil-passa-contar-com-plataforma-que-certifica-energia-renovavel;2024-10-29 20:19:00;Brasil passa a contar com plataforma que certifica energia renovável;Segundo o secretário nacional de Energia Elétrica, Gentil Sá, a centralização de dados possibilitará o rastreamento da origem da energia usada como lastro para a emissão de certificados.;"A Câmara de Comercialização de Energia Elétrica (CCEE), uma associação civil sem fins lucrativos responsável pelo comércio de eletricidade no país, lançou nesta terça-feira (29), na capital paulista, a primeira plataforma brasileira que irá centralizar a certificação de energia renovável.
De acordo com a CCEE, o serviço concentrará dados das empresas e entidades certificadoras do país e terá a capacidade, a partir dessas informações, de fazer o rastreamento da origem da energia utilizada. Uma das funções da plataforma será de evitar a dupla certificação da mesma energia.
A Câmara estima que cerca de 93% da eletricidade produzida no Brasil já vêm de fontes como usinas eólicas, solares, hidrelétricas e de biomassa. Em 2021, segundo a CCEE, menos de 2% desta energia renovável era certificada. Em 2022, o percentual avançou para 4% e, em 2023, subiu para 6,9%. De acordo com projeções da Câmara, esse resultado poderia chegar até 50%.
“Vamos contribuir com a atração de investidores, ampliação dos negócios e geração de empregos, além de potencializar a inserção, no mercado internacional, dos produtos verdes brasileiros”, destacou o presidente do Conselho de Administração da CCEE, Alexandre Ramos.
O secretário Nacional de Energia Elétrica do Ministério de Minas e Energia (MME), Gentil Sá, ressaltou que a ferramenta facilitará a posição do país na vanguarda da economia verde.
""É a confiança que o setor energético precisa. Vamos centralizar dados e possibilitar o rastreamento da origem da energia utilizada como lastro para a emissão de certificados. A certificação é uma etapa fundamental para essa valoração. Isso agrega muita credibilidade internacional para a indústria verde do Brasil”, disse Gentil.";;integral;energia-renovavel;2026-09-21 20:07:07;;
4bef2b24bea2;Agência Brasil;https://agenciabrasil.ebc.com.br/internacional/noticia/2023-12/colombia-libera-parceria-de-indigenas-e-empresas-em-energia-renovavel;2023-12-27 09:15:00;Colômbia libera parceria de indígenas e empresas em energia renovável;Presidente Gustavo Petro promete afastar país da produção de petróleo e carvão e aproximá-la de energias renováveis, como solar e eólica.;"A Colômbia permitirá que comunidades indígenas, rurais e outras comunidades minoritárias formem projetos de geração e comercialização de energia renovável e desenvolvam joint ventures com empresas privadas ou com o setor público, disse o Ministério da Energia.
O presidente colombiano, Gustavo Petro, prometeu afastar a Colômbia da produção de petróleo e carvão e aproximá-la de energias renováveis, como a solar e a eólica, mas os atrasos no licenciamento ambiental e a oposição determinada de algumas comunidades indígenas Wayuu na província litorânea de La Guajira, onde muitos dos projetos estão previstos, prejudicaram o desenvolvimento.
Cerca de 70% da energia da Colômbia provém de projetos hidrelétricos, com menos de 1% proveniente de outras energias renováveis. O petróleo e o carvão são as suas principais exportações.
Os grupos participantes dos projetos podem gerar energia a partir de fontes renováveis ou combustíveis renováveis, segundo decreto assinado na sexta-feira (22), mas divulgado pelo ministério na terça-feira (19).
“As comunidades energéticas ou associações de comunidades energéticas podem se associar a terceiros do setor público, privado ou comunitário”, diz o decreto.
Os grupos elegíveis incluem agricultores rurais e comunidades indígenas e afro-colombianas e as comunidades devem primeiro procurar satisfazer as suas próprias necessidades energéticas com os projetos. Se gerarem mais do que necessitam, os grupos podem abastecer a rede nacional ou exportar a energia.
*É proibida a reprodução deste conteúdo.";;integral;energia-renovavel;2026-09-21 20:07:10;;
25812221510f;Agência Brasil;https://agenciabrasil.ebc.com.br/geral/noticia/2023-09/mesa-de-dialogo-com-o-governo-vai-debater-energia-renovavel;2023-09-11 10:41:00;Mesa de diálogo com o governo vai debater energia renovável;Fontes desse tipo de energia respondem por 83,79% da matriz brasileira em operação, com capacidade instalada de pouco mais de 197 gigawatts.;"A Secretaria-Geral da Presidência da República criou, nesta segunda-feira (11), a mesa de diálogo Energia Renovável: direitos e impactos, com o objetivo de articular ações entre o governo federal, a sociedade civil e outros setores diretamente envolvidos na cadeia de produção. A medida foi estabelecida por meio de portaria publicada no Diário Oficial da União .
De acordo com a Agência Nacional de Energia Elétrica (Aneel), as fontes de energia renovável respondem por 83,79% da matriz elétrica brasileira em operação, com capacidade instalada de pouco mais de 197 GW (gigawatts). Atualmente, estão em construção empreendimentos que garantirão a expansão de 18 GW nessa capacidade, sendo em sua maioria, 68,78%, plantas para geração de energia renovável, principalmente solar, 35,81% e eólica, 30,79%.
Além disso, já foi autorizada a expansão de mais 148GW de potência instalada, em empreendimentos que não iniciaram a construção de suas plantas, mas que representarão crescimento de 40,75% da potência instalada na matriz elétrica do país. Dessas plantas, 97,54% são empreendimentos para geração de energia renovável.
Entre as atribuições do grupo está a busca de solução para conflitos e impactos ambientais, fundiários, sociais, econômicos, de saúde e de segurança nas áreas de atuação dos empreendimentos que geram energia renovável. Para isso, também serão mapeadas e sistematizadas tanto a cadeia produtiva nacional quanto a internacional, além do impacto e atuação nas comunidades e territórios do país.
A mesa de diálogo também deverá receber demandas e denúncias relativas ao tema, além de mediar soluções entre as partes envolvidas. O colegiado deverá contribuir com a revisão e propostas de melhoria das normas que regulamentam o setor.
As atividades serão coordenadas pela Secretaria Nacional de Diálogos Sociais e Articulação de Políticas Públicas, que poderá promover seminários, visitas de campo, escutas e diálogos, reuniões temáticas, encontros, audiências públicas e outras atividades presenciais, virtuais ou que ocorram das duas formas.
A identificação de conflitos e o encaminhamento das soluções, assim como as atividades desempenhadas pela mesa temática serão apresentados na forma de relatório anual, ao ministro da Secretaria-Geral da Presidência da República. As ações deverão seguir princípios e diretrizes baseados na preservação dos direitos humanos, na participação das partes interessadas e no acompanhamento das soluções pactuadas para que sejam efetivamente implementadas.";;integral;energia-renovavel;2026-09-21 20:07:12;;
ee0bf390834f;Agência Brasil;https://agenciabrasil.ebc.com.br/economia/noticia/2023-08/geracao-distribuida-aumenta-no-pais-e-reduz-valor-de-contas-de-energia;2023-08-05 18:38:00;Geração Distribuída aumenta no país e reduz valor de contas de energia;Brasil tem mais de 3 milhões de unidades consumidoras que utilizam a geração própria de energia, sendo 98% de solar.;"A capacidade em geração própria de energia elétrica, também chamada de Geração Distribuída (GD), atingiu no Brasil o volume de 23 gigawatts (GW). A energia solar responde por mais de 98% do total em GD, que inclui ainda a eólica, a biomassa e outros tipos de energia. Conforme a Associação Brasileira de Geração Distribuída (ABGD), o Brasil faz parte do grupo dos dez maiores produtores de energia solar do mundo. A previsão para este ano é um investimento do setor de cerca de R$ 38 bilhões e chegar até dezembro com 26GW de potência gerada.
Dados da ABGD indicam que atualmente o país já tem mais de 3 milhões de unidades consumidoras (UC’s) que utilizam a geração própria de energia. Conforme a entidade, cada UC representa uma residência, um estabelecimento comercial ou outro imóvel abastecido por micro ou mini usinas, todas elas utilizando fontes renováveis.
A extensão territorial e as condições climáticas do Brasil têm favorecido o crescimento da geração distribuída com a instalação de sistemas fotovoltaicos em residências, comércios e indústrias. Avanços tecnológicos e incentivos do poder público também têm tornado a geração distribuída cada vez mais atrativa. Essa evolução tem resultado em queda nos custos para a compra dos equipamentos, instalação e manutenção.
“Quanto maior o número de interessados, de empresas que estão no Brasil e de distribuidoras de equipamentos, isso aumentou muito o número de pessoas fazendo instalação. Isso tudo ao longo do tempo ajudou a ter um preço mais competitivo”, afirmou o presidente da ABGD, Guilherme Chrispim, em entrevista à Agência Brasil.
Conforme o professor de engenharia elétrica do Instituto Alberto Luiz Coimbra de Pós-Graduação e Pesquisa de Engenharia (Coppe), da Universidade Federal do Rio de Janeiro (UFRJ), Djalma Falcão, a primeira resolução da Agência Nacional de Energia Elétrica (Aneel) para a GD foi em 2012, mas somente em 2016 a procura começou a aumentar, com crescimento muito rápido.nos últimos três ou quatro anos.
Além de ser um tipo de energia mais limpa e de fonte renovável, a economia é outro fator que desperta o interesse de consumidores e empreendedores e tem permitido o avanço do setor. Chrispim citou a redução de gastos que ele próprio teve em casa depois que instalou o sistema. “Antes de ter o sistema eu tinha uma fatura média mensal na faixa de R$ 800, às vezes um pouco mais nos meses de inverno, hoje a média na minha fatura é em torno de R$120. É muito!”, informou, acrescentando que em alguns estados a diferença pode ser ainda maior com a isenção de impostos sobre a energia.
“Quem determina isso é a legislação tributária de cada estado. Tem estado que cobra o ICMS sobre a energia. Minas Gerais, por exemplo, não cobra. Dá uma diferença em alguns casos em função disso, de cobranças que alguns estados isentaram. Em alguns estados você tem uma maior compensação da energia que está gerando”, destacou Chrispim.
Para fazer chegar a geração própria de energia elétrica a outra parcela da população, a ONG Revolusolar, criada há sete anos, desenvolve projetos em comunidades, como a da Babilônia, na zona sul do Rio. Lá, atualmente 34 famílias participam do programa, entre elas a de Bruna Santos, que é presidente da Cooperativa de energia renovável Percília e Lúcio, fundada em janeiro de 2021.
A Revolusolar instalou uma usina na comunidade e a perspectiva, segundo a presidente, é que até o fim do ano o número de usinas seja ampliado chegando a 100 famílias incluídas neste tipo de fornecimento de energia.
“Hoje nós estamos com uma usina em funcionamento, uma em homologação e três em preparo para funcionamento. Até o final de 2023 nós estaremos com quatro usinas em operação. Atualmente são 34 casas e a ideia é expandir para até o final do ano alcançar 100 famílias beneficiadas”, contou Bruna à Agência Brasil.
As 34 famílias que já participam do programa, de acordo com a presidente, foram escolhidas por meio de uma chamada realizada pela Revolusolar para a inscrição de interessados em integrar o projeto. Agora, para a ampliação de cooperados, novamente haverá uma chamada pela ONG. “Eles vão entrando na medida em que há possibilidade. Agora, com a segunda usina, vai entrar um outro grupo e vamos fazer uma nova chamada à medida em que as pessoas vão se inscrevendo e que tenha capacidade de incluí-las na usina, assim é feito”, informou Bruna.
Uma pesquisa realizada no ano passado revelou em que as pessoas incluídas no projeto estavam investindo o valor da redução nas contas. “Algumas têm revertido para alimentação, que estava complicada. As pessoas tinham que escolher entre pagar a conta de luz ou comer e agora está dando para comprarem mais comida. Tem algumas pessoas que destinam para o lazer, umas outras para comprar medicamentos. Então, as pessoas têm conseguido equilibrar o orçamento”, disse a presidente da Cooperativa.
Para Bruna, o desenvolvimento do projeto representa uma mudança para os moradores da Babilônia e a democratização da energia solar. A primeira instalação na comunidade foi em 2018 na Escolinha Tia Percilia.
O diretor executivo da Revolusolar, Eduardo Ávila, disse que o projeto é realizado em parceria com os moradores, lideranças da comunidade e parceiros técnicos de fora. Além da geração própria de energia, capacita moradores para o uso dos sistemas. “Ali foi criada a primeira cooperativa em energia solar em favelas do Brasil. Para ter autonomia e autossuficiência na comunidade também tem o programa de formação profissional de eletricistas solares para fazer a instalação e manutenção dos sistemas, além de atividades de educação e cultura com as crianças e a comunidade como um todo para participar desse processo”, revelou à reportagem.
Eduardo Ávila informou que recentemente a Revolusolar está replicando o modelo para outras comunidades como a Maré e Cidade Nova, no Rio, e para outros estados como São Paulo, Minas Gerais e Espírito Santo, além de uma comunidade indígena no Amazonas, para fazer com que mais instituições e comunidades também recebam este benefício da revolução solar, completou.
Para saber o sistema necessário, o primeiro passo do consumidor é contratar um instalador ou integrador, profissional que vai avaliar de acordo com a demanda de energia, qual deve ser o tamanho do sistema que será usado. Se for menor que a demanda, a diferença terá que ser suprida pela distribuidora e no lugar de crédito, o consumidor terá uma fatura a pagar. Mas o contrário pode ocorrer e instalar uma capacidade maior, caso o consumidor esteja pensando em fazer mais uso de energia no futuro. O cálculo do profissional é feito com base na média anual de consumo.
“É como um consumo qualquer, por exemplo, de água. O sistema a ser feito vai considerar o seu consumo, quantas pessoas têm na casa. Enfim, a ideia é que fique muito próximo a sua geração do consumo mensal”, concluiu o presidente da ABGD.
Até mesmo em um prédio com vários moradores o sistema pode ser instalado. Os créditos são passados aos condôminos, que neste caso, terão os CPFs registrados. O professor esclareceu que à noite, quando não é possível produzir a energia nestes sistemas pela falta de sol, o consumidor tem o fornecimento feito pelas distribuidoras. No entanto, no resto do dia pode consumir da quantidade que produz.
“É o sistema de crédito. É uma troca. Se a pessoa produzir mais do que consome ela não ganha nada porque não pode vender essa energia, agora se produzir menos do que consome tem que pagar à distribuidora”, pontuou Falcão em entrevista à Agência Brasil.
Os custos com investimento variam conforme a quantidade necessária de energia e dos impostos cobrados pelo estado em que o sistema for instalado. Chrispim calculou que uma família de quatro pessoas, em média, dependendo da situação climática do estado, pode consumir aproximadamente 600kw/h por mês e por isso precisará de um sistema 5k ou 6k (equivalente a 6 mil watts). “Os custos diminuíram nos últimos meses, o sistema vai ficar em torno de R$18 mil”, contou, acrescentando que já tem muitos bancos, tanto públicos como privados, oferecendo linhas de financiamento para sistemas fotovoltaicos aos interessados.
Chrispim chamou atenção para a comparação com a capacidade instalada da geração distribuída com a oferecida pela Usina Hidrelétrica de Itaipu. Enquanto na geração distribuída é atualmente de 23 gigawatts, Itaipu está em 14 gigawatts. “Dá para dizer que quase todos os municípios do Brasil têm, pelo menos, uma usina de geração distribuída”, revelou, observando que geralmente a instalação é em telhados dos imóveis.
Segundo Djalma Falcão, a previsão é que em dois anos a capacidade da GD espalhada em telhados de casas e de prédios do Brasil vai superar em mais de duas vezes a da Usina de Itaipu, que é a maior do país. “É uma coisa significativa e inclusive começa a trazer preocupações para o Operador Nacional do Sistema [ONS], porque é muito mais difícil controlar essa geração espalhada do que em uma usina concentrada. O operador está tentando melhorar as suas técnicas operativas para levar em consideração esse novo tipo de geração que vem crescendo”, alertou.
Falcão ressaltou a importância da geração distribuída para a transição energética do Brasil. “Sem dúvida [contribui], porque a maior parte dessa geração é fotovoltaica com emissão zero, então é uma fonte renovável e aumenta ainda mais a nossa porcentagem de energia renovável no sistema elétrico. Então, ela é positiva para a transição energética”, avaliou, acrescentando que no momento a GD cresce mais do que as outras fontes renováveis, mas a tendência é que no horizonte de quatro anos se estabilize e as grandes usinas de solar e eólica avancem mais com o aumento da demanda.";AM,MG,ES,RJ,SP;integral;energia-solar-1;2026-09-21 20:03:14;;
6c43efa7938b;Agência Brasil;https://agenciabrasil.ebc.com.br/educacao/noticia/2023-07/ufrj-promove-competicao-de-barcos-movidos-energia-solar;2023-07-30 08:45:00;UFRJ promove competição de barcos movidos a energia solar;Edição da DSB em Niterói conta com 21 embarcações de equipes do Rio de Janeiro, Santa Catarina, Amazonas, Espírito Santo, Pará e São Paulo. Elas se enfrentarão em sete provas.;"A 16ª edição do Desafio Solar Brasil Enel (DSB), competição de barcos movidos à energia solar, acontece de 31 de julho e 6 de agosto, na Praia de Icaraí, em Niterói, região metropolitana do Rio de Janeiro, com uma mensagem clara: o futuro sustentável é conduzido por energias limpas.
Promovido pelo Núcleo Interdisciplinar para o Desenvolvimento Social (Nides) da Universidade Federal do Rio de Janeiro (UFRJ), o DSB é um projeto de extensão universitária que estimula o desenvolvimento e aplicações de fontes alternativas de energia em embarcações, por meio do esporte e educação em tecnologia e meio ambiente. O projeto tem apoio da Lei Estadual de Incentivo ao Esporte.
Em entrevista à Agência Brasil , o coordenador de planejamento do projeto, Ricardo Bogéa, ressaltou que o evento de extensão faz com que os alunos coloquem seu aprendizado em prática, aplicando seus conhecimentos em situações reais.
“Eles vão aprender na realidade, não somente preparar a embarcação. Considero fundamental para a formação dos alunos o envolvimento na logística, organização, equipe, orçamento e também a competitividade, para que se tenham um melhor desempenho perante as demais equipes”, explica o professor.
Para Bogéa, ainda há muitos desafios na área de desenvolvimento na tecnologia de energia solar em embarcações. “Percebemos que, no decorrer desses anos todos, as embarcações têm tido melhorias de desempenho e velocidade. Temos visto que as equipes têm se organizado mais rápido que imaginávamos, nesta retomada após a pandemia”.
A expectativa de Bogéa é a consolidação da classe de barcos movidos à energia solar, estimulando, com isso, a participação de representantes estrangeiros no projeto e a criação de um congresso que reúna instituições de ensino, administração pública e empresas para dialogarem sobre temas como energias renováveis, educação de ciências e outras tecnologias, meio ambiente, transição energética, veículos elétricos e tecnologia social.
Essa edição da DSB conta com 21 embarcações de equipes do Rio de Janeiro, Santa Catarina, Amazonas, Espírito Santo, Pará e São Paulo. Eles se enfrentarão em sete provas. A premiação da regata contempla as três equipes que obtiverem as melhores pontuações no somatório de provas. No entanto, o reconhecimento não se limita apenas ao desempenho na água. As equipes que se destacarem na produção de vídeos e pôsteres concorrem a prêmios especiais dedicados ao esforço de divulgação científica, mostrando a importância de disseminar o conhecimento sobre tecnologias sustentáveis.
O aluno de engenharia elétrica da Universidade Federal Fluminense (UFF) Daniel Mariano disse à Agência Brasil que, este ano, sua equipe, a Araribóia, pretende vencer depois de subir ao pódio em 2020 e 2022. Ele reconhece, no entanto, que terão que se esforçar, pois o nível da competição subiu. “Com um maior número de equipes participantes, mais bem preparadas e competitivas, a esperança é que a gente consiga o pódio”.
Mariano, que atua na parte elétrica da equipe, adiantou que este ano terão uma embarcação totalmente nova, com novos painéis fotovoltaicos flexíveis que geram a mesma quantidade de energia, sendo mais leves que os antigos, que eram rígidos, feitos em vidro e alumínio.
Segundo Bogéa, este ano 20 polos de inovação nacionais, incluindo universidades, institutos federais e escolas navais, se uniram para projetar o destino das tecnologias náuticas dentro da responsabilidade ambiental. Instituições como a Universidade Federal do Rio de Janeiro (UFRJ), a Universidade Federal Fluminense (UFF), a Universidade de São Paulo (USP), a Universidade Federal de Santa Catarina (UFSC), a Universidade Federal do Pará (UFPA), o Centro Federal de Educação Tecnológica Celso Suckow da Fonseca (Cefet), Instituto Federal de Educação, Ciência e Tecnologia Fluminense (IFFs), entre outras, se destacam nesse cenário de inovação sustentável.
Além das competições, o Desafio Solar Brasil Enel 2023 terá uma programação de palestras, workshops, exposição de trabalhos acadêmicos, mostra de vídeos, atrações culturais de artistas locais e minicursos gratuitos abertos ao público, uma experiência de imersão no mundo da sustentabilidade e inovação tecnológica, no Clube Central em Icaraí.
Os temas das discussões incluem descarbonização, transição energética, economia circular e materiais compósitos, nitrogênio verde, tecnologia social e tecnologia embarcada.
A líder de gestão do projeto DSB, Júlia Fernandes, adiantou à Agência Brasil que sua equipe está visitando escolas públicas de Niterói para a divulgação do evento, e convidando estudantes do ensino fundamental e médio para participarem do evento, com o objetivo de incentivar os estudantes a buscar o ensino superior, ir cada vez mais longe e entrar na universidade para participar de um projeto como o DSB.
“Com essa ação, queremos mostrar aos jovens que eles têm possibilidade de um ensino mais forte na área de tecnologia de energias renováveis, e levar esse ensinamento para o seu dia a dia. Temos como meta apresentar a energia solar como um ensinamento que eles podem levar para o seu dia a dia"", disse Júlia.
* Estagiário sob supervisão de Akemi Nitahara";AM,PA,ES,RJ,SP,SC;integral;energia-solar;2026-09-21 20:04:21;;
ec8ac1792d89;Agência Brasil;https://agenciabrasil.ebc.com.br/economia/noticia/2023-03/energia-solar-tera-isencao-fiscal-para-semicondutores;2023-03-29 17:38:00;Geração de energia solar terá isenção fiscal para placas fotovoltaicas;Foram zerados quatro tributos para a produção de chips e semicondutores do setor. Com isso, governo abre mão de arrecadar R$ 600 milhões este ano.;"Após bater recorde de geração em 2022 , a energia solar ganhou um incentivo para atrair mais consumidores em 2023. Decreto publicado nesta quarta-feira (29) no Diário Oficial da União incluiu as placas fotovoltaicas no programa de isenção fiscal para semicondutores.
Criado em 2007, o Programa de Apoio ao Desenvolvimento Tecnológico da Indústria de Semicondutores (Padis) zera quatro tributos – Imposto de Importação, Imposto sobre Produtos Industrializados (IPI), Programa de Integração Social (PIS) e Contribuição Social sobre o Lucro Líquido (Cofins) – sobre a produção de chips e de semicondutores. Neste ano, o governo abrirá mão de arrecadar R$ 600 milhões.
Segundo o Ministério do Desenvolvimento, Indústria, Comércio e Serviços (MDIC), o Padis tem se mostrado fundamental para a fabricação de diversos dispositivos eletrônicos, como smartphones, computadores, televisores e sistemas de automação industrial. A pasta ressalta que os semicondutores e os componentes microeletrônicos são necessários para garantir a viabilidade da Indústria 4.0 (indústria adaptada à revolução tecnológica).
A indústria de semicondutores no Brasil tem faturado mais de R$ 3 bilhões por ano, correspondendo a apenas 0,2% da oferta mundial desses componentes. Em 2019, último ano com dados fechados disponíveis, o investimento em pesquisa e desenvolvimento no setor atingiu R$ 90,2 milhões, e os produtos fabricados pelo Padis geraram o recolhimento de R$ 59,2 milhões em tributos federais.
Segundo o MDIC, a ampliação do programa para a indústria de painéis solares impulsionará a produção de semicondutores e a geração de empregos de qualidade em diferentes estados. Para a pasta, o aumento da indústria de semicondutores poderá estimular a inovação em outras áreas, como inteligência artificial e computação em nuvem. Em relação à energia solar, o ministério destaca que o Padis elevará os investimentos em infraestrutura verde e em novas usinas de energia limpa em várias regiões do país.";;integral;energia-solar-1;2026-09-21 20:03:16;;
1a5f27a60321;Agência Brasil;https://agenciabrasil.ebc.com.br/geral/noticia/2023-03/especialistas-divergem-sobre-uso-da-energia-nuclear-no-brasil;2023-03-24 10:02:00;Especialistas divergem sobre uso da energia nuclear no Brasil;O presidente da Associação para o Desenvolvimento de Atividades Nucleares, Celso Cunha, defende a matriz energética, mas o doutor em energética Heitor Scalabrini aponta desvantagens.;"Na última semana, a Eletronuclear, estatal brasileira responsável pela geração de energia nuclear no país, foi multada pelo Instituto Brasileiro de Meio Ambiente e Recursos Naturais Renováveis (Ibama). O motivo da autuação foi o despejo, pela usina Angra 1, de água contaminada com substâncias radioativas no mar, em setembro do ano passado.
O incidente, que virou alvo de ação civil pública do Ministério Público Federal (MPF), na última terça-feira (21), reacende o debate sobre os custos e benefícios da geração de energia elétrica por meio de termelétricas nucleares no país. A Agência Brasil ouviu especialistas favoráveis e contrários ao uso desta matriz energética no país.
As duas usinas nucleares brasileiras (Angra 1 e 2) respondem por cerca de 2% da geração de energia elétrica produzida no país. Nesta semana, a Eletronuclear, estatal responsável pela administração das usinas de Angra, no Rio de Janeiro , divulgou uma nota informando que Angra 1 havia batido seu recorde de geração de energia em um mês, atingindo 485 gigawatts-hora (GWh) em janeiro deste ano.
Em 2022, Angra 1 gerou 4.872 GWh, enquanto sua irmã Angra 2 produziu 9.686 GWh. No total, ambas geraram 14.558 GWh que, segundo a Eletronuclear, seria o suficiente para abastecer toda a região Centro-Oeste.
Há, ainda, a previsão de dobrar a produção até 2031, com a inclusão de duas novas usinas no parque gerador no país.
Uma delas, Angra 3, com capacidade instalada de 1,4 GW, está em construção, com 65% das obras concluídas e previsão de entrada em operação em 2028. Outra usina deverá ter 1 GW de potência até 2031, segundo o Plano Decenal de Energia 2022/2031, divulgado no ano passado.
Segundo o presidente da Associação Brasileira para o Desenvolvimento de Atividades Nucleares (Abdan), o engenheiro eletricista Celso Cunha, a energia nuclear é uma fonte importante para manter a estabilidade da oferta e garantir a segurança do abastecimento.
Isso porque fontes de energias renováveis, como a hidrelétrica, eólica e solar dependem do clima para que possam abastecer o sistema elétrico nacional.
“Elas [ as usinas nucleares ] estão sempre ali, com capacidade de produção contínua, independentemente se chove mais ou se chove menos, se venta ou se faz sol. Elas garantem uma estabilidade do sistema”, afirma Cunha.
Segundo ele, além de garantir a estabilidade do sistema, as usinas nucleares – que são um tipo de termelétrica que usa o urânio como combustível –, também são uma fonte de energia limpa, porque não emitem gases do efeito estufa em seu processo de geração, diferente de outras térmicas como aquelas que usam carvão, óleo ou gás natural como combustíveis.
Além disso, ele aponta que as nucleares têm um fator de aproveitamento do potencial gerador melhor do que as eólicas e solares, ou seja, elas conseguem produzir mais energia em relação à capacidade nominal da usina.
Cunha também define como ponto positivo, a possibilidade de construí-las próximas aos centros consumidores de energia, evitando custos elevados com linhas de transmissão.
O doutor em energética e professor aposentado da Universidade Federal de Pernambuco (UFPE) Heitor Scalambrini Costa, no entanto, discorda da avaliação da Abdan. Para ele, o Brasil não precisa de usinas nucleares, pois é possível abastecer o país com fontes como energia eólica, hidrelétrica e solar.
“O Brasil, com toda sua diversidade, de água, sol, vento e biomassa, realmente não precisa de uma fonte tão polêmica. O argumento de que as energias eólica, solar e outras fontes seguem ciclos naturais, é inconsistente, do ponto de vista técnico. É possível fazer sistemas híbridos, complementares. Se, à noite, você não tem o sol para fornecer energia, aqui no Nordeste, em particular, os ventos são mais fortes durante a noite. No Sul, se você tem um período de poucas chuvas, é o período que coincide com a colheita da cana, em que você pode queimar o bagaço e produzir energia elétrica”.
Além disso, segundo ele, dizer que a energia nuclear é limpa é um mito, já que os processos de produção do combustível emitem gases do efeito estufa.
Há ainda uma questão mais grave, que é a destinação do combustível já usado, o chamado lixo nuclear, que continua emitindo radiação durante anos e apresenta um risco para os seres humanos e o meio ambiente, segundo Scalambrini.
Para Celso Cunha, no entanto, esse combustível não é lixo e pode ser reutilizado, através de um reprocessamento. Segundo ele, o Brasil decidiu não fazer uso desse material, mas poderia gerar recursos vendendo para países que fazem o reprocessamento, como a França e o Japão.
Scalambrini diz que esse resíduo é ainda mais perigoso que o combustível novo, já que contém plutônio e pode ser usado militarmente na produção de bombas atômicas sujas.
Outro ponto destacado por Scalambrini é o risco de acidentes nucleares, como aconteceu em Chernobyl e Fukushima. Para ele não há como garantir que não ocorram novos acidentes, por mais avançados que sejam a tecnologia e os protocolos de segurança.
Já Cunha afirma que os acidentes foram pontuais e explica: Chernobyl aconteceu em uma época em que os protocolos de segurança não eram tão exigentes quanto hoje e Fukushima foi vítima de uma sucessão de incidentes derivados de um terremoto e um consequente tsunami.
Scalambrini explica ainda que a geração da energia nuclear é cara, o que impacta no seu custo.
Para Cunha, no entanto, o custo deve ser analisado sob o ponto de vista de estabilidade já que, apesar de ser mais cara, a energia nuclear garantiria a oferta da energia.
A Abdan aposta que os pequenos reatores nucleares representam o futuro da geração de energia termelétrica nuclear.
Os pequenos reatores também prometem resolver o problema de inflexibilidade da quantidade de energia das grandes usinas nucleares, já que eles permitem aumentar e reduzir carga mais rapidamente do que grandes reatores.
Segundo Cunha, por isso, os pequenos reatores podem ser complementares aos parques geradores eólicos e solares. “Você pode trabalhar junto com a solar e eólica e compensar a flutuação que existe”.
Scalambrini diz que esses pequenos reatores apresentam os mesmos riscos que os grandes reatores, incluindo os resíduos radioativos e a possibilidade de acidentes.
Sobre a construção de Angra 3, que se arrasta por quatro décadas, os dois especialistas também divergem. Cunha diz que o custo para a conclusão da obra está hoje em torno de R$ 21 bilhões. No entanto, segundo ele, suspender as obras e desmontar a estrutura já construída custaria algo em torno de R$ 15 bilhões.
“Não tem o menor sentido você paralisar aquilo. O custo daquela energia não será o custo de uma obra normal. É uma obra que já parou três vezes. Esse é o custo Brasil, da famosa ponte que você constrói mas não tem a cabeceira nem a estrada. Você precisa de continuidade: começo, meio e fim”, afirma Cunha, que defende que o governo ceda espaço à iniciativa privada na geração de energia nuclear.
Já Scalambrini defende a paralisação das obras de Angra 3 e que a estrutura já erguida seja desmontada. Segundo ele, isso não custará tanto, uma vez que a usina nunca entrou em operação e, por isso, não precisará ser descontaminada.
Além disso, ele defende que seja estabelecido um cronograma para que as usinas de Angra 1 e 2 sejam desativadas.
Segundo ele, é importante que o governo envolva a sociedade na discussão sobre os rumos da matriz energética no futuro,.
A Agência Brasil entrou em contato com o Ministério de Minas e Energia para saber sobre dos planos do novo governo em relação à energia nuclear, mas não obteve resposta.";PE,RJ;integral;energia-solar-1;2026-09-21 20:03:19;;
aaf99217a8dd;Agência Brasil;https://agenciabrasil.ebc.com.br/economia/noticia/2023-02/energia-solar-ultrapassa-25-gw-e-alcanca-116-da-matriz-eletrica;2023-02-11 10:24:00;Energia solar ultrapassa 25 GW e alcança 11,6% da matriz elétrica;Levantamento considera tanto as usinas solares de grande porte, como os sistemas de geração própria de energia em telhados, fachadas e pequenos terrenos.;"O Brasil ultrapassou a marca de 25 gigawatts (GW) de potência de energia solar em fevereiro, divulgou a Associação Brasileira de Energia Solar Fotovoltaica (Absolar). O levantamento considera tanto as usinas solares de grande porte, como os sistemas de geração própria de energia em telhados, fachadas e pequenos terrenos.
De acordo com Absolar, a energia solar já equivale a 11,6% da matriz elétrica do país. O setor atravessa um crescimento exponencial. De fevereiro do ano passado para este mês, a potência ligada à energia solar saltou de 14,2 GW para 25 GW, com alta de 76%. Desde julho do ano passado, a potência de geração solar instalada no país tem crescido em média, 1 GW por mês.
Desde 2012, segundo a entidade, os investimentos em fonte solar de energia somaram R$ 125,3 bilhões e gerou cerca de R$ 39,4 bilhões em arrecadação aos cofres públicos. Em cerca de dez anos, o setor gerou 750,2 mil empregos acumulados e evitou a emissão de 33,4 milhões de toneladas de gás carbônico (CO2) na geração de eletricidade.
A produção de energia elétrica concentra-se nos pequenos usuários. Atualmente, 17,2 GW são produzidos no sistema de geração própria (em casa ou em terrenos próprios). As grandes usinas solares têm potência de 7,8 GW.
O mesmo ocorre com os investimentos e o emprego. Desde 2012, o segmento de geração própria gerou 517,2 mil empregos no Brasil e R$ 88,4 bilhões em investimentos. As usinas de grande porte criaram 233 mil empregos acumulados no país e foram responsáveis por R$ 36,9 bilhões em investimentos.
Segundo a Absolar, as perspectivas para a energia solar no Brasil são favoráveis. O país pode usar um dos maiores recursos solares do planeta para produzir hidrogênio verde (hidrogênio produzido sem combustíveis fósseis). Esse cenário, no entanto, depende da ampliação dos investimentos.
A associação cita estudo da consultoria Mckinsey, segundo o qual o Brasil precisará receber investimentos de US$ 200 bilhões até 2040 para ter uma nova matriz elétrica dedicada à produção de hidrogênio verde. Os recursos deverão ser aplicados nos seguintes itens: geração de eletricidade, linhas de transmissão, usinas de produção do combustível e estruturas associadas como portos, dutos e armazenagem.";;integral;energia-solar-1;2026-09-21 20:03:21;;
d84de66db302;Agência Brasil;https://agenciabrasil.ebc.com.br/geral/noticia/2023-02/mme-instala-placas-solares-nas-comunidades-yanomami-em-roraima;2023-02-06 21:30:00;MME instala placas solares em comunidades yanomami em Roraima;Os equipamentos já foram instalados nas comunidades Walo Pali e Palimiu. Nesta semana, está prevista a instalação nos polos de Serra da Estrutura, Auaris, Surucucu e Xexena.;"O Ministério de Minas e Energia (MME) informou nesta segunda-feira (6) que foram instaladas, no último final de semana, placas solares com bateria nas comunidades Walo Pali e Palimiu, que integram a Terra Indígena Yanomami, em Roraima, o que irá reforçar o fornecimento de energia na região.
Nesta semana, está prevista a instalação nos polos de Serra da Estrutura, Auaris, Surucucu e Xexena.
A medida integra as ações que vêm sendo adotadas pelo governo federal para socorrer o povo indígena yanomami, que enfrenta uma crise humanitária.
O sistema de geração de energia solar é o equipamento ideal para atender localidades isoladas. O equipamento inclui baterias, que garantem o fornecimento de energia elétrica diretamente à unidade consumidora, sem necessidade de conexão à rede elétrica.
De acordo com o MME, as instalações são feitas pela Eletrobras e a distribuidora Roraima Energia, no âmbito do Programa Mais Luz para a Amazônia.";RR;integral;energia-solar-1;2026-09-21 20:03:24;;
4395d0dd363a;Agência Brasil;https://agenciabrasil.ebc.com.br/economia/noticia/2022-12/uso-de-energia-solar-cresce-no-pais-com-19-gw-de-potencia-instalada;2022-12-25 16:01:00;Uso de energia solar cresce no país, com 19 GW de potência instalada;Setor, que vem crescendo no Brasil, já ocupa 3º lugar em geração de energia, perdendo apenas para eólica e elétrica. Capacidade pode dobrar até o início do ano.;"A média de economia, quando se utiliza a energia solar em substituição à elétrica, chega a até 90%. A estimativa é da Associação Brasileira de Energia Solar Fotovoltaica (Absolar).
O setor, que vem crescendo muito no Brasil, já ocupa o 3º lugar em geração de energia, perdendo apenas para eólica e elétrica.
O país ultrapassou a marca de 19 gigawatts (GW) de potência instalada da fonte solar fotovoltaica. Desse total, 13 são de potência instalada em telhados, fachadas e pequenos terrenos. O restante corresponde às usinas de grande porte.
O número é considerado histórico pelo setor e, com base neles, a Confederação Nacional da Indústria (CNI) estima que a capacidade instalada poderá dobrar até o início do ano que vem.
O presidente da Absolar, Rodrigo Sauaia, disse que os crescentes reajustes nas contas de luz e a redução dos custos para instalação das placas fotovoltaicas explicam o crescimento desse tipo de energia no país.
A energia solar é considerada uma fonte limpa, que não produz resíduo ou poluição. Segundo a Absolar, essa  energia evitou a emissão de quase 28 milhões de toneladas de CO2 (dióxido de carbono) na geração de eletricidade.
O custo de instalação, no entanto, não é baixo. Para residências, o preço médio é de R$ 25 mil e para indústrias, de até R$ 200 mil. Sauaia afirmou ainda que esses valores devem cair. Como a redução nas contas mensais é alta, o investimento é recuperado em poucos anos.
Desde 2012, de acordo com dados da Absolar, a energia solar garantiu R$ 10 bilhões em novos investimentos no Brasil, além de 640 mil empregos. A arrecadação aos cofres públicos foi de quase R$ 40 bilhões.";;integral;energia-solar-1;2026-09-21 20:03:26;;
05f21f153ade;Agência Brasil;https://agenciabrasil.ebc.com.br/economia/noticia/2022-12/banco-do-brasil-inaugura-quatro-usinas-solares-neste-mes;2022-12-25 13:24:00;Banco do Brasil inaugura quatro usinas solares neste mês;Novas usinas podem gerar até 23 megawatt pico (MWp), unidade que representa a capacidade máxima instalada em condições climáticas favoráveis e gerarão economia de R$ 102,5 milhões em 15 anos de contrato.;"Em vigor desde 2020, a geração própria de energia solar pelo Banco do Brasil (BB) ganhou impulso neste mês, com a inauguração de quatro usinas de energia fotovoltaica. Os empreendimentos ficam em Xique-Xique, na Bahia, Rio Paranaíba, em Minas Gerais, Loanda, no Paraná, e Lins, em São Paulo, e foram construídos pela empresa do setor energético EDP. Segundo o BB, as novas usinas podem gerar até 23 megawatt pico (MWp), unidade que representa a capacidade máxima instalada em condições climáticas favoráveis e gerarão economia de R$ 102,5 milhões em 15 anos de contrato. As quatro plantas compensarão o consumo energético de 365 agências e farão o banco deixar de emitir cerca de 3 mil toneladas de gás carbônico na atmosfera por ano. Com as novas plantas, o BB já opera sete usinas de energia solar. As duas primeiras foram inauguradas em 2020 , em Porteirinhas, Minas Gerais e em São Domingos do Araguaia, no Pará. Outra usina foi inaugurada neste ano em Naviraí, Mato Grosso do Sul. O projeto continuará em expansão nos próximos anos. O BB tem mais 22 usinas fotovoltaicas em fase de contratação ou em construção. Segundo a instituição financeira, quando todas as 29 plantas estiverem em operação, a energia gerada compensará o consumo de cerca de 1,4 mil agências. Em outubro, as duas primeiras usinas solares do BB ultrapassaram a marca de 30 gigawatts-hora em geração de energia, desde o início da operação. Isso equivale a um volume suficiente para iluminar uma cidade de 150 mil residências por um mês inteiro. Produzida no modelo de geração distribuída, a energia entra no sistema das distribuidoras locais, sendo abatida como crédito na conta de luz do Banco do Brasil.
O projeto de geração de energia fotovoltaica tem contrapartidas sociais. As empresas contratadas desenvolvem ações de benefício às comunidades locais, como plantio de árvores e instalação de placas fotovoltaicas em entidades sociais. A modalidade de geração distribuída traz ganhos para a região das usinas, como a criação de empregos diretos e indiretos, o aumento da arrecadação de tributos no município e a melhoria da rede de energia. Além das usinas solares, o BB tem um projeto de energia limpa para os grandes prédios. O banco migrou 61 edifícios para o mercado livre de energia, modelo que prevê a compra certificada de energia de fontes 100% renováveis. A instituição pretende migrar mais quatro prédios nos próximos meses.";PA,BA,MG,SP,PR,MS;integral;energia-solar-1;2026-09-21 20:03:29;;
46ec3132fe43;Agência Brasil;https://agenciabrasil.ebc.com.br/economia/noticia/2022-10/fernando-de-noronha-vai-ganhar-usina-solar-flutuante;2022-10-31 17:33:00;Fernando de Noronha vai ganhar usina solar flutuante;Processo de licitação ainda não foi concluído, mas investimento previsto é superior a R$ 10 milhões. Usina será instalada no espelho d’água do Açude do Xaréu e deverá entrar em operação no segundo semestre de 2023.;"Uma usina solar fotovoltaica flutuante será instalada pela empresa Neoenergia no espelho d’água do Açude do Xaréu, no arquipélago de Fernando de Noronha. O açude tem área de cerca de 4.400 metros quadrados e pertence à Companhia Pernambucana de Saneamento (Compesa), maior consumidora de energia da ilha.
“Eles consomem 18% da energia da nossa usina de Noronha. Colocando essa nova usina no espelho d’água, nós vamos economizar 50% do consumo da Compesa. É importante porque isso vai reduzir a geração na ilha e, portanto, terá reflexos na parte ambiental de Noronha”, disse hoje (31) à Agência Brasil a superintendente de Eficiência Energética da Neoenergia, Ana Christina Mascarenhas.
Segundo ela, o objetivo é reduzir o consumo do arquipélago que utiliza em grande medida o diesel, um combustível poluente.
A usina solar flutuante contribuirá também para a descarbonização e a sustentabilidade em Fernando de Noronha, promovendo redução de 1.663 toneladas de gás carbônico (CO2) emitidos anualmente no arquipélago, que é reconhecido pela Organização das Nações Unidas para a Educação, a Ciência e a Cultura (Unesco) como Patrimônio Natural da Humanidade. O consumo médio da ilha é de 2.300 megawatts-hora (MWh) por mês.
A nova usina terá investimento superior a R$ 10 milhões, estimou Ana Christina. Sua entrada em operação é prevista para o segundo semestre de 2023. O processo de licitação ainda não foi concluído e está recebendo propostas para construção da nova planta, que terá potência de cerca de 630 quilowatt-pico (kWp) e uma geração estimada de 1.238 MWh por ano. Ana lembrou que a usina solar flutuante vai gerar energia para consumo imediato pela Compesa, que trabalha 24 horas dessalinizando água do mar.
A superintende reforçou que a usina solar flutuante se incorpora a outros projetos sustentáveis desenvolvidos pela empresa na ilha, por meio do Programa Energia Sustentável Noronha, que prevê soluções energéticas renováveis e de estímulo à preservação do ecossistema.
Entre as iniciativas, está a Usina Solar Vacaria, que faz parte do Trilha Verde, projeto de mobilidade elétrica. A unidade, já inaugurada, tem potência de 50 kWp, com geração estimada de 75 MWh/ano.
Dez veículos do projeto já foram incorporados às atividades turísticas, administração distrital e operação da Neoenergia na ilha. Outros dois serão entregues nos próximos dias. Os carros serão abastecidos por 12 novos pontos de recargas previstos no projeto e que serão instalados em locais estratégicos da ilha.
Também visando a mobilidade sustentável, a empresa vai instalar postos de carregamento de bicicletas elétricas. O uso é recomendado não só para moradores, mas também para turistas. Está prevista a instalação de quatro postos de carregamento de bicicletas em lugares estratégicos, como praias. Os carregadores poderão ser utilizados gratuitamente.
A energia consumida pelos equipamentos será gerada por meio de placas solares instaladas na cobertura das estruturas. Essas estruturas serão doadas ao governo do estado para a economia de energia. A expectativa é que o sistema comece a funcionar até o final deste ano.
Cada uma das quatro estações contará com seis conexões, totalizando 24 pontos de carregamento. Serão instaladas duas tomadas comuns, para recarregar outros modelos de equipamentos.";;integral;energia-solar-1;2026-09-21 20:03:31;;
949e963c9f93;Agência Brasil;https://agenciabrasil.ebc.com.br/economia/noticia/2022-10/leilao-de-energia-movimenta-r-65-bilhoes;2022-10-14 16:14:00;Leilão de energia movimenta R$ 6,5 bilhões;Os preços ofertados ficaram em média 26,38% abaixo do teto do leilão de energia. O maior deságio foi das usinas de biomassa, cujos preços ficaram 40% abaixo do teto.;"Em leilão promovido nesta sexta-feira (14) pela Agência Nacional de Energia Elétrica (Aneel) e pelo Ministério de Minas e Energia, foram negociados R$ 6,57 bilhões em contratos de energia. Serão 22 empreendimentos de nove estados, que deverão investir R$ 2,95 bilhões. Foram contratados 176,8 megawatts (MW) de energia ao preço médio de R$ 237,48 por megawatt-hora (MWh), que devem começar a ser fornecidos em 2027. O leilão foi operacionalizado pela Câmara de Comercialização de Energia Elétrica, em São Paulo.
A hidrelétrica foi a fonte com maior número de empreendimentos contratados, 12, dos quais nove são pequenas centrais. As usinas estão situadas nos estados de Santa Catarina, de Goiás, do Paraná e de Mato Grosso. Foram contratados também quatro empreendimentos de energia solar em Minas Gerais e na Paraíba. Bahia e Rio Grande do Norte terão três projetos de energia eólica. A biomassa de cana-de-açúcar será responsável pela geração de eletricidade em duas usinas em Goiás. E São Paulo vai ter um empreendimento que fornecerá energia a partir de lixo urbano.
Os preços ofertados ficaram, em média, 26,38% abaixo do teto do leilão. O maior deságio foi das usinas de biomassa, que ofereceram preços 40% menores do que o teto. As usinas solares foram contratadas por valores 38,78% abaixo do preço máximo. A energia eólica foi negociada por valores 26,9% menores do que o inicial. As hidrelétricas ofereceram preço 20,46% abaixo do teto. A usina a partir de resíduos sólidos urbanos fechou contrato com preço praticamente igual ao máximo, com deságio de apenas 0,01%.
Do total contratado, 87,3 megawatts são de hidrelétricas; 51,8 MW de fontes solares; 23,5 MW de usinas eólicas; 13 MW de biomassa e 1,2 MW de geração a partir de resíduos sólidos.";RN,PB,BA,MG,SP,PR,SC,MT,GO;integral;energia-solar-1;2026-09-21 20:03:34;;
d17e9ad9df3d;Agência Brasil;https://agenciabrasil.ebc.com.br/economia/noticia/2022-10/aumento-do-consumo-de-energia-solar-traz-projecoes-otimistas-ao-setor;2022-10-09 16:02:00;Aumento do consumo de energia solar traz projeções otimistas ao setor;País supera marca de 19 gigawatts de potência instalada de energia solar fotovoltaica, número considerado histórico. Hidrelétrica de Itaipu gera 14 GW de potência instalada.;"O setor de energia solar tem comemorado o aumento da adesão aos sistemas de produção de energia fotovoltaica no Brasil. O país ultrapassou a marca de 19 gigawatts (GW) de potência instalada da fonte solar fotovoltaica. Desse total, 13 GW são de potência instalada em telhados, fachadas e pequenos terrenos e o restante corresponde às usinas de grande porte. É um número considerado histórico pelo setor. A título de comparação, a Usina Hidrelétrica de Itaipu gera 14 GW de potência instalada.
O número consolida a fonte solar como a terceira maior geradora de energia no país, atrás apenas das fontes hidrelétricas e eólica. A captação de luz solar por placas fotovoltaicas e a transformação dessa luz em energia representa, hoje, 9,6% da matriz elétrica do país. De janeiro a setembro, houve aumento de 46,1%, com crescimento médio de 1 GW por mês nos últimos 120 dias.
Os dados são da  Associação Brasileira de Energia Solar Fotovoltaica (Absolar). Com base neles, a Confederação Nacional da Indústria (CNI) estima que a capacidade instalada poderá dobrar até o início de 2023. O incentivo, em forma de desconto na tarifa, para consumidores instalarem o sistema em suas casas é uma das razões para a projeção.
De acordo com a Lei 14.300/2022 , que institui o marco legal da microgeração e minigeração distribuída, os consumidores que instalarem sistema solar em suas residências e empresas até 2023 pagarão mais barato pela tarifa até 2045. A tarifa será calculada apenas sobre a diferença positiva entre o montante consumido e a soma da energia elétrica injetada no referido mês.
A energia gerada por luz solar é uma energia limpa, que não produz resíduo ou poluição. Segundo a Absolar, esse tipo de energia evitou a emissão de 27,8 milhões de toneladas de CO2 na geração de eletricidade. O custo de instalação, no entanto, não é baixo. Para residências, o preço médio de instalação é de R$ 25 mil; para indústrias, R$ 200 mil.
O preço vem caindo. De acordo com a Solstar, empresa do setor, os custos caíram cerca de 44% nos últimos seis anos. Existe ainda um incentivo fiscal, a isenção de Imposto sobre Circulação de Mercadorias e Serviços (ICMS) na venda do kit completo (inversor + módulos). A Solstar destaca ainda a abertura de linhas de crédito para compra de sistemas fotovoltaicos.
Para a CNI, as empresas brasileiras têm buscado adotar a agenda sustentável, indo ao encontro do compromisso firmado pelo Brasil para redução de emissões de gases de efeito estufa (GEE) estabelecidas no Acordo de Paris. O compromisso do país é reduzir 37% até 2025 e 50% até 2030.
“Muitas empresas têm investido em projetos de eficiência energética. Isso significa usar menos energia para obter o mesmo resultado, e esse resultado pode ser alcançado por meio de melhorias tecnológicas ou de mudanças na gestão energética das empresas”, afirmou o gerente de Meio Ambiente e Sustentabilidade da CNI, Davi Bomtempo.";;integral;energia-solar-1;2026-09-21 20:03:36;;
dbe5ec768dda;Agência Brasil;https://agenciabrasil.ebc.com.br/internacional/noticia/2022-08/eua-gastarao-mais-de-us-500-bi-na-questao-climatica-em-10-anos;2022-08-22 14:04:00;EUA gastarão mais de US$ 500 bi na questão climática em 10 anos;Estimativa dos gastos em dez anos é baseada em três leis que, juntas, financiam pesquisas e estudos relacionados ao clima, diz relatório divulgado nesta segunda-feira.;"O governo dos Estados Unidos gastará mais de US$ 500 bilhões em tecnologia climática e energia limpa na próxima década sob três leis recentemente promulgadas, mostrou uma análise da organização sem fins lucrativos RMI.
A contagem é baseada nas leis de Redução da Inflação e Chips deste mês e na Lei de Empregos e Investimentos em Infraestrutura do ano passado. Juntas, elas financiam pesquisas e estudos iniciais relacionados ao clima e apoiam a manufatura. “Juntas, elas formam uma política industrial verde coerente, no sentido de que há indústrias estratégicas em que se concentram e um conjunto de ferramentas projetadas para acelerar a produção na cadeia de suprimentos”, disse Lachlan Carey, coautor do relatório publicado nesta segunda-feira (22). O total estimado de US$ 514 bilhões inclui US$ 362 bilhões da Lei de Combate à Inflação, US$ 98 bilhões da Lei de Infraestrutura e US$ 54 bilhões da Lei Chips, apoiada de forma bipartidária, embora o Congresso tenha que aprovar mais legislações para que parte do financiamento seja liberado. A análise exclui gastos adicionais com agricultura e clima relacionadas à terra. O gasto federal anual em clima e energia limpa nos próximos cinco anos será cerca de 15 vezes maior que o dos anos 1990 e início dos anos 2000 e cerca do triplo dos últimos anos, estima o estudo. As estimativas do governo dos Estados Unidos mostram que a energia renovável está se tornando uma parte maior da produção. Os autores do estudo disseram, entretanto, que a ação climática precisa ser acelerada. ""É um processo longo, e não temos tempo para ser tão longo. Como a energia solar e a eólica levaram 40 anos -- temos 10 anos"", disse Jun Shepard, também coautora do estudo.";;integral;energia-renovavel;2026-09-21 20:07:15;;
8a385a177eec;Agência Brasil;https://agenciabrasil.ebc.com.br/geral/noticia/2022-07/caminhos-da-reportagem-deste-domingo-trata-da-energia-solar-no-brasil;2022-07-31 11:13:00;Caminhos da Reportagem deste domingo trata da energia solar no Brasil;Em 2017, o país ocupava a 26ª posição no ranking mundial de países que mais usam a tecnologia. Dois anos depois, o Brasil subiu dez posições no ranking.;"As fontes de energia não renováveis, como o petróleo, o carvão mineral, o gás natural e a energia nuclear, apesar de serem encontradas na natureza em grandes quantidades, uma vez esgotadas, não podem mais ser regeneradas. Enquanto isso, as fontes renováveis são inesgotáveis. Entre elas, estão a hídrica, proveniente da água dos rios; a eólica, do vento; a biomassa, da matéria orgânica; e também aquela que vem do sol, a energia solar.
O Brasil tem aumentado o uso do sol para esta finalidade; e a energia solar é o tema do Caminhos da Reportagem deste domingo (31). Em 2017, o país ocupava a 26ª posição no ranking mundial de países que mais usam a tecnologia. Em 2019, pulou para a 16ª posição. “Reino Unido, Alemanha e Japão são três países que estão no top 10. Eles têm na média a metade do recurso solar que o Brasil tem”, afirma Rodrigo Sauaia, presidente da Associação Brasileira de Energia Solar Fotovoltaica (Absolar).
De acordo com Rafael Amaral Shayani, professor do Departamento de Engenharia Elétrica da Universidade de Brasília, a quantidade de energia que o sol fornece para a terra é 10 mil vezes maior do que a quantidade que a gente utiliza. Ou seja, se utilizarmos apenas uma pequena fração, ele diz, conseguimos abastecer o mundo inteiro.
Um segmento de mercado que cresce no Brasil é a chamada geração distribuída solar fotovoltaica, que são os telhados solares, o uso da energia solar junto das residências, de pequenos comércios, de empresas de uma forma geral, como uma padaria, uma farmácia ou um açougue, por exemplo. A energia elétrica é gerada junto do local onde os consumidores a utilizam.
Nossa equipe de reportagem visitou um prédio em um bairro de Brasília para conhecer a experiência dos moradores com essa tecnologia. O síndico, Geová Parente, justifica a decisão de usar placas fotovoltaicas no condomínio com dois argumentos: energia limpa é melhor para o meio ambiente, e ainda significa economia em dinheiro para os moradores. “A vantagem de você gerar a sua própria energia é que, em primeiro lugar, você não está agredindo o meio ambiente. Em segundo, você tem a garantia de que terá aquela energia por um bom tempo”.
O programa exibido na TV Brasil ainda vai mostrar o Cine Solar, um cinema movido à luz do sol. Em um veículo adaptado com placas fotovoltaicas, o projeto percorre cidades Brasil afora para levar arte a comunidades indígenas e quilombolas, por exemplo. E por falar em viagem, outra experiência que vamos conhecer é a do Aeroporto de Brasília, que construiu uma unidade de usina fotovoltaica para produção de energia de fonte solar para abastecer parte do consumo do terminal aéreo.
A questão da energia elétrica implica em desafios no Brasil. A analista de conservação do WWF-Brasil Alessandra Mathyas lembra que o país ainda não tem 100% de acesso à energia. Na Região Norte, mais de 1 milhão de pessoas vivem em comunidades isoladas, rurais, ribeirinhas, terras indígenas, “que não estão conectadas à rede de eletricidade e que precisam, como todos nós, ter acesso urgente à energia de qualidade. Isso não é um favor, isso é um direito”. O WWF-Brasil, em parceria com o ICMBio e parceiros locais, instalou pequenos sistemas de energia solar fotovoltaica em comunidades extrativistas isoladas na Amazônia.
O programa Caminhos da Reportagem , da TV Brasil , vai ao ar aos domingos, às 22h.
Clique aqui para saber como sintonizar a emissora em canais abertos, em TV por assinatura e por parabólica.
Ficha técnica do programa Reportagem: Claiton Freita Produção: Amanda Cieglinski, Claiton Freitas, Natália Neves e Suzana Guimarães Imagens: André Rodrigo Pacheco Apoio às imagens: Sandro Tebaldi.e Sigmar Gonçalves Auxílio técnico; Alexandre Souza Apoio ao auxílio técnico: Carlos Júnior, Marcelo Vasconcelos, Jairom Rio Branco Edição de texto: Suzana Guimarães e Flávia Lima Edição de imagens: André Eustáquio e Jerson Portela";;integral;energia-solar;2026-09-21 20:04:23;;
a7157927ddb5;Agência Brasil;https://agenciabrasil.ebc.com.br/geral/noticia/2022-07/energia-solar-passa-termeletrica-e-se-torna-3a-maior-fonte-brasileira;2022-07-19 15:43:00;Energia solar passa termelétrica e se torna 3ª maior fonte brasileira;A Absolar estima que a fonte solar já gerou mais de 86,2 bilhões de reais em investimentos no Brasil desde 2012, além de ter evitado a emissão de 23,6 milhões de toneladas de gás carbônico na geração de eletricidade.;"Usinas de geração de energia solar já somam potência instalada operacional superior à das termelétricas movidas a gás natural e biomassa, tornando-se a terceira fonte mais representativa da matriz elétrica do Brasil, segundo levantamento divulgado pela Associação Brasileira de Energia Solar Fotovoltaica (Absolar).
Os dados apontam que o país conta atualmente com 16,41 gigawatts (GW) de capacidade instalada em usinas solares fotovoltaicas, considerando a geração centralizada (projetos de grande porte) e a distribuída (instalações menores em telhados, fachadas e terrenos).
Isso representa 8,1% da matriz brasileira, atrás das fontes hídrica (53,9%) e eólica (10,8%), pelo levantamento da Absolar.
Já as termelétricas a gás natural somam 16,37 GW de potência (8,1% de participação na matriz), e as movidas a biomassa e biogás, 16,30 GW (8,0%).
Em comunicado, diretores da Absolar destacaram a competitividade da fonte, que vem crescendo em ritmo acelerado no Brasil principalmente desde 2018.
""As usinas solares de grande porte geram eletricidade a preços até dez vezes menores do que as termelétricas fósseis emergenciais ou a energia elétrica importada de países vizinhos, duas das principais responsáveis pelo aumento tarifário sobre os consumidores"", afirmou Carlos Dornellas, diretor da entidade.
A Absolar estima que a fonte solar já gerou mais de 86,2 bilhões de reais em investimentos no Brasil desde 2012, além de ter evitado a emissão de 23,6 milhões de toneladas de gás carbônico na geração de eletricidade.
*É proibida a reprodução deste conteúdo.";;integral;energia-solar;2026-09-21 20:04:25;;
9592c281b713;Agência Brasil;https://agenciabrasil.ebc.com.br/economia/noticia/2022-05/leilao-de-energia-contrata-29-empreendimentos-com-desagio-de-936;2022-05-27 13:47:00;Leilão de energia contrata 29 empreendimentos com deságio de 9,36%;O certame da Aneel trouxe uma novidade ao colocar em concorrência direta os empreendimentos de fonte solar e eólica, negociados como um mesmo produto.;"A  Agência Nacional de Energia Elétrica (Aneel) e a Câmara de Comercialização de Energia Elétrica realizaram hoje (27) um leilão para compra de energia A-4. O certame negociou 237,5 megawatts (MW) médios, ao preço médio de R$ 258,16 por megawatt-hora.
O resultado representa um deságio médio de 9,36% em relação ao preço máximo determinado pela Aneel. Os projetos deverão iniciar o suprimento em 1º de janeiro de 2026.
Ao todo, 29 projetos foram contratados no certame, dos quais dois foram empreendimentos de biomassa, quatro de usinas eólicas, cinco de energia solar, 14 de pequenas centrais hidrelétricas (PCH) e quatro de centrais de geração elétrica (CGH). Os empreendimentos somam uma potência total de 948 MW. São esperados investimentos da ordem de R$ 7 bilhões.
De acordo com a CCEE, a energia foi adquirida pelas distribuidoras Cemig, Coelba, Neoenergia e Light. A energia vai atender a demandas dos estados da Bahia (dois empreendimentos), Mato Grosso (1), Mato Grosso do Sul (2), Minas Gerais (1), Paraíba (2), Paraná (6), Pernambuco (5), Santa Catarina (5), São Paulo (1), Tocantins (1) e Rio Grande do Sul (2).
Este foi o primeiro leilão de energia realizado pelo governo. O certame trouxe uma novidade ao colocar em concorrência direta os empreendimentos de fonte solar e eólica, negociados como um mesmo produto.
De acordo com o secretário de Planejamento e Desenvolvimento Energético do Ministério de Minas e Energia, Paulo Cesar Domingues, a experiência acabou sendo um teste e há a possibilidade de que seja repetida em novos leilões.
“O número de projetos contratados, cinco solares e quatro eólicas, demonstra que foi uma distribuição equilibrada”, disse Rodrigues em entrevista coletiva após o resultado do leilão. “Foi um teste interessante para avaliar se mantemos isso para os próximos leilões”, acrescentou.";TO,PB,PE,BA,MG,SP,PR,SC,RS,MS,MT;integral;energia-solar-1;2026-09-21 20:03:39;;
823eab30801a;Agência Brasil;https://agenciabrasil.ebc.com.br/economia/noticia/2022-05/energia-solar-deve-responder-por-17-da-matriz-brasileira-ate-2031;2022-05-05 12:33:00;Energia solar deve responder por 17% da matriz brasileira até 2031;“No ano passado, a geração distribuída no Brasil foi a quarta em crescimento no mundo, superada apenas por países como Estados Unidos, China e Índia”, diz ministro.;"O ministro de Minas e Energia, Bento Albuquerque, disse hoje (5) que até 2031, a energia solar deve ser responsável por 17% da matriz brasileira. De acordo com o ministro, atualmente as fontes fotovoltaicas correspondem a 7,7% da eletricidade gerada no país.
“No ano passado, a geração distribuída no Brasil foi a quarta em crescimento no mundo, superada apenas por países como Estados Unidos, China e Índia. Eu acho que nós estamos muito bem posicionados”, acrescentou  o ministro ao falar na abertura de um seminário promovido pela Agência Nacional de Energia Elétrica (Aneel). A geração distribuída é a forma de produção de energia feita, em geral, pelos próprios consumidores, como as residências ou empresas que possuem placas para geração de energia solar.
Em relação a energia eólica, Bento Albuquerque explicou que a previsão é manter ao longo da próxima década o percentual de 11% de presença na matriz energética do pais. “A geração eólica cresceu 330% desde 2014. E é atualmente responsável por mais de 11% da nossa matriz elétrica”.
Albuquerque confirmou que deve acontecer em junho o leilão de concessão para construção de linhas e instalações de transmissão de energia. Serão leiloados 13 lotes que abrangem 13 estados, com uma previsão de R$ 15,3 bilhões em investimentos e a instalação de 4,5 mil quilômetros em linhas de transmissão.
Matéria alterada às 15h07 para correção de informação no título. Ao contrário do informado anteriormente, a energia solar deve responder por 17% da matriz brasileira até 2031 e não até 2023.";;integral;energia-solar-1;2026-09-21 20:03:41;;
8b792e77229b;Agência Brasil;https://agenciabrasil.ebc.com.br/internacional/noticia/2022-03/eolica-e-solar-geram-10-da-eletricidade-global-pela-1a-vez-em-2021;2022-03-30 09:21:00;Eólica e solar geram em 2021, pela 1ª vez, 10% da eletricidade global;De acordo com relatório produzido para a organização Ember, total de fontes limpas que geram eletricidade subiu para 38%, globalmente. Procura por carvão também aumentou.;"O ano de 2021 registrou o maior índice na utilização das energias alternativas, ao mesmo tempo que se verificou o maior aumento na procura de carvão desde 1985. Pelo menos 50 países obtiveram mais de um décimo da energia a partir de fontes eólicas e solares, de acordo com relatório produzido por pesquisadores para a organização Ember.
Fontes energéticas, como o sol e o vento, constituem recursos cada vez mais utilizados para gerar eletricidade, diz o grupo de especialistas que avaliou o setor energético para a organização Ember, que produziu o levantamento Revisão Global de Eletricidade, de 2021.
O último documento referente ao monitoramento global da produção energética afirma que, no ano passado, foi registrado recorde no uso de energia solar e eólica, mas alerta para um aumento abrupto na procura do carvão.
O total de fontes limpas que geram eletricidade subiu para 38%, globalmente. A parcela combinada eólica-solar atingiu, pela primeira vez, o máximo de 10%.
""As energias eólica e solar são as fontes de eletricidade de menor custo"", comparando com a produção de eletricidade a partir de outros recursos, por isso torna-se uma necessidade ""integrá-las em redes de alto nível"", diz o estudo. Pelo menos um quarto dos países do mundo gera ""mais de 10% de sua eletricidade a partir desses recursos de implantação rápida"".
""As energias eólica e solar chegaram. O processo que irá remodelar o sistema energético existente já começou. Nesta década, precisam ser implantadas à velocidade da luz para reverter o aumento das emissões globais e combater as alterações climáticas"", destacou Dave Jones, pesquisador da Revisão Global de Eletricidade da Ember.
De acordo com o documento, os Países Baixos, a Austrália e o Vietname foram os Estados que mais depressa transferiram um décimo da necessidade energética de eletricidade de combustíveis fósseis para fontes verdes, nos últimos dois anos.
""A Holanda é ótimo exemplo de país de latitude mais setentrional, comprovando que não é apenas onde o Sol brilha, mas também é necessário ter conjuntura política certa, que faz a grande diferença para a energia solar decolar"", disse Hannah Broadbent, pesquisadora da Ember.
No caso do Vietnam, ""o grande aumento da geração solar foi impulsionado por tarifas feed-in - dinheiro que o governo paga para gerar eletricidade -, o que tornou muito atraente para residências e concessionárias a implantação de grande quantidade de energia solar"", argumentou Jones. A geração de energia a partir de fonte solar no Vietname aumentou mais de 300 por cento em apenas um ano.
Mas se as alterações climáticas estão no foco do relatório, a insegurança energética global também é um dos temas. O ano de 2021 foi  o que registrou aumento na procura por combustíveis fósseis, cerca de 9%, como não se verificava desde 1985.
O maior consumo de carvão ocorreu em países asiáticos, incluindo China e Índia. O aumento dos preços do gás tornou o carvão uma fonte mais viável de eletricidade para esses países.
""O ano passado assistiu a preços do gás realmente super altos, enquanto o carvão ficava mais barato que o gás"", observou Dave Jones.
Atualmente, ""o que estamos a verificando é que os preços do gás na Europa e em grande parte da Ásia estão dez vezes maiores do que no ano passado"". O carvão também subiu, mas apenas três vezes.
Para Jones, os aumentos mundiais de preço do gás e do carvão estão relacionados aos sistemas de eletricidade, que exigem mais eletricidade limpa, porque a economia mudou fundamentalmente"".
Apesar do aumento da utilização do carvão, os ""governos dos Estados Unidos, da Alemanha, do Reino Unido e Canadá estão tão confiantes na eletricidade limpa que traçam planos para mudar a rede para eletricidade cem por cento limpa na próxima década e meia”, acrescenta o documento.
O conflito na Ucrânia também pode impulsionar a procura de fontes produtoras de eletricidade que não dependam das importações russas de petróleo e gás.
Hannah Broadbent disse que a eólica e a solar chegaram e oferecem solução para as múltiplas crises que o mundo está enfrentando, seja climática ou de dependência de combustíveis fósseis. ""Isso pode ser um verdadeiro ponto de virada"".
*É proibida a reprodução deste conteúdo.";;integral;energia-solar-1;2026-09-21 20:03:44;;
766f66d1cf64;Agência Brasil;https://agenciabrasil.ebc.com.br/economia/noticia/2022-03/bndes-financiara-energia-solar-para-consumidor-da-regiao-norte;2022-03-11 19:02:00;BNDES financiará energia solar para consumidor da Região Norte;Cada investimento terá custo médio de R$ 37 mil e será 100% financiado. Serão quase 12 megawatts-pico de capacidade instalada, equivalentes ao consumo de sete mil famílias.;"O Banco Nacional do Desenvolvimento Econômico e Social (BNDES) vai financiar a troca de geradores a diesel por usinas fotovoltaicas dos consumidores de energia da Região Norte. A operação que permitirá o financiamento foi aprovada hoje (11) pelo banco.
A operação permitirá o financiamento para cerca de 1.600 projetos num prazo de até 150 meses para a instalação de sistemas solares fotovoltaicos em residências e empresas localizadas na região. Antes de aprovar o crédito, a viabilidade do sistema deverá ser avaliada. A empresa designada pelo BNDES para essa avaliação será a Solfácil. Segundo as estimativas do banco, cada investimento deverá apresentar um custo médio em torno de R$ 37 mil e será 100% financiado. Ao todo, serão cerca de 12 MWp (megawatts-pico) de capacidade instalada, equivalente ao consumo de quase sete mil famílias.
Assim, o consumidor final poderá ter acesso a recursos do BNDES sem a intermediação tradicional dos bancos. “A operação vai contribuir para democratizar o acesso à geração solar para os consumidores de energia da Região Norte, permitindo maior acesso ao crédito na ponta e promovendo a desconcentração bancária”, afirmou a diretora de Concessão de Crédito à Infraestrutura do BNDES, Solange Vieira. Segundo o BNDES, a adesão à energia limpa possibilitará ao consumidor uma economia até 90% na conta de luz. “A compensação será suficiente para pagar o financiamento”, afirma o banco. Após a liquidação do empréstimo, o consumidor será o proprietário do sistema fotovoltaico, quem tem uma durabilidade prevista de 25 anos.";;integral;energia-solar-1;2026-09-21 20:03:46;;
8ba40ae81c98;Agência Brasil;https://agenciabrasil.ebc.com.br/economia/noticia/2022-02/mme-eolica-e-solar-somadas-tem-2a-maior-posicao-na-matriz-energetica;2022-02-14 22:37:00;MME: eólica e solar somadas têm 2ª maior posição na matriz energética;As fontes eólicas e solar subiram 2,9 pontos percentuais na composição da matriz da OIEE, chegando a 13,4%, soma que perdeu apenas para a energia hidráulica, responsável por 56,7% da oferta total.;"O Boletim Mensal de Energia de novembro de 2021, publicado neste mês, informa que a Oferta Interna de Energia Elétrica (OIEE), a soma do consumo nos setores econômicos menos as perdas na distribuição e transmissão, deverá crescer 4,7% em 2021.  As fontes eólicas e solar subiram 2,9 pontos percentuais na composição da matriz da OIEE, chegando a 13,4%, soma que perdeu apenas para a energia hidráulica, responsável por 56,7% da oferta total.
De acordo com os dados do Ministério de Minas e Energia (MME), com os 13,4% o Brasil já ultrapassa o indicador de energia limpa do bloco da Organização para a Cooperação e Desenvolvimento Econômico (OCDE), estimado em 13% para 2021.
O secretário adjunto de Planejamento e Desenvolvimento Energético do MME, Marcello Nascimento Cabral da Costa, ressaltou a importância do setor. Nos últimos 12 meses, a geração eólica cresceu mais de 20%, e a geração solar, mais de 60%, segundo o secretário adjunto.
“Nossa matriz energética é uma das mais renováveis no mundo com uma proporção de 48%, indicador mais de três vezes superior à média mundial. Já com relação à matriz elétrica, temos 85% de renovabilidade, enquanto a média mundial é de apenas 28%. O Brasil é protagonista no tema renovabilidade no mundo há mais de meio século, quando iniciamos a implantação de grandes hidrelétricas e a produção de etanol”, destacou o secretário adjunto da secretaria de Planejamento e Desenvolvimento Energético do MME, Marcello Nascimento Cabral da Costa.
De acordo com o Leonardo Euler, vice-presidente da Vestas para a América Latina, empresa que trabalha com a produção de turbinas de energia eólica, o Decreto 10.946 , publicado em janeiro, deve ampliar a geração de energia limpa no país.
A nova legislação, que dispõe sobre o aproveitamento dos recursos naturais em águas interiores de domínio da União, deverá ampliar a área de captura eólica. Segundo Euler, com a instalação de turbinas em alto-mar em diferentes regiões do Brasil onde os ventos sopram com força, será possível aproveitar melhor o potencial eólico do país.
“E, para que o Brasil destrave todo esse potencial offshore eólico como um todo, é preciso um ambiente regulatório não só previsível, mas seguro. O decreto é certamente um passo importante nesse sentido naquilo que tange ao offshore”, disse Euler.";;integral;energia-solar;2026-09-21 20:04:28;;
44ac04626dcb;Agência Brasil;https://agenciabrasil.ebc.com.br/economia/noticia/2022-01/agencia-brasil-explica-vantagens-da-energia-solar-nas-residencias;2022-01-16 07:33:00;Agência Brasil explica vantagens da energia solar nas residências;"Energia solar pode ser o caminho para reduzir o valor da conta de luz, diz especialista consultado pela Agência Brasil. ""É boa para o bolso, para o país e para o mundo.”";"O alto custo da energia elétrica no Brasil tem levado muitas pessoas a buscar soluções que diminuam o valor da conta de luz. Uma alternativa interessante para as residências pode ser a energia solar que, segundo especialista consultado pela Agência Brasil , é “boa para o bolso, para o país e para o mundo”. O potencial de geração de energia solar no Brasil é imenso, mas ainda subaproveitado, principalmente em residências. Isso se explica pelo fato de muitas pessoas não terem noção do que é necessário para transformar tetos ou áreas abertas em pequenas geradoras de energia por meio de placas solares. Algo que, de acordo com o professor do Departamento de Engenharia Elétrica da Universidade de Brasília (UnB) Rafael Amaral Shayani, é mais simples do que parece, e cujos benefícios vão além de uma conta de luz menos onerosa. “A energia solar de uso residencial, que é chamada de geração de distribuída, é boa para o bolso do consumidor. Mas também é boa para o país porque o Brasil é um país em desenvolvimento que vai precisar de muita energia para crescer; e para o mundo, porque protege o meio ambiente, já que não emite gases de efeito estufa”, destaca o engenheiro eletricista em entrevista à Agência Brasil .
A energia solar pode resultar em diminuição significativa dos gastos com a conta de luz. Segundo Shayani , um investimento entre R$ 12 mil e 15 mil pode reduzir em até 90% a conta de energia. “A pessoa, então, passa a pagar apenas a parcela mínima, que é o consumo mínimo, uma tarifa de disponibilidade do serviço”. O engenheiro diz diz que o investimento é recuperado em cerca de cinco anos e que o sistema dura de 20 a 25 anos.
A energia solar é também boa para o país, para lidar com a expectativa de crescimento da demanda de energia, conforme o aumento do número de fábricas e indústrias previsto para os próximos anos. “A Empresa de Pesquisa Energética (EPE) prevê que até 2050 o Brasil vá triplicar o consumo de eletricidade, até em função do aumento populacional e das consequências disso para o setor produtivo, já que acarretará em mais uso de eletrodomésticos”, afirma Shayani.
“Quando a energia é gerada no telhado da sua casa, você não está queimando gás natural para gerar eletricidade. Você reduz a necessidade de hidrelétricas, que alagam florestas, ou de carvão ou gás queimados para a geração de energia por usinas térmicas. Portanto, é uma forma muito boa de contribuir para proteger o meio ambiente”, complementa o professor. Para Shayani, um dos grandes desafios mundiais é gerar mais eletricidade e reduzir as emissões de gases de efeito estufa. “Nesse sentido, a energia solar vem como solução. Quanto mais pessoas a adotarem, mais energia o país produzirá, e menos energias fosseis precisarão ser usadas”, enfatiza o professor, que indica também o uso de aquecimento solar por meio de tubos de plástico para, com o calor do Sol, esquentar a água do chuveiro.
A grande vantagem do uso de placas fotovoltaicas, segundo Shayani, é a possibilidade de “devolver” parte da energia consumida para a rede de energia fornecida pela distribuidora local. Para “devolver” energia à rede fornecedora, é necessário ter, além do painel solar, um inversor, já que a energia solar gera tensão contínua, e as tomadas das residências usam energia alternada. “Você liga seu sistema de energia solar a uma rede elétrica da distribuidora que atende à cidade. Ou seja, instala o sistema no telhado e ligao no mesmo disjuntor que a companhia elétrica tem na sua casa. É o sistema mais barato porque não depende de baterias que armazenem a energia”. De acordo com a Agência Nacional de Energia Elétrica (Aneel) há, no Brasil, 775.972 sistemas solares desse tipo já instalados.
Interligar as placas à rede distribuidora de energia é também solução para evitar falta de energia em dias de chuva, tempo nublado, ou mesmo à noite, quando não há sol. “É como se o relógio medidor de energia rodasse para trás quando é dia e o consumo é menor. À noite, então, quando não há sol, você vai pegar de volta essa energia, usando a energia das hidrelétricas brasileiras. Aí o relógio vai para a frente”. No fim do mês, se a energia fornecida de dia for igual à recebida nos períodos sem luz solar, é como se o relógio que marca o consumo ficasse no zero. “O nome oficial disso é Sistema de Compensação de Energia. Gera-se mais energia de dia para compensar o uso à noite, quando não tem energia solar. É uma coisa interessante porque não precisa de baterias para armazenamento, que são muito caras e altamente poluentes.”
Em geral esse equipamento com baterias é usado em regiões isoladas, onde não há fornecimento de energia por companhias elétricas. É o caso de algumas comunidades do interior da Amazônia, na floresta. ""Além de caras e danosas ao meio ambiente, essas baterias são como as de carro: estragam-se muito rápido e precisam ser trocadas a cada três ou quatro anos. O custo adicional delas faz o sistema [de captação e geração de energia] quase dobrar de preço”, estima o professor.
A energia solar é´uma inovação tecnológica que difere das outras formas de geração de eletricidade porque é um sistema eletrônico. É feita a partir de uma pedra de silício, substância que, depois do oxigênio, é a mais abundante na Terra. “A crosta terrestre é feita de silício, material usado nos painéis solares. Quando a luz solar incide sobre ele, pula um elétron, o que acaba gerando energia. Essa corrente elétrica sai do telhado e entra nos equipamentos, energizando a casa”, detalha o especialista.
A legislação da Aneel permite quatro modalidades de geração distribuída de energia. A primeira é a geração na própria unidade consumidora, quando a pessoa a instala no telhado da própria casa. A segunda é chamada autoconsumo remoto, que é quando a pessoa tem, por exemplo, duas residências em um mesmo estado. Ela pode colocar energia solar no telhado da casa e a energia que é gerada lá compensa o consumo da outra residência. “Existe, ainda, a modalidade de múltiplas unidades consumidoras. É o caso dos condomínios, que podem colocar placas nos telhados para abastecer a área comum. Há também a possibilidade de moradores dos apartamentos colocarem o equipamento em telhados, e a energia ser rateada entre as unidades que fizeram o investimento.” A quarta modalidade é a de geração compartilhada que, segundo o especialista, abrange “uma usina maior à qual as pessoas podem se associar para serem beneficiadas com abatimento na conta de energia”.
O preço do sistema depende de dois fatores principais. O primeiro é saber quanto de energia a residência consome. “Para saber isso, basta olhar a fatura enviada pela concessionaria de energia todo mês. O consumo é calculado a partir da média mensal. No verão, gera-se mais eletricidade e, no inverno menos. Mas, na média do ano, a pessoa pode gerar toda energia da casa”, explica Rafael Shayani. “Depende também de quanto sol tem na região. O Brasil em geral é muito ensolarado. O local com menos sol no Brasil tem mais sol do que a Alemanha inteira, que é um dos líderes no uso de energia solar. Então, se você mora em um local com muito sol, seu sistema de geração pode ser menor, não sendo necessárias tantas placas”, acrescenta. Segundo o professor, o consumo típico de uma residência brasileira fica em torno de 10 quilowatts-hora por dia. “Normalmente, temos cinco horas de sol forte por dia. Considerando essa média como referência, precisamos então de um sistema de energia solar de mais ou menos 2 kw instalado no telhado da casa. Ele vai ocupar área pequena do telhado e gerar energia para, na média do ano, atender tudo.” O custo do equipamento varia de acordo com a cotação do dólar, que está na faixa de R$ 5,50. “Atualmente, esse equipamento deve custar entre R$ 12 mil e 15 mil, mas, com ele instalado, a conta de luz pode cair para o valor mínimo cobrado pela concessionária. O investimento é recuperado nos primeiros três ou cinco anos. Depois, fica 20 anos pagando só a tarifa mínima de energia elétrica, que é cobrada para a manutenção da rede.” O equipamento deve ser instalado por uma empresa específica, porque é necessário registro no Conselho de Engenharia, de forma a comprovar que a instalação é segura e atende às regras de segurança da distribuidora de energia. “O primeiro passo é contatar, na sua cidade, uma empresa de equipamentos para geração de energia solar, um ramo que cresceu muito nos últimos anos. Tem milhares de empresas no Brasil. Peça a eles um orçamento. Eles instalam o equipamento, entram em contato com a distribuidora que, depois, fiscaliza a instalação para ver se tudo está adequado para, enfim, ligar o sistema. Isso tudo pode ser feito em até 30 dias”, afirma o engenheiro.";;integral;energia-solar;2026-09-21 20:04:31;;
2b6909bd3b44;Agência Brasil;https://agenciabrasil.ebc.com.br/geral/noticia/2021-10/futuro-da-energia-nuclear-eolica-e-solar-para-diversificar-matriz;2021-10-14 08:00:00;Futuro da energia: nuclear, eólica e solar para diversificar matriz;Atualmente, 60% da energia no país vem das hidrelétricas. O ministro de Minas e Energia acredita que, até 2030, essa dependência será reduzida para, no máximo, 49%.;"Angra 1, primeira usina nuclear brasileira, entrou em operação em 1985 e Angra 2 começou a funcionar em 2001. Ao todo, a energia gerada pelas duas usinas abastece uma região com cerca de 3 milhões de pessoas, o equivalente às populações de Belo Horizonte e de Vitória juntas.
As vantagens da energia nuclear são: o custo mais barato se comparado com as termoelétricas e ausência de riscos relacionados com os problemas climáticos, como ocorre com as hidroelétricas. “As usinas nucleares geram energia o tempo todo ao longo do ano e não dependem de fatores naturais. A crise hídrica mostrou em 2001 a importância da energia nuclear quando entrou em operação Angra 2, coincidentemente no final de 2000, início de 2001. Agora, nesse momento, uma entrada de Angra 3 seria muito positiva para a gestão da crise”, disse o presidente da Eletronuclear, Leonam Guimarães. Cerca de 70% das obras civis de Angra 3 foram concluídas e 75% dos equipamentos da usina, comprados. Eles estão armazenados em 37 galpões. São cerca de 10 mil itens que passam permanentemente por um processo de manutenção. A expectativa é de que a retomada da construção da usina ocorra ainda este ano. De acordo com a previsão da Eletronuclear, Angra 3 entrará em operação em 2026. Ela vai gerar energia suficiente para abastecer 4,5 milhões de brasileiros, o que representa 60% dos habitantes do Rio de Janeiro.
“A retomada da obra está a pleno vapor. Já foi realizado um processo licitatório para contratação da obra civil, A expectativa é de assinar esse contrato ainda em outubro. É uma obra importante que vai gerar até 10 mil empregos diretos”, disse diretor técnico da Eletronuclear, Ricardo Santos.
Além da retomada da construção de Angra 3, o governo federal também está investindo em outras fontes de energia, como a eólica e a solar. Segundo o Ministro de Minas e Energia, Bento Albuquerque, o objetivo é aumentar a diversificação da matriz energética brasileira. Atualmente, 60% da energia utilizada no país vem das hidrelétricas. Bento Albuquerque acredita que, em 2030, esta dependência vai ser reduzida para, no máximo, 49%.
“Teremos também mais usinas nucleares entrando em operação, o que é importantíssimo, porque ela gera continuamente e é uma energia limpa. E também o crescimento da geração de energia eólica e fotovoltaica. Também estão sendo desenvolvidas tecnologias para armazenar energia gerada durante o dia, por exemplo, pela energia solar ou quando está ventando, para que ela possa ser utilizada em momentos em que não há luz e não há vento e possa manter o equilíbrio do sistema”, disse o ministro.
A energia eólica é responsável por quase 11% do consumo brasileiro e deve chegar a 13,6% em 2025. Já a solar representa 2% da matriz energética do país e deve encerrar este ano perto dos 3%. O professor de planejamento energético do Instituto Alberto Luiz Coimbra de Pós-Graduação e Pesquisa de Engenharia, da Universidade Federal do Rio de Janeiro (Coppe/UFRJ), Marcos Freitas, defende a intensificação de projetos voltados para a energia eólica.
“Com mais de 20 gigas, a energia eólica já se mostra como uma realidade. O Nordeste passou a virar um exportador de energia em função da eólica e ainda tem um potencial muito grande que não foi ainda utilizado”.
Novas fontes de geração de energia também são desenvolvidas nos laboratórios da hidrelétrica de Itaipu. Um dos projetos está relacionado com a produção do biogás. Uma parceria firmada com produtores rurais do oeste do Paraná está permitindo gerar energia com os dejetos de animais.
Na granja Colombari, os dejetos de 5 mil porcos e de 300 bois são colocados em biodigestores, equipamentos que lembram uma grande estufa. O material entra em decomposição e 30 dias depois produz um gás que movimenta um gerador que distribui a energia fabricada na própria fazenda.
“A fazenda utilizava cerca de 2 mil litros de diesel antes do biogás. A nova fonte, além de atender a nossa necessidade energética, reduziu nosso passivo ambiental, melhorou a qualidade do dejeto que, após a digestão, ele se torna um produto de grande valor para nossas pastagens”, disse o produtor rural Pedro Colombari.
Todo o projeto do biogás é acompanhado por estudos em laboratório. As pesquisas já mostraram que existem pelo menos 250 fontes que podem ser utilizadas para gerar o biogás. Para o professor da Coppe/UFRJ Mauricio Tolmasquin, a diversificação da matriz energética é fundamental para garantir a segurança do setor.
“Nos últimos 20 anos, já houve uma grande diversificação com a redução do papel da hidrelétrica e o aumento do papel da eólica, do bagaço da cana-de-açúcar, da energia solar, as térmicas também cresceram. E isso é importante para a segurança [energética]. Agora, é importante continuar com essa diversificação. As fontes renováveis podem ter um papel ainda maior na matriz elétrica nacional”.";RJ,PR;integral;energia-solar-1;2026-09-21 20:03:49;;
ae0723b4bc78;Agência Brasil;https://agenciabrasil.ebc.com.br/geral/noticia/2021-08/caminhos-da-reportagem-deste-domingo-trata-da-energia-solar-no-brasil;2021-08-08 09:44:00;Caminhos da Reportagem deste domingo trata da energia solar no Brasil;Em 2017, o país ocupava a 26ª posição no ranking mundial de países que mais usam a tecnologia. Dois anos depois, o Brasil subiu dez posições no ranking.;"As fontes de energia não renováveis, como o petróleo, o carvão mineral, o gás natural e a energia nuclear, apesar de serem encontradas na natureza em grandes quantidades, uma vez esgotadas, não podem mais ser regeneradas. Enquanto isso, as fontes renováveis são inesgotáveis. Entre elas, estão a hídrica, proveniente da água dos rios; a eólica, do vento; a biomassa, da matéria orgânica; e também aquela que vem do sol, a energia solar.
O Brasil tem aumentado o uso do sol para esta finalidade; e a energia solar é o tema do Caminhos da Reportagem deste domingo (8). Em 2017, o país ocupava a 26ª posição no ranking mundial de países que mais usam a tecnologia. Em 2019, pulou para a 16ª posição. “Reino Unido, Alemanha e Japão são três países que estão no top 10. Eles têm na média a metade do recurso solar que o Brasil tem”, afirma Rodrigo Sauaia, presidente da Associação Brasileira de Energia Solar Fotovoltaica (Absolar).
De acordo com Rafael Amaral Shayani, professor do Departamento de Engenharia Elétrica da Universidade de Brasília, a quantidade de energia que o sol fornece para a terra é 10 mil vezes maior do que a quantidade que a gente utiliza. Ou seja, se utilizarmos apenas uma pequena fração, ele diz, conseguimos abastecer o mundo inteiro.
Um segmento de mercado que cresce no Brasil é a chamada geração distribuída solar fotovoltaica, que são os telhados solares, o uso da energia solar junto das residências, de pequenos comércios, de empresas de uma forma geral, como uma padaria, uma farmácia ou um açougue, por exemplo. A energia elétrica é gerada junto do local onde os consumidores a utilizam.
Nossa equipe de reportagem visitou um prédio em um bairro de Brasília para conhecer a experiência dos moradores com essa tecnologia. O síndico, Geová Parente, justifica a decisão de usar placas fotovoltaicas no condomínio com dois argumentos: energia limpa é melhor para o meio ambiente, e ainda significa economia em dinheiro para os moradores. “A vantagem de você gerar a sua própria energia é que, em primeiro lugar, você não está agredindo o meio ambiente. Em segundo, você tem a garantia de que terá aquela energia por um bom tempo”.
O programa exibido na TV Brasil ainda vai mostrar o Cine Solar, um cinema movido à luz do sol. Em um veículo adaptado com placas fotovoltaicas, o projeto percorre cidades Brasil afora para levar arte a comunidades indígenas e quilombolas, por exemplo. E por falar em viagem, outra experiência que vamos conhecer é a do Aeroporto de Brasília, que construiu uma unidade de usina fotovoltaica para produção de energia de fonte solar para abastecer parte do consumo do terminal aéreo.
A questão da energia elétrica implica em desafios no Brasil. A analista de conservação do WWF-Brasil Alessandra Mathyas lembra que o país ainda não tem 100% de acesso à energia. Na Região Norte, mais de 1 milhão de pessoas vivem em comunidades isoladas, rurais, ribeirinhas, terras indígenas, “que não estão conectadas à rede de eletricidade e que precisam, como todos nós, ter acesso urgente à energia de qualidade. Isso não é um favor, isso é um direito”. O WWF-Brasil, em parceria com o ICMBio e parceiros locais, instalou pequenos sistemas de energia solar fotovoltaica em comunidades extrativistas isoladas na Amazônia.
O programa Caminhos da Reportagem , da TV Brasil , vai ao ar aos domingos, às 20h. Ele é reprisado nas segundas-feiras, às 14h30.
Clique aqui para saber como sintonizar a emissora em canais abertos, em TV por assinatura e por parabólica.
Ficha técnica do programa Reportagem: Claiton Freita Produção: Amanda Cieglinski, Claiton Freitas, Natália Neves e Suzana Guimarães Imagens: André Rodrigo Pacheco Apoio às imagens: Sandro Tebaldi.e Sigmar Gonçalves Auxílio técnico; Alexandre Souza Apoio ao auxílio técnico: Carlos Júnior, Marcelo Vasconcelos, Jairom Rio Branco Edição de texto: Suzana Guimarães e Flávia Lima Edição de imagens: André Eustáquio e Jerson Portela";;integral;energia-solar-1;2026-09-21 20:03:51;;
e6e43d57ae2f;Agência Brasil;https://agenciabrasil.ebc.com.br/geral/noticia/2021-03/hora-do-planeta-energias-renovaveis-ganham-destaque;2021-03-27 07:00:00;Hora do planeta: energias renováveis ganham destaque;Hoje, no dia 27 de março, às 20h30, as pessoas apagarão suas luzes em sinal de apoio a um movimento que pede uma transição energética urgente. O objetivo é amenizar os efeitos causados pelo uso indevido dos recursos do planeta na geração de energia.;"Em todo o mundo, hoje, no dia 27 de março, às 20h30, no horário de Brasília, as pessoas apagarão suas luzes em sinal de apoio a um movimento que pede uma transição energética urgente. O objetivo é amenizar os efeitos causados pelo uso indevido dos recursos do planeta na geração de energia.
Enquanto a maior parte dos países tem como principal fonte energética os combustíveis fósseis, no Brasil a matriz é predominantemente renovável, mas para atender ao crescimento da demanda e garantir segurança energética, a diversificação das fontes também se faz urgente.
“A fonte hidrelétrica praticamente está esgotada, nós usamos todos os recursos viáveis do ponto de vista econômico, social e ambiental, afirma Élbia Gannoum, presidente da Associação Brasileira de Energia Eólica (Abeéolica).
Segundo o diretor do Departamento de Desenvolvimento Energético do Ministério de Minas e Energias (MME), Carlos Príncipe Pires, essa transformação já vem acontecendo nos últimos 21 anos, período em que as hidrelétricas deixaram de representar 82,9% e passaram a 60,9% de todas as fontes de geração elétrica, e deram espaço à energia eólica com participação de 9,6%, a biomassa que hoje representa 8,6% e a solar, com 4,4% da matriz elétrica brasileira.
Outras fontes não renováveis também passaram a ter maior participação na geração de energia no Brasil, mas, segundo Carlos Pires, nesses casos foram estimuladas as fontes com menor emissão, como é o caso do gás natural que cresceu de 2,7% para 8,3%.
Ainda que o potencial torne as fontes renováveis semelhantes em abundância no Brasil, a vocação, o ritmo do desenvolvimento tecnológico e o investimento em pesquisa e inovação acabam determinando como cada uma dessas fontes ocupam o mercado brasileiro.
“A geração distribuída é uma vocação da fonte solar e a eólica tem uma vocação de grande escala, porque as turbinas são melhores, do ponto de vista técnico e econômico, quando encontra ventos melhores e esses ventos estão localizados, ao passo que o sol está distribuído”, afirma a presidente da Abeeólica.
Nos últimos 10 anos, a geração de energia eólica não apenas ocupou a maior fatia da matriz elétrica depois da hidráulica, como também é responsável pela façanha de desenvolver um mercado com 80% de conteúdo nacional. “Dessa forma, nós não estamos sujeitos às variações cambiais e isso talvez seja um dos fatores que explique o crescimento forte e estável da eólica, mesmo em períodos de crise”, afirma Élbia.
Para o coordenador do Núcleo Interdisciplinar de Planejamento Energético da Unicamp, Gilberto Januzzi, a natureza diferenciada dos ventos brasileiros levaram a uma necessidade de incremento na inovação do que veio de fora e a indústria se adaptou.
No entanto, essas adaptações não significam um processo produtivo que garanta uma energia mais barata para quem está na ponta.
Com uma vocação mais voltada para atender ao consumo doméstico na modalidade de geração distribuída, que é quando o pequeno consumidor gera a própria energia, a fonte solar, conhecida como fotovoltaica, é um exemplo claro em que a falta de inovação nacional tornou o custo para o crescimento desse mercado muito alto.
Segundo o professor Felipe Almeida, do campus de Boituva do Instituto Federal de São Paulo, atualmente o que há de mais moderno no mercado de fotovoltaica são tecnologias como as células tipo PERC, desenvolvidas na Austrália, os módulos half cell e bifaciais, desenvolvidos na China e Estados Unidos.
“Um estudo da Abesolar desse ano mostra que em 2021 teremos cerca de 147 mil empregos a mais no Brasil, então, isso pede mão de obra qualificada, cada vez mais”, explica.
Para Gilberto Januzzi, embora o Brasil seja rico em recursos energéticos, tenha um mercado crescente e seja o país em desenvolvimento com maior recurso destinado por lei para fomento de pesquisa e desenvolvimento na área de energias renováveis, ainda é muito dependente da inovação de outros países.
No dia 9 de março, o Conselho Nacional de Políticas Energéticas (CNPE) publicou no Diário Oficial da União a Resolução nº 2, de 10 de fevereiro de 2021 , que determina um direcionamento dos recursos destinados à pesquisa e ao desenvolvimento e prioriza estudos de fontes como hidrogênio, energia nuclear, biocombustíveis e tecnologias de armazenamento.
“Todas essas são temáticas que desempenharão um papel de suma importância para transição energética para economia de baixo carbono”, afirma Agnes da Costa, chefe da Assessoria Especial em Assuntos Regulatórios do MME.
Gilberto Januzzi considera um acerto focar os recursos em tecnologias que são promissoras para o país, como é o caso do hidrogênio, que tem se mostrado promissor quando o assunto é geração de energia e redução de emissão de gases do efeito estufa. “É um tipo de um energético que pode nos ajudar muito, porque temos várias maneiras de produzir hidrogênio, ou células à combustível e também podemos armazenar essa energia”.
O pesquisador explica que embora o uso do hidrogênio como fonte energética seja antigo, novas formas de produzir utilizando as fontes renováveis no processo revelam um enorme potencial brasileiro. O que colocaria o país em uma posição privilegiada na corrida global pela descarbonização, tanto no processo de produção, como na solução de armazenamento e exportação de energia. “É uma oportunidade muito grande que a gente não poderia perder”, diz Gilberto.
Essa oportunidade faz com que o mercado da energia eólica também esteja atento a tecnologia de produção do hidrogênio verde e do uso dos ventos como fonte para gerar outras energias exportáveis.
“Nós temos outra forma da exportação da energia quando nós pensamos na produção dos nossos produtos exportáveis, como são a indústria de mineração de forma geral”, afirma Élbia Gannoum.
Embora sejam fontes não renováveis, os minerais são a principal forma de obter a energia nuclear, hoje gerada principalmente a partir da fissão nuclear do urânio. Esse processo não tem emissão de gases do efeito estufa e também pode ter sua produção associada a outras fontes renováveis.
“Em termos de pesquisa tem coisas fascinantes a serem pesquisadas, mas em termos de ampliar isso no mercado brasileiro eu não consigo ver viabilidade, no ponto de vista até econômico, no médio prazo”, diz.
Para fins energéticos, Gilberto acredita que o interesse internacional no Brasil está mais ligado às fontes renováveis. Ele alerta para o grande potencial das eólicas offshore , que ficam em regiões extraterritoriais, como é o caso de regiões em alto-mar, por exemplo. “A estimativa que a própria Empresa de Planejamento Energético faz é de cerca de 900 gigawatts de potencial”, afirma.
Na visão da presidente da Abeéolica, o início dos investimentos na tecnologia offshore podem ajudar o Brasil a avançar na tecnologia aplicada à geração de energia por meio de ventos no território nacional, as chamadas onshore , servindo como modelo.
Ela explica que isso já ocorreu em países europeus, onde a falta de território para geração de energia onshore gerou uma tecnologia mais robusta.
“Nós estamos vendo máquinas offshore já com capacidade de 15 megawatts e já ouvi falar de uma máquina com 18 megawatts, para offshore . Quando a trajetória tecnológica vai para esse caminho dessas máquinas com potência maior, com torre maior, a trajetória da onshore também vai seguindo esse caminho” afirma.
Em diferentes regiões brasileiras, grupos de pesquisa já trabalham em busca de inovações para geração de energia eólica offshore . Para Gilberto Januzzi, esses grupos podem ser alavancados ainda pela vantagem do país já possuir o knowhow para atuação em plataformas de exploração de petróleo e gás, como no caso do Pré-Sal.
Além da capacidade de gerar biometano para substituir diesel, GLP (gás de cozinha), energia térmica ou elétrica, o biogás também é armazenável. Por toda essa versatilidade, a indústria do biogás seguiu diferentes caminhos pelo mundo.
Enquanto na Alemanha ela gera a maior parte da energia elétrica consumida por lá, no Brasil essa indústria acabou se desenvolvendo mais no setor de tratamento ambiental de resíduos sólidos.
Para Alessandro Gardemann, presidente da Associação Brasileira do Biogás, o potencial do biogás é tão grande que solucionaria diversas questões pendentes na geração das demais fontes, como é o caso do armazenamento.
Assim como na eólica, o setor inovou apenas em adaptações necessárias à indústria nacional e praticamente absorve as tecnologias criadas e testadas em outros países. Para Alessandro, ainda cabem mudanças no marco regulatório para pesquisa e desenvolvimento no setor, onde o risco seja aceito como parte do processo de investigação em um processo. “O insucesso faz parte de um modelo de P&D”, afirma.
Somados aos desafios e potenciais tecnológicos que a transição energética traz em cada uma das fontes, a integração delas por meio dos sistemas inteligentes, ou smart grids , também exigirá do país um novo olhar para inovação no setor de tecnologia da informação. Por meio desses sistemas também é possível mais eficiência de geração e melhoria na utilização dos recursos naturais de forma individual ou integrada.
Segundo a executiva de uma empresa brasileira de inovação, Gabriella Seiler, o avanço dessas tecnologias pode beneficiar o sistema elétrico como um todo, desde os grandes geradores, até o consumidor.
Com tantas possibilidades e potencial, Gilberto Januzzi afirma que o Brasil precisa alinhar recursos financeiro, estruturais e humano no setor de pesquisa e desenvolvimento, que existem em abundância, às demandas do setor produtivo, para que assas inovações possam chegar de forma rápida, com custos que o consumidor possa suportar. “A política pública é muito importante nesse sentido, porque grande parte do esforço em pesquisa básica vem de fundos públicos, não vem do mercado sozinho”, diz.
Segundo Gabriela, esse abismo entre ambiente acadêmico e inovação aplicada fica claro quando o Brasil aparece entre os 15 países que mais publicam e têm citações em artigos científicos, mas essa inovação pouco chega a ser aplicada na sociedade. Para ela, na área de inteligência artificial, esse desafio soma-se a outros como a escassez de talentos, baixo investimento e ainda um bloqueio cultural na aplicação de tecnologias que transformam estruturas fundamentais.";SP;integral;energias-renovaveis;2026-09-21 20:07:56;;
36ac65d9da5e;Agência Brasil;https://agenciabrasil.ebc.com.br/economia/noticia/2020-12/pedranopolis-no-noroeste-de-sao-paulo-tera-complexo-de-energia-solar;2020-12-16 05:49:00;Pedranópolis, no noroeste de São Paulo, terá complexo de energia solar;Projeto fotovoltaico tem entrada em operação prevista para dezembro de 2021. Financiamento do BNDES para usinas de geração solar faz parte do Plano Nacional sobre Mudanças Climáticas.;"Com financiamento de R$ 191 milhões do Banco Nacional de Desenvolvimento Econômico e Social (BNDES), a empresa espanhola Powertis S.A. vai construir três usinas fotovoltaicas, com capacidade instalada de 90 megawatts (MW) de energia, no município de Pedranópolis (SP).
O complexo fotovoltaico produzirá energia renovável para abastecimento de 125 mil residências. As obras deverão gerar cerca de 1,4 mil empregos, informou o BNDES, por meio de sua assessoria de imprensa. O complexo tem entrada em operação prevista para dezembro de 2021.
O projeto utiliza energia vinda do sol e é, portanto, fonte limpa e renovável, de acordo com a Associação Brasileira de Energia Solar Fotovoltaica (Absolar). Além de contribuir para a preservação do meio ambiente, por meio da redução das emissões de gases poluentes na atmosfera, a energia fotovoltaica auxilia na economia de energia elétrica para o consumidor. O infográfico Absolar, atualizado no último dia 24 de novembro, revela que, desde 2012, o Brasil registra mais de 7 gigawatts (GW) de energia solar operacionais, contabilizando mais de 1,1 milhão de toneladas de gás carbônico (CO²) evitadas. O setor envolve mais de R$ 35,4 bilhões em novos investimentos privados.
A Powertis pertence ao grupo Soltec Brasil - Indústria, Comércio e Serviços de Energia Renováveis Ltda. De acordo com o BNDES, esse é o segundo financiamento aprovado pela instituição à empresa para projetos de geração solar. Em outubro passado, o banco aprovou crédito para a construção do Complexo Fotovoltaico Araxá (MG), no valor de R$ 194 milhões.
Segundo a superintendente da Área de Energia do BNDES, Carla Primavera, a aprovação desse novo financiamento para o Complexo Fotovoltaico Pedranópolis, “traduz o compromisso do BNDES com o desenvolvimento de fontes de energia limpas e renováveis”.
Carla informou que o financiamento do banco para a implantação de usinas de geração solar está alinhado ao Plano Nacional sobre Mudanças Climáticas (PNMC) que visa à redução das emissões de gases de efeito estufa. O plano prevê manter elevada a participação de energia renovável na matriz elétrica brasileira.
A energia fotovoltaica participa com 1,6% da matriz elétrica nacional. De acordo com a Absolar, o ranking estadual de geração distribuída de energia solar é liderado por Minas Gerais, cuja participação na potência instalada atinge 19,5%. A cidade mineira de Uberlândia lidera, por sua vez, o ranking municipal , com 1,2%. No ranking mundial de energia solar, o Brasil evoluiu da 26ª posição, em 2017, para a 16ª, no ano passado. Os três primeiros lugares, pela ordem, são ocupados pela China, os Estados Unidos e o Japão.
A assessoria de imprensa do BNDES informou que, até o ano passado, o banco havia contratado cinco projetos solares, totalizando 499 MW, no valor de R$ 1,79 bilhão e viabilizando investimento de R$ 2,84 bilhões. Neste ano de 2020, foram aprovados três novos projetos solares, somando 595 MW. O valor contratado foi de R$ 1,29 bilhão, com geração de investimentos de R$ 1,89 bilhão. As usinas fotovoltaicas financiadas pelo BNDES encontram-se nas regiões Nordeste e Sudeste, nos estados da Bahia, do Rio Grande do Norte, de São Paulo e Minas Gerais.";RN,BA,MG,SP;integral;energia-solar-1;2026-09-21 20:03:53;;
13d106a62b3f;Agência Brasil;https://agenciabrasil.ebc.com.br/economia/noticia/2020-11/furnas-contrata-energia-solar-por-15-anos-investimentos-e-de-r-4-bi;2020-11-13 15:54:00;"Furnas contrata energia solar por 15 anos; investimentos é de R$ 4 bi";Segundo a empresa, no total, serão mil megawatts de potência instalada, distribuídos entre os estados da Bahia, do Ceará e da Paraíba.;"Furnas anunciou, nesta sexta-feira (13), a contratação de 15 empreendimentos de energia solar, para comercialização a partir de 2024. No total, serão mil megawatts de potência instalada, distribuídos entre os estados da Bahia, do Ceará e da Paraíba.
A decisão foi resultado de leilão realizado na quinta-feira (12) pela estatal, para compra de longo prazo de energia elétrica incentivada de novos empreendimentos de fontes eólica e solar no Ambiente de Contratação Livre (ACL). O investimento estimado pelas empresas responsáveis pelos ativos é de cerca de R$ 4,1 bilhões.
“O aumento da participação da energia solar e eólica na matriz elétrica é um fenômeno mundial. No Brasil, que tem uma das matrizes mais limpas do mundo, não pode ser diferente, pois ainda temos muito potencial a desenvolver. As empresas Eletrobras, com 96% da sua geração baseados na energia limpa, são importantes impulsionadoras da economia de baixo carbono”, afirmou o presidente da Eletrobras, Wilson Ferreira Junior.
Os empreendedores geradores interessados em vender energia para Furnas fizeram ofertas para quatro produtos: duas entregas de energia eólica e duas de solar nos submercados Sudeste/Centro-Oeste, Sul e Nordeste de 2024 a 2038.
Participaram do leilão Sociedades de Propósitos Específicos (SPEs), subsidiárias integrais e consórcios. Os interessados também precisaram apresentar histórico positivo na implantação de empreendimentos e demonstrar parâmetros econômico-financeiros saudáveis.
“A partir deste certame, a empresa contribui com a expansão da oferta de energia no Brasil, por meio da viabilização de projetos no mercado livre, o que já se constitui como uma realidade e também uma tendência para o futuro. Nossa intenção é fazer bons negócios com a revenda de energia e ajudar na expansão do setor elétrico, mesmo sem participar diretamente da construção de novos empreendimentos"", concluiu Pedro Brito, presidente de Furnas.
As informações foram divulgadas pela assessoria de Furnas. Dados completos podem ser acessados na página da empresa na internet.";CE,PB,BA;integral;energia-solar-1;2026-09-21 20:03:56;;
601801dc6aa5;Agência Brasil;https://agenciabrasil.ebc.com.br/geral/noticia/2020-10/huawei-avanca-em-energia-solar-no-brasil-e-mira-em-baterias;2020-10-20 16:13:00;Huawei avança em energia solar no Brasil e mira em baterias;Empresas chinesas têm demonstrado interesse pelo mercado de energia elétrica no Brasil e são os principais fornecedores de equipamentos da indústria solar.;"Mais famosa por equipamentos de telecomunicações e pelas recentes controvérsias globais sobre o uso ou não de sua tecnologia 5G, a gigante chinesa Huawei avançou rapidamente no cobiçado setor de energia solar do Brasil, onde lidera no fornecimento de inversores solares, equipamento que recebe a energia dos painéis.
A companhia, que tem 30% desse mercado no Brasil, agora prepara o lançamento de baterias elétricas que podem ser associadas com sistemas de geração fotovoltaica, disse à Reuters uma executiva da empresa.
Empresas chinesas têm demonstrado grande apetite pelo mercado de energia elétrica no Brasil e fabricantes do país oriental são os principais fornecedores de equipamentos da crescente indústria solar do maior país da América Latina, em meio a uma aposta de Pequim em energias renováveis e segmentos inovadores.
Para a Huawei, no entanto, a trajetória do Brasil nessa área está apenas começando.
“Esse setor ainda é muito pequeno em relação ao mercado total, se a gente falar em termos de matriz energética a parte solar representa menos de 2%. Então achamos que a indústria solar tem realmente um futuro muito brilhante no Brasil. E além disso o Brasil tem um recurso muito bom em comparação com qualquer país do mundo, de sol, de irradiação”, disse a diretora de Digital Energy Business da Huawei do Brasil, Quanling Wang.
“A Huawei começou no final de 2016 o negócio de solar no Brasil e até agora, em três anos e pouco, já se tornou líder de mercado”, acrescentou ela, ao comentar que usinas solares em operação ou em construção com inversores solares da Huawei somam cerca de 2 gigawatts em potência.
O Brasil possui atualmente cerca de 3 gigawatts em capacidade instalada em grandes usinas solares, além de cerca de 3,8 gigawatts em sistemas solares em modalidade conhecida como geração distribuída - que envolve a instalação de placas fotovoltaicas em telhados ou terrenos para atender diretamente à demanda de empresas e de consumidores.
“A participação de mercado é de aproximadamente 30%”, disse Wang.
Segundo ela, a Huawei não tem uma meta específica de crescimento nesse setor, mas quer seguir fornecendo, além de módulos, outras soluções como tecnologias que usam inteligência artificial (IA) para melhorar o desempenho dos ativos solares.
A empresa implementou recentemente para um projeto solar da geradora Rio Alto, em Coremas, no sertão da Paraíba, uma solução que promete aumentar a geração e tornar mais efetivas e inteligentes as atividades de operação e manutenção com o uso de algoritmos e modelos matemáticos baseados em IA.
“Na indústria solar temos o objetivo de levar a digitalização para todas usinas”, disse Wang.
Ela acrescentou ainda que a Huawei tem se preparado para lançar no Brasil, em breve, soluções com baterias elétricas, que podem ser associadas a painéis solares, por exemplo, para fornecer energia de forma ininterrupta.
O primeiro lançamento, previsto para o próximo mês, será de uma bateria voltada a clientes residenciais, sob o nome de Luna 2000, que terá design modular e capacidade de até 30 kwh, com módulos de 5 kwh cada. Ela é feita de fosfato de ferro-lítio, normalmente usado em veículos elétricos, segundo a empresa, que deve importar o equipamento.
No primeiro semestre de 2021, a Huawei prevê lançar no país baterias para aplicações comerciais, incluindo em grandes usinas de geração centralizada, acrescentou Wang.
Ela disse que a empresa ainda está em conversas com clientes e parceiros no Brasil para entender as alternativas mais vantajosas de uso de baterias e como se dará a regulamentação do uso desses equipamentos.
A Reuters publicou no final de setembro que a Agência Nacional de Energia Elétrica (Aneel) abriu um processo de discussão pública sobre como ajustar a regulação para permitir a inserção de tecnologias de armazenamento de energia.
“Estamos lançando agora globalmente, mas na China já fizemos alguns projetos piloto, e depois no Brasil vamos fazer alguns pilotos também. Estamos em conversas com uma universidade para fazer um laboratório de pesquisa e desenvolvimento (P&D) incluindo bateria, um P&D para energia solar no Brasil, mas ainda não fechamos o acordo”, disse Wang.
Ela explicou ainda que a Huawei decidiu partir para a fabricação de suas próprias baterias após acumular muitas experiências com aplicações de armazenamento de energia em sua atuação no setor de telecomunicações.
Para a executiva, essas soluções poderiam ser usadas, por exemplo, para garantir fornecimento de energia em regiões remotas que não fazem parte do sistema elétrico interligado, como a Amazônia, onde muitas vezes a energia é gerada por usinas térmicas caras e poluentes.
O avanço da Huawei em energia solar no Brasil ocorre enquanto o presidente Jair Bolsonaro sinaliza que poderá impor restrições no leilão de tecnologia 5G do país, previsto para 2021, em meio a pressões dos Estados Unidos para que a Huawei seja vetada na concorrência, uma possibilidade que tem a simpatia de setores do governo.
Ao mesmo tempo, empresas brasileiras de telecomunicações dizem ter interesse em manter no páreo os chineses, que têm maior produção e preço mais baixo.
Os EUA e seu presidente Donald Trump têm dito que a tecnologia da Huawei para a próxima geração de redes 5G poderia ser utilizada para espionar no Ocidente. A China e a empresa rejeitam veementemente as acusações.
Questionada sobre como a controvérsia sobre o 5G poderia impactar os negócios, incluindo em energia solar, Wang disse que a Huawei “não comenta política” e está focada em suas atividades.
“Em 30 anos de atuação, a Huawei nunca teve um grande incidente relacionado à segurança nos 170 países em que opera. A Huawei tem a confiança de mais de 2 bilhões de consumidores”, disse a empresa, em nota.
A Huawei defendeu ainda que o Brasil não limite sua participação no leilão de 5G. “Banir operadores específicos com base na origem do país não fará nada para proteger as redes de comunicações. Tal ação ampliará ainda mais a exclusão digital, desacelerando o ritmo do desenvolvimento econômico sem proteger as redes de telecomunicações”, acrescentou.
O presidente Bolsonaro tem dado declarações que sinalizam possíveis restrições no leilão de 5G, como em fala recente na abertura da Assembleia Geral das Nações Unidas, no final de setembro, quando disse que eventuais parceiros do país na tecnologia deverão prezar pela “liberdade e proteção de dados”.
A fala, coincidentemente, veio dias após Bolsonaro ter participado pessoalmente da inauguração de uma usina solar no interior da Paraíba que usa inversores e soluções de inteligência artificial da Huawei. Em discurso na ocasião, ele não mencionou a empresa chinesa.Alvo de polêmicas por 5G, Huawei avança em energia solar no Brasil e mira baterias";PB;integral;energia-solar-1;2026-09-21 20:03:58;;
7376597abb70;Agência Brasil;https://agenciabrasil.ebc.com.br/geral/noticia/2020-10/sao-paulo-busca-projetos-para-gerar-energia-solar-na-represa-billings;2020-10-07 15:38:00;São Paulo busca projetos para gerar energia solar na Represa Billings;Os interessados podem apresentar propostas de plantas que gerem entre 1 megawatt-pico e 30 megawatt-pico de energia fotovoltaica em quatro pontos pré-estabelecidos da represa.;"A Empresa Metropolitana de Águas e Energia (Emae) abriu uma chamada pública para empreendimentos flutuantes de geração e energia solar na Represa Billings, na zona sul da capital paulista. As empresas interessadas devem apresentar o formato do projeto, que pode abranger tanto a comercialização livre (em que a energia é negociada diretamente entre o produtor e os consumidores) ou de contratação regulada (feito através das concessionárias de energia).
“A modelagem está aberta. Não estamos definindo nenhum tipo de modelo jurídico. Vamos avaliar o custo-benefício de acordo com o projeto”, explicou o subsecretário de Infraestrutura, da Secretaria Estadual de Infraestrutura e Meio Ambiente (Sima), Glaucio Attorre Penna.
As propostas podem apresentar plantas que gerem entre 1 megawatt-pico e 30 megawatt-pico de energia fotovoltaica em quatro pontos pré-estabelecidos da represa. Segundo Penna, estudos preliminares apontam que entre 10% e 25% da superfície do reservatório poderiam ser aproveitados dessa forma. No entanto, ainda precisam ser feitos mais estudos, inclusive de impacto ambiental, para avaliar qual é o tamanho real desse potencial.
A chamada foi criada após um teste piloto feito pela própria Emae apresentar resultados promissores. “O teste teve um resultado muito bom, que motivou a fazer essa chamada”, disse o subsecretário.
Os projetos apresentados agora também vão ajudar o governo estadual a definir a melhor forma de aproveitar o potencial fotovoltaico da superfície do reservatório.
A expectativa é que a chamada tenha um bom número de interessados, devido a importância que o setor da energia solar tem ganhado no Brasil e em outras partes do mundo. “Como é uma tendência mundial, compareceram diversos interessados. Nós temos muitos empreendimentos na Região Norte e Nordeste, há um interesse muito grande no mercado nesse tipo de empreendimento”, acrescenta Penna.
A chamada fica aberta por 45 dias úteis. Nesse período, as empresas também devem juntar documentos que comprovem a viabilidade técnica, financeira e ambiental das propostas.";SP;integral;energia-solar-1;2026-09-21 20:04:01;;
4f7e3afdfed8;Agência Brasil;https://agenciabrasil.ebc.com.br/economia/noticia/2020-09/bolsonaro-inaugura-usina-fotovoltaica-no-interior-da-paraiba;2020-09-17 14:21:00;Bolsonaro inaugura usina fotovoltaica no interior da Paraíba;Conjunto de usinas é o maior complexo de energia solar do país. Durante evento, presidente destacou importância do investimento em energias renováveis.;"O presidente Jair Bolsonaro participou hoje (17) da inauguração da Usina Fotovoltaica Coremas III, em Coremas, na Paraíba. O complexo de usinas é o maior de energia solar do país e pertence ao grupo privado Rio Alto Energias Renováveis, que iniciou seus projetos em 2011, a partir dos primeiros leilões públicos em que a energia solar foi inserida.
Bolsonaro destacou a importância do investimento em energias renováveis no país e disse que o governo trabalha para garantir essas parcerias com a iniciativa privada.
“Quero cumprimentar aqueles da Rio Alto que tiveram a coragem de empreender e investir em nosso país. E só se faz isso quando se tem garantia jurídica para tal. E o nosso governo é um governo de respeitar contratos e buscar parcerias e cada vez fazer com que empreender no Brasil seja menos complicado”, disse.
Para o ministro de Minas e Energia, Bento Albuquerque, o Brasil é um exemplo para o mundo em sustentabilidade na geração de energia elétrica.
“Estamos vendo nesse período de pandemia alguns países com apagões e aqui estamos já há seis meses com segurança energética. As nossas fontes limpas e renováveis representam 85% da geração de energia elétrica brasileira enquanto a média no mundo é 24%. Isso é motivo de orgulho para todos os brasileiros”, disse.
Albuquerque também destacou o potencial do Nordeste para as fontes renováveis de energia. De acordo com ele, as fontes solar e eólica representam hoje cerca de 11% da capacidade de geração de energia do país. “E serão 25% em 2030”, disse o ministro. “Somente a Região Nordeste contribui com 84%, o que mostra a força da região para o setor de energias renováveis”.";PB;integral;energia-solar;2026-09-21 20:04:33;;
87b3ee213cfb;Agência Brasil;https://agenciabrasil.ebc.com.br/geral/noticia/2020-08/bolsonaro-auxilio-e-pouco-para-quem-recebe-e-muito-para-quem-paga;2020-08-29 14:06:00;Bolsonaro: auxílio é “pouco para quem recebe e muito para quem paga”;Presidente Jair Bolsonaro esteve em Caldas Novas (GO) neste sábado para inauguração de uma usina de energia fotovoltaica e voltou a dizer que é contra a cobrança de taxas sobre energia solar.;"O presidente Jair Bolsonaro voltou a anunciar hoje (29) que o governo trabalhar pela prorrogação do auxílio emergencial até o final do ano, com um valor abaixo dos atuais R$ 600, mas acima de R$ 200,00.
“Sabemos da necessidade daqueles que recebem o auxílio emergencial, e ele é pouco para quem recebe e muito para quem paga”, disse o presidente. “Vocês gastam por mês R$ 50 bilhões neste auxílio. Nós pretendemos com um valor menor, que obviamente não será 600, mas também não será 200, prorrogá-lo até o final do ano”, acrescentou.
Pago em razão da crise econômica provocada pela pandemia de covid-19, a criação do benefício foi aprovada pelo Congresso em março e sancionada pelo presidente no mês seguinte. Os beneficiários aprovados, que incluem desempregados e informais, recebem hoje três parcelas mensais de R$ 600,00.
Bolsonaro fez o anúncio no município goiano de Caldas Novas, onde participou hoje (29) da inauguração de uma usina de energia fotovoltaica, junto com o ministro das Minas e Energia, Bento Gonçalves, e o governador de Goiás, Ronaldo Caiado (DEM).
A usina, com capacidade para iluminar 4.256 casas, foi construída com recursos privados e pertence ao grupo Di Roma, que possui um complexo turístico na cidade goiana, cujo principal atrativo são as águas termais.
No evento, o presidente voltou a se colocar contra a cobrança de taxas sobre geração de energia solar , afirmando que “o sol não será taxado”. Em janeiro, Bolsonaro já havia dito que, após conversas com a cúpula do Congresso, a taxação sobre a atividade estava “sepultada”.
O presidente passou a se posicionar com mais firmeza sobre o assunto depois que uma resolução da Agência Nacional de Energia Elétrica (Aneel) previu mudanças nos subsídios para a compensação da energia produzida em usinas fotovoltaicas. A medida foi depois revista.";GO;integral;energia-solar-1;2026-09-21 20:04:03;;
20be0f8e1f48;Agência Brasil;https://agenciabrasil.ebc.com.br/internacional/noticia/2020-07/onu-pede-fim-do-financiamento-ao-carvao-e-apoio-energia-renovavel;2020-07-10 05:58:00;ONU pede fim do financiamento ao carvão e apoio à energia renovável;Cúpula virtual envolveu 40 países,  que representam 80% do uso de energia e emissões de gases de efeito estufa. Eles discutiram temas como  maneiras de impulsionar a economia e reduzir emissões.;"O secretário-geral da Organização das Nações Unidas (ONU), António Guterres, pediu que países deixem de financiar o setor de carvão e se comprometam a não construir novas usinas movidas pelo combustível fóssil, para que uma mudança rumo à energia limpa seja possível.
As declarações foram feitas em cúpula virtual sobre transição energética, envolvendo 40 países que representam 80% do uso de energia e emissões de gases de efeito estufa. Eles discutiram maneiras de impulsionar a economia, reduzir emissões e tornar os sistemas energéticos mais resilientes às mudanças climáticas.
À medida que países tentam reabrir suas economias em meio à desaceleração causada pela pandemia de covid-19, governos e investidores pedem que os pacotes de recuperação sejam focados, em parte, em estímulos ""verdes"". A União Europeia e a Coreia do Sul já se comprometeram com programas de recuperação voltados ao meio ambiente.
Guterres afirmou que alguns países usaram pacotes de estímulos para fornecer apoio a empresas de combustíveis fósseis que já passavam por problemas financeiros, e que outros optaram por fortalecer as usinas movidas a carvão.
""O carvão não tem vez nos planos de recuperação da covid-19"", disse Guterres em discurso virtual na cúpula, organizada pela Agência Internacional de Energia (IEA, na sigla em inglês).
Para ele, os argumentos a favor de energias renováveis são melhores do que os pró-carvão em praticamente todos os mercados, e empregos relacionados à proteção do meio ambiente e ao crescimento sustentável são fatores cruciais.
Os custos de energias renováveis, como eólica e solar, tiveram forte queda ao longo da última década.
A China, segunda maior economia do mundo e maior produtora global de carvão, disse que está comprometida com um desenvolvimento limpo, eficiente e de baixo teor de carbono no setor energético.
Enquanto isso, o secretário de Energia dos Estados Unidos, Dan Brouillette, afirmou que se opõe a qualquer proibição a combustíveis que produzem emissões de gases de efeito estufa.
""As renováveis não conseguem, por si só, garantir um fluxo confiável de energia para qualquer nação"", disse. ""Resumindo, toda nação pode se beneficiar de um 'mix' mais amplo de combustíveis para manter sua rede funcionando. Se uma fonte não é tão limpa, a inovação busca torná-la mais limpa e, por fim, totalmente limpa"", disse o secretário.";;integral;energia-renovavel;2026-09-21 20:07:20;;
9a31bb5f46e5;Agência Brasil;https://agenciabrasil.ebc.com.br/economia/noticia/2020-03/banco-do-brasil-inaugura-primeira-usina-propria-de-energia-solar;2020-03-16 05:53:00;Banco do Brasil inaugura primeira usina própria de energia solar;Construída pela empresa de energia EDP, a usina de energia solar em Porteirinha, no norte de Minas, vai garantir o fornecimento de energia renovável a 100 agências no estado. Economia será de R$ 80 milhões em 12 anos.;"O Banco do Brasil (BB) tornou-se a primeira instituição administração pública do país a ter a própria usina de energia solar com o objetivo de abastecer as próprias agências. Com capacidade de geração de 14 gigawatts-hora (GWh), o BB inaugurou, na última quinta -feira (12) a usina de energia solar de Porteirinha, no norte de Minas Gerais.
Licitada pelo banco e construída pela empresa de energia EDP, a usina vai garantir o fornecimento de energia renovável para 100 agências no estado, permitindo à instituição economizar R$ 80 milhões em 12 anos. O local tem 19 mil painéis solares concentrados em 20 hectares, o suficiente para abastecer 5.833 residências com consumo médio anual de 2.400 kWh.
A energia produzida entra no sistema da Companhia Energética de Minas Gerais (Cemig). A distribuidora usa essa energia em sua rede e devolve o serviço como crédito na conta de luz do Banco do Brasil. Segundo a instituição financeira, o empreendimento permitirá a redução de 58% na conta de energia das agências em Minas Gerais e diminuirá a emissão de dióxido de carbono em 1 mil toneladas por ano, o equivalente ao plantio de cerca de sete 7 mil árvores.
Até o fim de 2021, o BB pretende inaugurar mais seis usinas solares próprias, uma nova instalação em Minas Gerais. Os demais empreendimentos ficarão em Goiás, no Pará, na Bahia, no Ceará e no Distrito Federal. Quando concluídas, as sete unidades fornecerão 42 GWh de energia por ano, semelhante ao consumo de 17,5 mil residências, deixando de emitir cerca de 3 mil toneladas anuais de dióxido de carbono. Isso representa o plantio de aproximadamente 19 mil árvores.
Atualmente, a capacidade instalada de energia solar no Brasil tem potência de 3,45 gigawatts (GW), somando grandes usinas e os micro e minigeradores distribuídos em todo o país. Segundo a Agência Nacional de Energia Elétrica (Aneel), são 2,26 GW em geração centralizada e 1,19 GW no segmento distribuído.
O estado de Minas Gerais lidera o ranking de geração de energia fotovoltaica no Brasil, seguido do Rio Grande do Sul e de São Paulo. Desde 2012, já foram investidos R$ 8,4 bilhões em projetos com essa fonte no país. No ano passado, foram abertos 92 novos postos de trabalho por dia, segundo a Associação Brasileira de Energia Solar Fotovoltaica (Absolar), que estima em 100 mil o número atual de empregos gerados pelo segmento.
O Banco do Brasil lançou seu plano de sustentabilidade ambiental em 2004, com revisão a cada dois anos. Em 2019, a instituição passou a integrar o Índice Dow Jones de Sustentabilidade (DJSI) da Bolsa de Nova York, índice que reúne empresas com as melhores práticas na área em todo o mundo. No início do ano, a instituição recebeu o prêmio de empresa brasileira mais sustentável no Fórum Econômico Mundial, em Davos, na Suíça.
O banco é listado entre empresas com práticas sustentáveis pela Bolsa de Valores de Londres. Há 15 anos, o BB integra o Índice de Sustentabilidade Empresarial da B3, a bolsa de valores brasileira.
Texto alterado às 10h55 para correção de informação";PA,CE,BA,MG,SP,RS,GO,DF;integral;energia-solar;2026-09-21 20:04:35;;
8ce2c56502ad;Agência Brasil;https://agenciabrasil.ebc.com.br/economia/noticia/2020-01/reducao-do-preco-da-energia-solar-tem-sido-vertiginosa-diz-epe;2020-01-24 19:44:00;Redução do preço da energia solar tem sido vertiginosa, diz EPE;"O presidente da Empresa de Pesquisa Energética (EPE), Thiago Barral, considerou ""vertiginosa"" a redução do preço da energia solar nos leilões de energia. Segundo Barral, isso se deve à grande oferta de projetos, que tem sido maior do que a demanda, o que fortalece a competição. Entre os fatores que estimulam o investimento em energia solar, Barral destacou o baixo risco de desenvolvimento dos projetos, políticas corporativas e a capacidade de atrair capital para financiar os empreendimentos.";"O presidente da Empresa de Pesquisa Energética (EPE), Thiago Barral, afirmou, nesta sexta-feira (24), que a redução do preço da energia solar nos leilões de energia tem sido “vertiginosa”. Segundo Barral, isso se deve à grande oferta de projetos, que tem sido maior do que a demanda, o que fortalece a competição. “As margens são reduzidas, e é grande a diversidade de empresas e empreendedores dispostos a investir nessa fonte.”
Entre os fatores que estimulam o investimento em energia solar, Barral destacou o baixo risco de desenvolvimento desses projetos, políticas corporativas e a capacidade de atrair capital para financiar empreendimentos. “São fatores que influenciam na competitividade”. A expectativa de Barral é que a energia solar se consolide como uma das fontes mais competitivas para expansão da matriz energética nacional, como está indicado no Plano Decenal de Energia da EPE, que foi colocado em consulta pública no ano passado.
Ele ressaltou, porém, que nenhuma fonte isoladamente vai resultar em uma solução de menor custo sistêmico e de segurança adequada para o sistema. “Temos que olhar para o mix , a combinação de várias fontes. A [energia] solar, sozinha, não vai dar conta de atender as necessidades energéticas do país nos próximos anos, mas se apresenta como uma das fontes que têm papel relevante nesse cenário.”
Thiago Barral afirmou que o setor solar fotovoltaico, tal como o eólico, tem sido resultado “surpreendente” e já se apresenta como uma fonte competitiva nos leilões. Ele atribuiu o bom desempenho do setor à inovação e a estratégias industriais.
No curto prazo, Barral disse não ter visto nos leilões nenhum grande projeto de hidrelétrica no Brasil. As exceções são a Usina de Castanheiras, em Mato Grosso, que a própria EPE vem estudando, com potência instalada de 140 megawatts (MW) de energia, que se encontra em etapa de licenciamento; a Usina de Tabajaras, em Rondônia, em estágio mais avançado de desenvolvimento, com capacidade de 400 MW; e a Usina de Bem Querer, em Roraima, com 650 MW, em fase de estudos de impacto ambiental na região e de componente indígena.
Os três projetos foram incluídos no Programa de Parcerias de Investimento (PPI) pela condição de licenciamento ser um aspecto fundamental para o avanço desses empreendimentos. Nenhum deles passou por audiência pública,lembrou Barral.
A EPE é uma empresa vinculada ao Ministério de Minas e Energia.";RO,RR,MT;integral;energia-solar;2026-09-21 20:04:38;;
e964b6929fd1;Agência Brasil;https://agenciabrasil.ebc.com.br/politica/noticia/2020-01/taxacao-de-energia-solar-nao-esta-definida-afirma-governo;2020-01-07 21:16:00;Taxação de energia solar não está definida, afirma governo;O porta-voz da Presidência da República, Otávio Rêgo Barros, afirmou hoje (7) que um dos diretores da Agência Nacional de Energia Elétrica (Aneel), Rodrigo Limp Nascimento, manifestou ao presidente Jair Bolsonaro que também é contra revisar os atuais incentivos concedidos a pessoas e empresas que adotem sistemas de geração de energia solar. Os dois se reuniram no Palácio do Planalto, durante a tarde.;"O porta-voz da Presidência da República, Otávio Rêgo Barros, afirmou hoje (7) que um dos diretores da Agência Nacional de Energia Elétrica (Aneel), Rodrigo Limp Nascimento, manifestou ao presidente Jair Bolsonaro que também é contra revisar os atuais incentivos concedidos a pessoas e empresas que adotem sistemas de geração de energia solar. Os dois se reuniram no Palácio do Planalto, durante a tarde.
""O diretor da Aneel, o senhor Rodrigo Limp Nascimento, conversou com o presidente sobre vários aspectos relacionados aos temas da energia solar e esboçou o seu posicionamento pessoal de estar alinhado ao presidente da República no tocante a essas questões de energia solar, de tributação ou não tributação"", disse o porta-voz em entrevista a jornalistas. Limp Nascimento é um dos cinco diretores da agência, que tem autonomia, definida em lei, para regular o setor elétrico no país. Rêgo Barros reforçou que o governo respeita a autonomia da agência, mas que a manifestação do diretor revela ""um sentimento de que a Aneel entende a posição do presidente"".
Desde o fim de semana, o presidente Jair Bolsonaro tem se manifestado publicamente contra qualquer tipo de ""taxação"" na chamada geração distribuída de energia solar. Segundo o porta-voz da Presidência da República, a não taxação vai estimular investimentos no setor e pode desenvolver uma nova matriz energética no país, especialmente no Nordeste.
""O presidente Bolsonaro tem enfatizado que é contrário à taxação da energia solar e conta com o apoio decisivo dos senhores presidentes da Câmara, Rodrigo Maia, e do Senado, Davi Alcolumbre. A não taxação da energia solar estimulará o investimento nesse setor, principalmente para uso doméstico e em pequenas empresas. Deve-se observar que a Região Nordeste é uma das mais privilegiadas do planeta pela presença extensiva e concentrada do fluxo da mais poderosa fonte de energia, que é o sol. Em razão disso, poderá se tornar a base de uma nova matriz de energia limpa, renovável e, por que não dizer, democrática"", disse Rêgo Barros.
Em 2012, a Aneel editou a Resolução 482 com o objetivo de promover e incentivar a instalação, pelos consumidores, de painéis fotovoltaicos para a geração de energia elétrica. Com a medida, os usuários poderiam usar a rede distribuidora da concessionária de energia para transmitir e armazenar o excedente gerado para consumo posterior. A diferença entre aquilo que é consumido entre a rede elétrica e os painéis solares era então descontada da conta final de energia do consumidor, que também inclui empresas.
A revisão dessa resolução começou a ser feita no final do ano passado e a expectativa da Aneel era retirar, ao menos em parte, os subsídios que permitiram aos consumidores a utilização da rede de energia elétrica a um baixo custo. Uma eventual nova resolução, se aprovada pela agência, poderá ser derrubada pelo Congresso Nacional.";;integral;energia-solar;2026-09-21 20:04:40;;
476f1b11805e;Agência Brasil;https://agenciabrasil.ebc.com.br/politica/noticia/2020-01/bolsonaro-diz-que-congresso-vai-sepultar-taxacao-de-energia-solar;2020-01-06 11:45:00;Bolsonaro diz que Congresso vai “sepultar” taxação de energia solar;A conversa que teve ontem (5) com os presidentes do Senado, Davi Alcolumbre, e da Câmara dos Deputados, Rodrigo Maia, deixou o presidente Jair Bolsonaro mais otimista com relação à possibilidade de não taxação da energia solar. A estratégia, segundo o presidente, é a de apresentar e aprovar um projeto de lei que proíba essa taxação. “Liguei para o Rodrigo Maia [presidente da Câmara] e para o Davi Alcolumbre [presidente do Senado]. Se a Aneel vir a taxar, eles toparam derrubar a questão.;"A conversa que teve ontem (5) com os presidentes do Senado, Davi Alcolumbre, e da Câmara dos Deputados, Rodrigo Maia, deixou o presidente Jair Bolsonaro mais otimista com relação à possibilidade de não taxação da energia solar. A estratégia, segundo o presidente, é a de apresentar e aprovar um projeto de lei que proíba essa taxação.
“Liguei para o Rodrigo Maia [presidente da Câmara] e para o Davi Alcolumbre [presidente do Senado]. Se a Aneel vir a taxar, eles toparam derrubar a questão. Algum parlamentar deverá apresentar um projeto de lei para taxação zero e eles vão colocar para votar em regime de urgência. Então está sepultada qualquer possibilidade de taxar energia solar”, disse Bolsonaro, hoje (6), ao deixar o Palácio da Alvorada.
Na noite de domingo (5), o presidente usou as redes sociais para informar , por meio de um vídeo, que a decisão sobre a taxação da energia solar é de responsabilidade da Agência Nacional de Energia Elétrica (Aneel).
“Que fique bem claro que quem decide esta questão é a Aneel, uma agência autônoma na qual seus integrantes têm mandato. Não tenho qualquer ingerência sobre eles. A decisão é deles. Nós do governo não discutiremos mais esse assunto, e ponto final”, disse o presidente em vídeo postado nas redes sociais.
Bolsonaro foi enfático ao dizer que quem fala sobre a questão, pelo governo, é ele. “Ninguém fala no governo, a não ser eu, sobre essa questão. Não me interessam pareceres de secretários ou de quem for”, afirmou.
Em junho de 2019, a Secretaria de Avaliação de Políticas Públicas, Energia e Loteria (Secap), do Ministério da Economia, divulgou um relatório por meio do qual apresenta sua visão sobre o setor de energia. Nele, questiona subsídios cruzados do sistema de micro e mini geração distribuída. ""Pelo sistema regulatório atualmente adotado, o consumidor da energia solar deixa de pagar todas os componentes na proporção da energia que gera, inclusive os tributos incidentes"", argumentou a Secap.
Na época, o subsecretário de Energia do Ministério da Economia, Leandro Moreira , disse que “na prática o consumidor de energia solar faz uso do sistema de transmissão e distribuição, mas não paga por ele, e nem pelos tributos contidos em uma conta tradicional de energia, que acabam sendo divididos e custeados pelos consumidores do sistema tradicional”.
Hoje (6), ao deixar o Palácio da Alvorada, Bolsonaro disse que conversará com o ministro da Economia, Paulo Guedes, e com o de Minas e Energia, Bento Albuquerque, sobre o assunto. “O Bento me disse que o presidente da Aneel quer conversar comigo. Parece que é para falar sobre a tarifa zero”, disse.
“A própria Aneel se conscientiza de que essa fonte de energia tem de ser estimulada pelo governo”, disse o presidente, em meio a críticas a “grupos de lobistas que trabalham na transmissão de energia” que, segundo ele, “trabalham dentro da Aneel para taxar a [geração de] energia solar”.
A Aneel informou, por meio de nota, que ""compete ao órgão regulador executar as políticas emanadas do Governo Federal e do Congresso Nacional. As instituições hão de continuar trabalhando de maneira harmônica para o progresso do Setor Elétrico e do Brasil"".";;integral;energia-solar;2026-09-21 20:04:43;;
ac3cd65b2f30;Agência Brasil;https://agenciabrasil.ebc.com.br/politica/noticia/2020-01/bolsonaro-decisao-sobre-taxacao-de-energia-solar-cabe-aneel;2020-01-06 09:05:00;Bolsonaro: decisão sobre taxação de energia solar cabe à Aneel;O presidente Jair Bolsonaro usou as redes sociais para informar que a decisão sobre a taxação da energia solar é de responsabilidade da Agência Nacional de Energia Elétrica, ainda que a posição do governo seja contrária;"O presidente Jair Bolsonaro usou as redes sociais para informar que a decisão sobre a taxação da energia solar é de responsabilidade da Agência Nacional de Energia Elétrica (Aneel), ainda que a posição do governo seja contrária. Bolsonaro diz ainda que posição similar têm os presidentes da Câmara e do Senado.
“No que depender de nós, não haverá taxação da energia solar. E ponto final. Ninguém fala no governo, a não ser eu, sobre essa questão. Não me interessam pareceres de secretários ou de quem for. A intenção do governo é não taxar”, disse Bolsonaro pouco antes de responsabilizar a Aneel caso a taxa venha a ser cobrada.
“Que fique bem claro que quem decide esta questão é a Aneel, uma agência autônoma na qual seus integrantes têm mandato. Não tenho qualquer ingerência sobre eles. A decisão é deles. Nós do governo não discutiremos mais esse assunto, e ponto final”, acrescentou.
Em um outro post , Bolsonaro diz que tanto o presidente da Câmara, Rodrigo Maia, quanto o do Senado, Davi Alcolumbre, manifestaram interesse em definir regime de urgência para o projeto de lei que proíbe a taxação.
“Acabei de conversar com Rodrigo Maia e Davi Alcolumbre sobre a taxação da energia solar proposta pela Aneel. O presidente da Câmara porá em votação projeto de lei, em regime de urgência, proibindo a taxação da energia gerada por radiação solar. O mesmo fará o presidente do Senado. Caso encerrado”, afirma.";;integral;energia-solar;2026-09-21 20:04:45;;
c6e5112c7e5d;Agência Brasil;https://agenciabrasil.ebc.com.br/economia/noticia/2020-01/usinas-de-furnas-poderao-gerar-energia-hidreletrica-e-solar;2020-01-03 15:39:00;Usinas de Furnas poderão gerar energia hidrelétrica e solar;A partir da instalação de um sistema de geração de energia solar fotovoltaica no entorno e no reservatório da Usina Hidrelétrica de Itumbiara, no rio Paranaíba, Furnas Centrais Elétricas vai estudar como este tipo de unidade pode ampliar o tipo de energia produzida. “É uma usina para estudos”, salientou hoje (3), em entrevista à Agência Brasil, o gestor técnico da Gerência de Pesquisa, Serviços e Inovação Tecnológica de Furnas, Jacinto Maia Pimentel. Itumbiara é a maior usina do Sistema Furnas e fica localizada entre os municípios de Itumbiara, em Goiás, e Araporã, em Minas Gerais.;"A partir da instalação de um sistema de geração de energia solar fotovoltaica no entorno e no reservatório da Usina Hidrelétrica de Itumbiara, no rio Paranaíba, Furnas Centrais Elétricas vai estudar como este tipo de unidade pode ampliar o tipo de energia produzida. “É uma usina para estudos”, salientou hoje (3), em entrevista à Agência Brasil , o gestor técnico da Gerência de Pesquisa, Serviços e Inovação Tecnológica de Furnas, Jacinto Maia Pimentel. Itumbiara é a maior usina do Sistema Furnas e fica localizada entre os municípios de Itumbiara, em Goiás, e Araporã, em Minas Gerais.
O projeto de pesquisa e desenvolvimento (P&D) de Furnas vai trabalhar também com o armazenamento de energias sazonais e intermitentes em sistemas de hidrogênio e eletroquímico. “Vamos armazenar energia gerada através da fonte solar, porque ela só pode ser gerada durante o dia. Para buscar ter um período maior de fornecimento de energia de origem solar, a gente armazena”, disse Pimentel. Esse armazenamento é feito em baterias de alta capacidade e também através de hidrogênio, “gás que volta para fazer a geração de energia elétrica”. Essas são as duas formas de armazenamento que serão testadas no projeto.
O projeto básico já foi iniciado e deve ser concluído em 32 meses. “Estamos com 16 meses, no meio do projeto em termos de prazo”, revelou o gestor técnico. O projeto prevê investimentos de R$ 44,6 milhões da carteira de P&D de Furnas e é resultado de parceria com a empresa Base-Energia Sustentável, associada à Universidade Estadual Paulista (Unesp), à Universidade de Campinas (Unicamp), ao Serviço Nacional de Aprendizagem Industrial de Goiás (Senai-GO), à Universidade de Bradenburgo (Alemanha) e à PV Solar.
Jacinto Maia Pimentel informou que a Universidade de Bradenburgo tem experiência no armazenamento de hidrogênio. “Isso facilita a nossa rota tecnológica porque (significa) trabalhar com quem já tem experiência; a gente não fica reinventando o que já foi trabalhado. A gente já vai trabalhar daquele ponto para a frente”, disse.
Pimenteu destacou que o projeto executivo já está pronto e com a aquisição de equipamentos de alta tecnologia realizada e em fabricação nas indústrias. Agora, vai começar a fase de implantação da planta de energia solar no solo. “São duas fontes de geração solar fotovoltaica. Uma no solo e outra será flutuante, no reservatório”, contou. A planta do solo já tem todo o sistema de suporte dos módulos fotovoltaicos montado. Esses módulos são importados da China e até o final deste mês já estarão na usina.
Em junho, Furnas espera realizar o comissionamento, isto é, os testes finais de toda a planta para colocá-la em operação. Serão testados todos os equipamentos e a interligação entre eles, para trabalhar em conjunto, salientou Pimentel. Com isso, a previsão é que até o final de junho, a usina estará funcionando dentro da sua capacidade, permitindo que se iniciem estudos de utilização dessa energia, juntamente com a energia hidrelétrica de Itumbiara.
A perspectiva é que, se tudo der certo, esse sistema de geração de energia solar e hidrelétrica poderá ser implantado em outras usinas de Furnas pelo Brasil. “Furnas já estuda uma forma de utilizar as áreas de suas usinas e seus reservatórios para gerar energia solar também”, disse.
Jacinto Maia Pimentel informou que Furnas já tem instalados em todas as suas usinas sistemas de irradiação solar. A empresa está monitorando para verificar, no futuro, onde é mais propícia a instalação desse tipo de unidade. Ao contrário do projeto da Usina de Itumbiara, em que a energia solar gerada não será comercializada, a parte de energia solar das outras usinas de Furnas “já é uma veia comercial realmente”, confirmou o gestor.
De acordo com exigência da Agência Nacional de Energia Elétrica (Aneel), o monitoramento deve ser executado no prazo de um ano. Pimentel estimou que até o meio deste ano, algumas usinas de Furnas já terão concluído o monitoramento. Isto permitirá à empresa entrar, futuramente, nos leilões para ofertar a energia solar. Furnas deverá priorizar as usinas que mostrem maior rentabilidade, completou o gestor técnico.
A energia solar que será gerada pela usina fotovoltaica será destinada ao Sistema de Serviços Auxiliares da usina hidrelétrica. Essa energia totalizará 1000 kWp ( quilowatts pico, unidade de potência associada à energia fotovoltaica), dos quais 200 kWp serão provenientes das placas localizadas no reservatório da usina, que serão interligados aos 800 kWp das demais placas instaladas em solo. A UHE Itumbiara foi escolhida por apresentar os melhores índices para geração solar em relação às demais usinas do sistema Furnas e por deter um reservatório adequado para a instalação dos painéis fotovoltaicos flutuantes, esclareceu a empresa, por meio de sua assessoria de imprensa.
Ainda de acordo com a assessoria de Furnas, para a obtenção de dados que auxiliem a operacionalidade da planta, foram instaladas uma estação solarimétrica e um ondógrafo flutuante. O conjunto analisa, em tempo real, a incidência de raios solares e a intensidade das ondas no reservatório. Os dados obtidos são enviados para o Laboratório de Dinâmica da Gerência de Serviços e Suporte Tecnológico de Furnas, localizado em Aparecida de Goiânia (GO).";MG,GO;integral;energia-solar;2026-09-21 20:04:47;;
c30de567cb41;Agência Brasil;https://agenciabrasil.ebc.com.br/economia/noticia/2019-11/institutos-federais-receberao-60-milhoes-para-usinas-fotovoltaicas;2019-11-19 17:26:00;Institutos federais receberão R$ 60 milhões para usinas fotovoltaicas;O Ministério da Educação (MEC) liberou R$ 60 milhões para compra e instalação de 852 usinas fotovoltaicas, que usam a radiação gerada pelo sol para produzir energia, em 38 institutos federais, dois centros de educação tecnológica e no Colégio Pedro II, no Rio de Janeiro. Segundo o MEC, o objetivo é gerar economia de energia elétrica. A previsão é que sejam poupados R$ 17,7 milhões por ano. Cada placa solar deverá ser usada por pelo menos 25 anos.;"O Ministério da Educação (MEC) liberou R$ 60 milhões para compra e instalação de 852 usinas fotovoltaicas, que usam a radiação gerada pelo sol para produzir energia, em 38 institutos federais, dois centros de educação tecnológica e no Colégio Pedro II, no Rio de Janeiro .
Segundo o MEC, o objetivo é gerar economia de energia elétrica. A previsão é que sejam poupados R$ 17,7 milhões por ano. Cada placa solar deverá ser usada por pelo menos 25 anos.
Conforme o MEC, cada placa solar deve gerar em média 30,3 MWh/ano de energia ao ano, o que corresponde a uma redução de R$ 20,8 mil nas contas de luz de cada instituição. O valor vai variar de acordo com tarifa da concessionária de energia de cada estado. Cada placa solar tem, em média, vida útil superior a 25 anos.
Em nota, o MEC afirma que o que for economizado poderá ser destinado para ensino, pesquisa e extensão dos campi . ""Somente em 2018, as instituições gastaram R$ 168 milhões com energia elétrica.”
A estimativa é que, com as novas usinas, mais de 5 mil toneladas do gás poluente dióxido de carbono deixem de ser emitidas para a atmosfera.
Título alterado às 19h23 para adequação de informação";RJ;integral;energia-solar;2026-09-21 20:04:50;;
ea01fff1dde6;Agência Brasil;https://agenciabrasil.ebc.com.br/economia/noticia/2019-10/aneel-quer-rever-regras-para-consumidores-que-geram-energia-eletrica;2019-10-15 16:30:00;Aneel quer rever regras para consumidores que geram energia elétrica;A Agência Nacional de Energia Elétrica (Aneel) decidiu hoje (15) abrir uma consulta pública para rever as regras que tratam da chamada geração distribuída, modalidade na qual os consumidores também podem gerar a própria energia elétrica em suas residências, geralmente por meio de painéis solares ou outra solução com fontes renováveis. As contribuições poderão ser recebidas entre 17 de outubro e 30 de novembro. Está prevista também a realização de uma audiência pública em Brasília para manifestações presenciais no dia 7 do mês que vem.;"A Agência Nacional de Energia Elétrica (Aneel) decidiu hoje (15) abrir uma consulta pública para rever as regras que tratam da chamada geração distribuída, modalidade na qual os consumidores também podem gerar a própria energia elétrica em suas residências, geralmente por meio de painéis solares ou outra solução com fontes renováveis. As contribuições poderão ser recebidas entre 17 de outubro e 30 de novembro. Está prevista também a realização de uma audiência pública em Brasília para manifestações presenciais no dia 7 do mês que vem.
Elaborada em 2012, a resolução que trata da micro e minigeração de energia distribuída diz que o consumidor pode tanto consumir quanto injetar na rede de distribuição a energia produzida. Esse excedente fica como crédito e pode ser usado para o abatimento de uma ou mais contas de luz do mesmo titular.
Além disso, a resolução estabelece subsídios para incentivar esse tipo de prática, como a isenção do pagamento de tarifas pelo uso da rede elétrica e também do pagamento de outros componentes da conta de energia, como os encargos setoriais (que geram receita para subsidiar a tarifa social, por exemplo).
Porém, esses incentivos são cobrados de todos os consumidores, inclusive dos usuários “comuns” que recebem a energia somente da distribuidora. Com a revisão da norma, a intenção da agência reguladora é reduzir gradualmente esses subsídios. Na avaliação da Aneel, atualmente a produção desse tipo de energia já tem um custo viável, diferentemente de quando a medida foi implantada.
A proposta que a Aneel vai colocar em consulta prevê um período de transição para as alterações nas regras. Quem possui o sistema vai permanecer com as regras atuais em vigor até o ano de 2030. Os consumidores que realizarem o pedido da instalação de geração distribuída após a publicação da norma (prevista para 2020), passam a pagar o custo da rede.
Em 2030, ou quando atingido uma quantidade de geração distribuída pré-determinada em cada distribuidora, esses consumidores passam a compensar a componente de energia da Tarifa de Energia (TE) e pagam, além dos custos de rede, os encargos setoriais.
No caso da geração remota, quando o consumidor instala seu sistema gerador em local diferente do local de consumo, desde que ambos estejam em sua titularidade e dentro da área de concessão da mesma distribuidora, a proposta prevê dois cenários. Segundo a agência, quem já possui a geração distribuída continua com as regras atualmente vigentes até o final de 2030. Já os novos pedidos de acesso após a publicação da norma passam a pagar custos de rede e encargos.
“As alterações ao sistema de compensação propostas equilibram a regra para que os custos referentes ao uso da rede de distribuição e os encargos sejam pagos pelos consumidores que possuem geração distribuída. Isso vai permitir que a modalidade se desenvolva ainda mais e de forma sustentável, sem impactar a tarifa de energia dos consumidores que não possuem o sistema”, disse a agência.
De acordo com o relator do processo e diretor da Aneel, Rodrigo Limp, as alterações na regra proporcionarão um “avanço responsável da modalidade”. “A proposta em consulta reconhece que a geração distribuída veio para ficar, que a modalidade está crescendo exponencialmente e alcançou a maturidade, portanto, é tempo de revisarmos o normativo para mais adiante não termos um efeito colateral negativo ao sistema elétrico”, disse.
De acordo com a Associação Brasileira de Distribuidores de Energia Elétrica (Abradee), a resolução trouxe condições mais favoráveis para a geração distribuída em um período no qual o custo das placas fotovoltaicas era muito elevado, mas, com a diminuição dos valores, a medida está impactando o caixa das distribuidoras. Com isso, as empresas acabam solicitando a compensação por meio das tarifas.
A associação calcula que atualmente em cerca de 120 mil o número de consumidores beneficiados pela geração distribuída. A Abradee estima em cerca de R$ 650 milhões por ano o valor pago pelos demais consumidores com os subsídios para este tipo de geração.
“Pela regulamentação atual, os consumidores que usam a geração distribuída acabam pagando menos pelos serviços das distribuidoras, embora continuem usando suas redes. Isso significa que os demais consumidores vão pagar pela diferença”, disse a associação.
Segundo o presidente da Abradee, Marcos Madureira, pela regulamentação atual, os consumidores que usam a geração distribuída acabam pagando menos pelos serviços das distribuidoras, embora continuem usando as redes. ""Além disso, esses usuários ficam desonerados de outras componentes da conta de energia, como os encargos setoriais -que geram receita para subsidiar a tarifa social, por exemplo- e, dessa forma, a diferença é arcada pelos demais consumidores"".";;integral;geracao-distribuida;2026-09-21 20:06:55;;
6e3b297f888e;Agência Brasil;https://agenciabrasil.ebc.com.br/geral/noticia/2019-07/porcos-geram-energia-para-cidade-paranaense;2019-07-28 08:00:00;Porcos geram energia para cidade paranaense;Desde a última quarta-feira (26), 72 prédios da prefeitura municipal de Entre Rios do Oeste, no Oeste do Paraná, são abastecidos com energia elétrica gerada pelos dejetos de 40 mil suínos de criadores da região. A iniciativa partiu de uma parceria do poder público com o Parque Tecnológico Itaipu (PTI) e o Centro Internacional de Energias Renováveis (CIBiogás), que viram uma oportunidade para diminuir a poluição ambiental na região. Apesar de pequena, Entre Rios do Oeste conta com uma criação de mais de 150 mil suínos.;"Desde a última quarta-feira (26), 72 prédios da prefeitura municipal de Entre Rios do Oeste, no Oeste do Paraná, são abastecidos com energia elétrica gerada pelos dejetos de 40 mil suínos de criadores da região. A iniciativa partiu de uma parceria do poder público com o Parque Tecnológico Itaipu (PTI) e o Centro Internacional de Energias Renováveis (CIBiogás), que viram uma oportunidade para diminuir a poluição ambiental na região. Apesar de pequena, Entre Rios do Oeste conta com uma criação de mais de 150 mil suínos.
Com o projeto de geração de energia, cerca de 215 toneladas por dia de dejetos de 18 propriedades rurais passaram a ser tratados, servindo de matéria-prima para a para a produção do biogás, usado na geração elétrica. O esquema é razoavelmente simples: os dejetos são recolhidos e acondicionados em biodigestores. Lá dentro ocorre a decomposição desse material por bactérias, gerando o biometano. O gás é transportado por gasodutos até o local da geração de energia. A queima do material, aciona um gerador que produz eletricidade.
A iniciativa não é nova, uma vez que produtores rurais já fazem o uso de dejetos para a produção de energia, utilizada para consumo próprio. A diferença para o projeto paranaense é que a energia produzida é ""vendida"" para a prefeitura, gerando recursos para os produtores. Segundo o presidente do CIBiogás, Rodrigo Régis Galvão, a Minicentral Termoelétrica (MCT) de Entre Rios do Oeste movida a biogás vai resultar em economia para a população, além de resolver o problema ambiental que os dejetos geram.
""A gente está em uma região em que o agronegócio se desenvolveu com muita velocidade e a demanda por energia cresceu muito rápido. Com esse projeto a gente está fazendo o tratamento de 215 toneladas de dejetos de animais por dia, esse resíduo acaba poluindo o solo, os lençóis freáticos e inclusive os rios que acabam desembocando no reservatório de Itaipu. Com isso, o projeto busca transformar um problema ambiental em um ativo econômico"", disse Galvão à Agência Brasil.
Com 480 kW de potência instalada, a energia produzida na usina é vendida para a Companhia Paranaense de Energia (Copel), financiadora da iniciativa e que desconta o total produzido do valor das contas de luz do município. Já à prefeitura cabe o pagamento a cada produtor pela energia gerada. A estimativa é que os produtores envolvidos recebam de R$ 900 a R$ 5 mil, a depender da quantidade de biogás produzida por cada um.
O procedimento utilizado é o da micro e minigeração distribuída, regulamentado pela Agência Nacional de Energia Elétrica (Aneel). Por esse modelo, o consumidor pode produzir a própria energia, a exemplo do uso de painéis solares e do uso de biogás, e depois injetar na rede de distribuição.  Essa energia pode ser utilizada para abater até a totalidade da conta de luz de uma ou mais unidades do mesmo titular.
A diferença é que no modelo de Entre Rios do Oeste, a prefeitura remunera os produtores pela produção do biogás. Medidores nas propriedades mostram a quantidade de biogás de cada ao longo do mês. Ao mesmo tempo, um medidor especial, mostra a quantidade de energia produzida pela usina e injetada na rede. Uma conta simples mostra quanto cada metro cúbico de biogás gera em termos de energia elétrica, o que possibilita cada produtor saber quanto vai receber por sua produção.
""Cada produtor produz o seu biogás e vende o seu biogás. Todo esse gás é coletado por uma rede de gasodutos que passa para a minicentral e lá se produz energia elétrica. A energia gerada vai abater cerca de R$ 80 a 100 mil reais por mês das contas do município"", estima Galvão. ""Quanto mais o produtor produzir biogás é melhor ainda para a prefeitura porque gera crédito [junto à distribuidora de energia] e se ela [a Prefeitura] não usar, pode deixar o crédito para o mês seguinte"", acrescentou.
A iniciativa, de produzir energia elétrica a partir de biogás gerado por dejetos de suínos, começou em 2016. No total, foram investidos R$ 17 milhões na construção de 22 km de gasodutos e da usina. Os custos com a instalação dos biodigestores foram arcados pelos produtores rurais.
Além de dejetos de suínos, também é possível produzir biogás com dejetos de outros animais e com matéria-prima vegetal, como a cana de açúcar. Galvão aponta que a região Oeste do estado tem grande potencial para produzir energia a partir desse tipo de matéria prima, uma vez que o Paraná é um dos estados brasileiros com as maiores criações de suínos e também de aves. A previsão é que o projeto seja instalado em outras cidades do estado.
""Especialmente agora que o governo federal está discutindo a flexibilidade do gás no Brasil, a gente mostra que tem um grande potencial de gás. O país ainda não tem rede coletora, infraestrutura para levar o gás produzido no litoral para o interior. Mas a gente tem um grande potencial de gás a partir de outras fontes, então o Brasil tem que usar esse potencial que tem"", disse Galvão. ""Se já existe o pré-sal, a gente chama esse nosso potencial de pré-sal caipira"", acrescentou.";PR;integral;energia-renovavel;2026-09-21 20:07:23;;
c7476d8017a2;Agência Brasil;https://agenciabrasil.ebc.com.br/geral/noticia/2018-12/energia-solar-leva-qualidade-de-vida-comunidades-no-sul-do-amazonas;2018-12-15 09:55:00;Energia solar leva qualidade de vida a comunidades no sul do Amazonas;Desde que a energia solar começou a ser gerada em Lábrea, no sul do Amazonas, cerca de mil famílias de extrativistas que vivem em torno do município vêm tendo mais acesso à saúde e educação e a meios alternativos de produção econômica. A história dos moradores das comunidades amazônicas beneficiadas pelo acesso à energia limpa foi compartilhada durante a Conferência das Nações Unidas sobre Mudanças Climáticas (COP 24), realizada nesta semana em Katowice, na Polônia.;"Desde que a energia solar começou a ser gerada em Lábrea, no sul do Amazonas, cerca de mil famílias de extrativistas que vivem em torno do município vêm tendo mais acesso à saúde e educação e a meios alternativos de produção econômica. A história dos moradores das comunidades amazônicas beneficiadas pelo acesso à energia limpa foi compartilhada durante a Conferência das Nações Unidas sobre Mudanças Climáticas (COP 24), realizada nesta semana em Katowice, na Polônia.
Por meio do projeto piloto Resex Solar, as comunidades de reservas extrativistas Médio Purus e Ituxi receberam, nos últimos dois anos, capacitação para instalar e manter sistemas solares, que permite gerar energia nas casas e escolas, entre outros pontos da região.
O Resex Solar é desenvolvido pela WWF-Brasil em parceria com o Instituto Chico Mendes de Conservação da Biodiversidade (ICMBio) e o Ministério de Minas e Energia, que abriu edital para doar equipamentos solares que não estavam sendo usados desde a década de 90. O processo de licitação permitiu que a WWF adquirisse 300 painéis solares que foram enviados para a cidade de Lábrea.
A região é uma das mais carentes do país e não oferece energia barata para todas as comunidades. De acordo com relatório da Agência Internacional de Energia (AIE), pelo menos 1 bilhão de pessoas ainda não têm acesso à eletricidade no mundo, sendo que 1 milhão vivem no Brasil, principalmente na Amazônia.
A renda média dos extrativistas do Médio Purus é de R$ 465 por mês, segundo o ICMBio. Se a energia fosse gerada por diesel ou gasolina, seriam consumidos pelo menos R$ 450 da renda mensal das famílias por apenas três horas de funcionamento do gerador por dia. Só nas escolas, seriam gastos mais de R$ 25 por dia para cada quatro horas de aula, período em que o gerador consome um litro de gasolina.
Nos vídeos exibidos durante a COP 24, os moradores destacam que o dinheiro que seria gasto com o combustível pode ser investido em outras necessidades. Desde a instalação dos painéis, as famílias tem conseguido produzir gelo para refrigerar produtos como açaí, castanha, borracha, óleos vegetais, frutas regionais e algumas espécies de peixes para comercialização.
Dados divulgados pela organização mostram que um sistema solar de 0,8KW na Amazônia gera, em média, 4 kwh por dia ou 1.460 Kwh em um ano. Esse volume evita a queima de 489 litros de diesel e a emissão de pelo menos 1.300 quilos de dióxido de carbono na atmosfera.
O sistema de energia solar possibilitou também a instalação de uma bomba hidráulica para produção de alimentos como mandioca e para abastecimento das residências. Quase 90% das pessoas da Reserva Extrativista Médio Purus precisava caminhar até o rio para buscar água em baldes. A coleta da água sem filtragem também provocava doenças, como diarreia.
A geração de energia fotovoltaica também tem contribuído para o monitoramento de algumas espécies de tartarugas na Amazônia e para o combate ao desmatamento ilegal. Como os ribeirinhos têm conseguido se manter na área para extração sustentável dos produtos da biodiversidade, eles contribuem para a proteção das florestas e, assim, para o aumento da capacidade de absorção de carbono da atmosfera.
“Este é um trabalho de forma integrada que mostra que é possível trabalhar a questão da conservação florestal e, ao mesmo tempo, promover desenvolvimento e inclusão social das populações que ali vivem, muitas em situação de carência”, disse à Agência Brasil André Nahur, coordenador do programa Mudanças Climáticas e Energia do WWF-Brasil.
Nahur acrescentou que os extrativistas têm sido conscientizados sobre a importância da produção sustentável sobre a Amazônia e os impactos sobre o controle do aquecimento da temperatura global.
“As mudanças climáticas relacionadas ao desmatamento e à degradação do bioma potencializam muito mais os efeitos para uma população que depende dos recursos naturais para sobreviver. E a Amazônia é fundamental para o regime de chuvas do Centro-Oeste, por exemplo. Então, é importante saber que tudo está conectado. Conservando a floresta e promovendo o desenvolvimento sustentável, estamos contribuindo também com o bem-estar das pessoas em todo o país”, acrescentou.
Um dos principais desafios nessa área é ampliar o uso de energia limpa para outras comunidades. Na fronteira do Acre com o Peru, por exemplo, uma organização ambiental alemã tem trabalhado com comunidades que vivem ao longo do Rio Juruá. “É um absurdo eles terem que levar diesel para lá para gerar energia. Diesel é um produto caro, e o investimento em energia solar seria inicialmente alto, mas é sustentável. Em uma visão de anos, consegue-se economizar o dinheiro que se investe agora no diesel”, comentou a antropóloga Eliane Fernandes Ferreira.
Em parceria com a Universidade de Hamburgo, na Alemanha, Eliane trabalha atualmente em uma pesquisa sobre povos ameaçados da Amazônia.O foco está na cidade de Marechal Thaumaturgo, no Acre, onde muitas famílias transportam diesel pelo Rio Juruá para ter acesso à energia.
Na reserva extrativista do Alto Juruá, as comunidades tem energia só quatro horas por dia, e é difícil para as famílias conservar alimentos e remédios e ter acesso à informação.
“A energia fotovoltaica é a melhor solução porque abrange vários campos onde a sociedade só vai ter a ganhar. Se a gente fala de desenvolvimento sustentável consciente, tem que lutar pela geração desse tipo de energia, sobretudo na floresta. Isso deveria ser prioridade de governo”, enfatizou Eliane.
**A repórter participou da COP 24 a convite da United Nations Foundation";AC,AM;integral;energia-solar;2026-09-21 20:04:52;;
fd088829ff25;Agência Brasil;https://agenciabrasil.ebc.com.br/economia/noticia/2018-11/brasil-tem-matriz-energetica-menos-poluente-entre-grandes-economias;2018-11-19 14:32:00;Brasil tem matriz energética menos poluente entre as grandes economias;O Brasil é o país que apresenta a matriz energética menos poluente entre os grandes consumidores globais de energia, sendo a nação com maior participação de fontes renováveis, mostra o Relatório sobre Mercado de Energias Renováveis 2018 da Agência Internacional de Energia (AIE). Segundo o estudo, o país deverá somar quase 45% de fontes renováveis no consumo final de energia em 2023, principalmente em função da bionergia nos transportes e na indústria e da hidroeletricidade, no setor elétrico. Atualmente, esse percentual corresponde a cerca de 43%.;"O Brasil é o país que apresenta a matriz energética menos poluente entre os grandes consumidores globais de energia, sendo a nação com maior participação de fontes renováveis, mostra o Relatório sobre Mercado de Energias Renováveis 2018 da Agência Internacional de Energia (AIE).
Segundo o estudo, o país deverá somar quase 45% de fontes renováveis no consumo final de energia em 2023, principalmente em função da bionergia nos transportes e na indústria e da hidroeletricidade, no setor elétrico. Atualmente, esse percentual corresponde a cerca de 43%.
Para o diretor executivo da AIE, Faith Birol, o Brasil é “a estrela ascendente no uso sustentável da energia”. “A enorme parcela de renováveis na matriz energética brasileira é uma fonte de inspiração para muitos países em todo o mundo. A ênfase que o governo brasileiro tem colocado nas energias sustentáveis é única”, disse Birol, em mensagem enviada para o lançamento do relatório no Brasil no Palácio Itamaraty.
O analista de Mercados de Energias Renováveis da AIE, Heymi Bahar, também destacou a liderança do Brasil na energia renovável. “Queremos que outros países sigam os passos do Brasil na questão dos renováveis para cumprir os compromissos do Acordo de Paris [sobre mudanças climáticas]. O país tem muito a mostrar ao mundo”, disse Bahar, um dos principais autores do documento.
O relatório indica que o ano de 2020 será “crucial” para as políticas de biocombustíveis ao redor do mundo pois entrará em vigor na China a mistura obrigatória de 10% de etanol à gasolina. Além disso, no Brasil, prevê-se que a Política Nacional de Biocombustíveis (RenovaBio), regulamentada este ano, fortalecerá as bases econômicas da produção de biocombustíveis, acelerando os investimentos em nova capacidade instalada e na produção de usinas existentes. Ainda segundo o estudo, até 2020, a política de biocombustíveis recentemente anunciada na Índia também deverá resultar em aumento da produção.
De acordo com o levantamento, a bioenergia moderna (etanol, biodiesel) representou 50% do consumo energético global oriundo de fontes renováveis no ano passado, quatro vezes mais que as fontes solar fotovoltaica e eólica combinadas. Em 2023, segundo a projeção da AIE, a bioenergia deverá permanecer como a principal fonte de energia renovável, “embora sua participação proporcional deva diminuir ligeiramente, devido à expectativa de aceleração da expansão das fontes eólica e solar fotovoltaica no setor elétrico”.
O relatório projeta que a participação de fontes renováveis na demanda energética global deverá aumentar para 12,4% em 2023, um quinto a mais que no período 2012-2017, e que as energias renováveis vão responder por cerca de 40% do crescimento do consumo energético mundial projetado para os próximos cinco anos.
O subsecretário-geral de Meio Ambiente, Energia, Ciência e Tecnologia do Ministério das Relações Exteriores, embaixador José Antonio Marcondes, destacou a importância da plataforma para o Biofuturo, iniciativa multilateral de 20 países para promoção da bioeconomia sustentável de baixo carbono, concebida pelo governo brasileiro e lançada em 2016.
Marcondes disse que a iniciativa multilateral já contribui para estimular mudanças positivas em vários países, como na China, que anunciou recentemente plano de implementar a política nacional de mistura de etanol; no Canadá, onde está em elaboração um plano que “será exemplo de política sofisticada de redução de carbono na matriz de transportes”, e na Índia, que manifestou interesse em investir em biorrefinarias avançadas.
“O relatório mostra que o Brasil fez escolhas corretas, com políticas de estímulo ao uso do biocombustível, que tem expressões no plano interno, com a RenovaBio, e no plano externo, na plataforma do Biofuturo, na qual o Brasil exerce papel de liderança”, disse o embaixador.
Texto alterado às 14h41 para acréscimo de informação";;integral;energias-renovaveis;2026-09-21 20:08:01;;
29b6199f62ad;Agência Brasil;https://agenciabrasil.ebc.com.br/politica/noticia/2018-09/novo-governo-recebera-bndes-agil-e-com-recursos-em-caixa-diz-ministro;2018-09-27 20:01:00;Novo governo receberá BNDES ágil e com recursos em caixa, diz Oliveira;O próximo presidente da República receberá o Banco Nacional de Desenvolvimento Econômico e Social (BNDES) mais ágil e adequado às características atuais da economia. Segundo o presidente do banco, Dyogo Oliveira, a instituição vem passando por mudanças internas que ficarão como legado positivo ao novo governo.;"O próximo presidente da República receberá o Banco Nacional de Desenvolvimento Econômico e Social (BNDES) mais ágil e adequado às características atuais da economia. Segundo o presidente do banco, Dyogo Oliveira, a instituição vem passando por mudanças internas que ficarão como legado positivo ao novo governo.
“O BNDES estará, ao final deste ano, preparado para conviver com a nova realidade da economia brasileira. Uma economia que tem juros baixos e que está retomando o investimento. O BNDES está se preparando, inclusive internamente, com mudanças de processos, agilização das linhas de crédito, criação de vários novos produtos, mais adequados para cada tipo de empresa. Esse é o BNDES que será deixado de legado para o próximo presidente, com capacidade financeira, com recursos em caixa, com capacidade de emprestar e agilidade para fazer as suas operações”, disse Dyogo.
O ministro participou de evento, nesta quinta-feira (27), na sede do banco, no centro do Rio, quando foram anunciadas linhas de financiamento para energias renováveis, principalmente eólica e solar, no valor total de R$ 2,2 bilhões, sendo R$ 228 milhões provenientes do Fundo Nacional sobre Mudanças Climáticas.
Participaram do lançamento o presidente Michel Temer, os ministros do Meio Ambiente, Edson Duarte; do Planejamento, Esteves Pedro Colnago; e de Minas e Energia, Moreira Franco; além do governador do Rio, Luiz Fernando Pezão, e do prefeito, Marcelo Crivella.
Em seu discurso, o presidente Temer ressaltou a importância da energia renovável para o país e citou avanços ambientais em seu governo. Ele lembrou também sua passagem pela Assembleia-Geral da ONU, no início da semana.
O presidente do banco explicou que os recursos se dividem em duas linhas, já disponíveis nas agências bancárias. “Uma mais voltada às empresas, com recursos do BNDES. E outra mais voltada às famílias e às microempresas, com recursos do fundo do clima. As linhas estão disponíveis na rede bancária. No caso da linha para empresas, já está operacional em toda a rede bancária. A outra linha, para as pessoas físicas e jurídicas, nos bancos públicos”, disse Dyogo.
A linha de crédito do fundo do clima oferecerá uma redução da taxa de juros e será oferecida a pessoas físicas e empresas. A taxa será de 4% anuais para quem tem renda anual de até R$ 90 mil e de 4,5% para quem tem renda maior. Haverá carência de três a 24 meses, com prazo de amortização de até 12 anos. Os financiamentos serão concretizados via Caixa, por meio de suas 5 mil agências espalhadas pelo país.
A expectativa do governo é chegar à instalação de 18 mil painéis solares fotovoltaicos, principalmente em pequenas propriedades nas zonas rurais, a um custo entre R$ 15 mil a R$ 25 mil cada, além de projetos de energia eólica.
A linha principal do BNDES, para fontes renováveis, com dotação inicial de R$ 2 bilhões, por meio do Finame, é dirigida especialmente para condomínios, cooperativas, empresas e produtores rurais, com prazo de pagamento em até 120 meses e carência de até 24 meses. A contratação estará disponível online.";;integral;energia-renovavel;2026-09-21 20:07:27;;
9b6fb10c2425;Agência Brasil;https://agenciabrasil.ebc.com.br/economia/noticia/2018-09/petrobras-negocia-projetos-de-energia-eolica-com-empresa-norueguesa;2018-09-26 22:56:00;Petrobras negocia projetos de energia eólica com empresa norueguesa;A Petrobras e a empresa norueguesa Equinor (ex-Statoil) assinaram hoje (26) um memorando de entendimentos para o desenvolvimento conjunto de negócios para atuarem no segmento de energia eólica offshore no Brasil. As empresas já vêm investigando outras áreas potenciais de cooperação, incluindo desenvolvimento de iniciativas em energias renováveis. O acordo foi assinado no stand da estatal no Rio Oil & Gas 2018, no RioCentro.;"A Petrobras e a empresa norueguesa Equinor (ex-Statoil) assinaram hoje (26) um memorando de entendimentos para o desenvolvimento conjunto de negócios para atuarem no segmento de energia eólica offshore no Brasil. As empresas já vêm investigando outras áreas potenciais de cooperação, incluindo desenvolvimento de iniciativas em energias renováveis. O acordo foi assinado no stand da estatal no Rio Oil & Gas 2018, no RioCentro.
No projeto, as empresas têm uma planta piloto para escala industrial com cataventos com capacidade de geração de 6 a 10 megawatts (MW), que, segundo o diretor, estão entre os maiores cataventos aerogeradores no mundo. Eles serão instalados em Guamaré, no Rio Grande do Norte.
Segundo a Petrobras, a Equinor opera três parques eólicos na costa do Reino Unido e desenvolve outros projetos eólicos offshore no Reino Unido, Alemanha e nos Estados Unidos. A empresa, líder mundial em captura e armazenamento de carbono (CCS), é pioneira no desenvolvimento de soluções para projetos de eólicas offshore para águas profundas.
O diretor de Estratégia, Organização e Sistema de Gestão da Petrobras, Nelson Silva, disse que o plano da estatal para o período 2019/2023 dará mais espaço para investimentos em energia renovável. O plano deve ser anunciado no início de dezembro. “Diferente de planos anteriores, que a gente mencionava uma intenção, agora a gente vai começar a caminhar mais nessa direção”, disse.
A Petrobras tem quatro parques eólicos no Rio Grande do Norte, com 104 MW de capacidade, que foram negociados no Ambiente de Comercialização Regulado (ACR) no leilão de energia de reserva de 2009 e entraram em operação em 2011. Ainda no Rio Grande do Norte, a companhia tem uma planta de pesquisa e desenvolvimento em energia solar fotovoltaica de 1,1 MW, onde estão sendo avaliadas as operações de quatro tipos de tecnologia.
“A gente quer caminhar nessa direção, coisa que não pudemos fazer nesses últimos dois, três anos, porque estávamos com foco na recuperação financeira da companhia. Agora podemos olhar um pouco mais adiante”.
Silva disse que nada será feito sem aprovação de projetos por meio do processo de governança passando por todas as etapas. “O projeto de renováveis não vai ser tratado de maneira diferente de qualquer outro projeto de capital da companhia”.
Segundo o diretor, se for viável, a estatal poderá aumentar a participação em energia renováveis. “Se forem identificadas oportunidades que podem ser desenvolvidas, a intenção é dedicar parte do capital da companhia para esses projetos, mas antes de tudo isso vem a análise econômica. Tem que ser viável economicamente falando”.
Para o diretor, a participação em renováveis é uma tendência do mercado de energia mundial. Apesar de representar ainda uma parcela menor do total da matriz mundial, é a que mais cresce. “É passo a passo, não será uma mudança radical. Já estamos com atividade nessa área, ainda que modesta, mas a gente quer crescer um pouco mais”.";RN;integral;energia-renovavel;2026-09-21 20:07:30;;
e7761fbc72c9;Agência Brasil;https://agenciabrasil.ebc.com.br/economia/noticia/2018-08/senai-eficiencia-energetica-exigira-especializacao-de-trabalhadores;2018-08-23 13:49:00;Senai: eficiência energética exigirá especialização de trabalhadores;O Brasil deve ter, em 2030, cerca de 452 mil empregos ligados à eficiência energética, segundo estimativa Serviço Nacional de Aprendizagem Industrial (Senai). O cálculo foi feito a partir dos compromissos assumidos pelo país na Conferência das Nações Unidas sobre Mudança Climática (COP 21). Atualmente, aproximadamente 136 mil pessoas trabalham em ocupações para melhor aproveitamento energético e geração elétrica por fontes eólicas, fotovoltaicas ou de biomassa. O crescimento das fontes renováveis já tem sido observado nos últimos anos.;"O Brasil deve ter, em 2030, cerca de 452 mil empregos ligados à eficiência energética, segundo estimativa Serviço Nacional de Aprendizagem Industrial (Senai). O cálculo foi feito a partir dos compromissos assumidos pelo país na Conferência das Nações Unidas sobre Mudança Climática (COP 21). Atualmente, aproximadamente 136 mil pessoas trabalham em ocupações para melhor aproveitamento energético e geração elétrica por fontes eólicas, fotovoltaicas ou de biomassa.
O crescimento das fontes renováveis já tem sido observado nos últimos anos. Entre 2012 e 2018, o potencial instalado de energia fotovoltaica passou de 7,2 megawatts (MW) para 1,3 gigawats (GW), de acordo com dados da Agência Nacional de Energia Elétrica (Aneel) mencionados pela CNI. O potencial da energia eólica passou de 2,5 GW para 13,1 GW no mesmo período, segundo dados da Associação Brasileira de Energia Eólica citados no levantamento.
Segundo o gerente educação do Senai nacional, Felipe Morgado, as novas demandas do setor exigem novos conhecimentos para trabalhar na área. “Um aprendizado que a gente teve com a Alemanha é que temos que especializar as profissões tradicionais. Então, os eletricistas, os profissionais de eletroeletrônica, devem fazer especializações para que possam trabalhar na área de eficiência energética e de energias renováveis”, destacou.
Além da especialização em ocupações existentes, o desenvolvimento tecnológico traz ainda vagas em áreas que até pouco tempo não existiam. O Senai estima, por exemplo, que em cinco anos, 10% das empresas do setor de energia solar vão precisar de instaladores de painéis fotovoltaicos. Em 10 anos, a demanda deve partir de até 30% dos empreendimentos do ramo.
Posições que, de acordo com Morgado, abrem as portas para melhores salários e aumentam as chances de se colocar no mercado de trabalho. “As pessoas que vão se especializando, principalmente nas áreas de eficiência energética e energias renováveis, têm um ganho significativo no salário e ganham novas oportunidades de emprego”, enfatizou.
Entre os egressos dos cursos profissionalizantes para carreiras ligadas a energias renováveis, o índice de empregabilidade chega a 70%. De acordo com o levantamento do Senai, entre os mais de dois terços de ex-alunos que estão trabalhando, 53,6% recebem mais do que dois salários-mínimos, sendo que 20,9% ganham mais do que cinco salários.
Apesar de algumas tecnologias se concentrarem em áreas específicas, como a energia eólica no Nordeste, Morgado ressaltou que outras, como a energia solar, estão presentes em qualquer parte do território nacional. “A energia fotovoltaica está em todo lugar: na casa das pessoas, nas indústrias, nas fazendas. Então, é importante teresse profissional bem qualificado para garantir que não exista nenhum problema na instalação e para fazer a manutenção desses equipamentos”.
O Senai oferece 24 cursos em energias renováveis em 12 estados.";;integral;energias-renovaveis;2026-09-21 20:08:03;;
8a35394a4a52;Agência Brasil;https://agenciabrasil.ebc.com.br/geral/noticia/2018-08/brasil-pode-usar-energia-solar-em-motores-de-embarcacoes;2018-08-19 17:30:00;Brasil pode usar energia solar em motores de embarcações;Dentro de cinco a dez anos, o Brasil chegará ao patamar de países como França e Suíça, atualmente líderes no desenvolvimento e uso de embarcações com motores elétricos de propulsão, alimentados por baterias carregadas por painéis solares. Além de diminuírem a emissão de gases, esses motores são menos poluentes. A estimativa foi feita à Agência Brasil pelo professor do Departamento de Engenharia Elétrica do Instituto Alberto Luiz Coimbra de Pós-Graduação e Pesquisa de Engenharia da Universidade Federal do Rio de Janeiro (Coppe-UFRJ), Walter Issamu Suemitsu.;"Dentro de cinco a dez anos, o Brasil chegará ao patamar de países como França e Suíça, atualmente líderes no desenvolvimento e uso de embarcações com motores elétricos de propulsão, alimentados por baterias carregadas por painéis solares. Além de diminuírem a emissão de gases, esses motores são menos poluentes. A estimativa foi feita à Agência Brasil pelo professor do Departamento de Engenharia Elétrica do Instituto Alberto Luiz Coimbra de Pós-Graduação e Pesquisa de Engenharia da Universidade Federal do Rio de Janeiro (Coppe-UFRJ), Walter Issamu Suemitsu.
Ele participou da 15ª Marintec South America, principal evento do continente dedicado aos setores de construção naval, manutenção e operações, encerrado no Rio de Janeiro.
Segundo o professor, as chamadas embarcações solares são uma alternativa de combate visando reduzir a emissão de gases de efeito estufa na atmosfera e a poluição das águas.
“Na Europa, por exemplo, tem países que proíbem barcos de propulsão a sistema de combustão porque, às vezes, tem escape de combustível e aí polui a água dos lagos e rios”, disse. A utilização dos barcos solares ainda apresenta restrições em termos de velocidade e autonomia, destacou. “Porque são barcos alimentados por baterias de painel solar e nem sempre tem sol o tempo todo. Por isso, ainda não estão populares no exterior”, ponderou.
Como o Brasil, ao contrário das nações europeias, é um país ensolarado, ele acredita que apresenta muitas possibilidades para adoção dessa tecnologia no setor naval.
No Departamento de Engenharia Elétrica da Coppe, Suemitsu tem desenvolvido pesquisas sobre motores para barcos solares, visando sua maior confiabilidade. Alguns professores estão trabalhando com conversores eletrônicos de controle para a parte elétrica.
Alguns protótipos poderão ser vistos no período de 10 a 16 de setembro próximo, quando a UFRJ vai realizar no município de Armação dos Búzios, Região dos Lagos, no Estado do Rio, o Desafio Solar Brasil. A competição vai mostrar o conceito do barco e sua capacidade, entre outros elementos. Esse tipo de energia para movimentar embarcações no Brasil pode representar, inclusive, diminuição de custos mais à frente.
“O custo inicial pode ser mais caro, porque se trata de uma tecnologia em evolução, mas, dependendo do tempo de operação, pode ficar vantajoso”. Nesse caso, terá de ser feito um cálculo de viabilidade econômica, sugeriu. A vantagem atual está ligada à questão ambiental. Suemitsu admitiu, entretanto, que, se tiver uma produção industrial e uso mais amplo, o custo desses motores poderá ser reduzido, tal como ocorreu em relação aos painéis fotovoltaicos, cuja instalação já começa a ser vantajosa em áreas urbanas. Várias pesquisas estão em andamento em países da Europa. Existem barcos solares que são usados para pesquisa em áreas ambientalmente protegidas, revelou o professor.
“Realmente, o Brasil está atrasado nesse aspecto, embora tenha um grande potencial de recursos naturais na Amazônia, por exemplo”, afirmou. Nos Estados Unidos, a Marinha quer ter navios elétricos e está fazendo pesquisas no campo de embarcações solares.
Suemitsu disse que os motores solares poderiam ser adotados no Brasil para o transporte de passageiros, inicialmente em embarcações pequenas e médias.
As barcas que fazem a ligação entre o Rio de Janeiro e Niterói poderiam ser uma opção viável. “Vai depender muito do desenvolvimento da tecnologia no futuro. Por enquanto, é melhor para embarcações pequenas e médias”, opinou.
A entrada do Brasil nesse campo exigiria a participação e o interesse da Marinha, por meio de pesquisas, finalizou o professor.";RJ;integral;energia-solar;2026-09-21 20:04:55;;
8bc1cf2ba568;Agência Brasil;https://agenciabrasil.ebc.com.br/economia/noticia/2018-08/fontes-renovaveis-responderam-por-quase-88-da-energia-gerada-em-junho;2018-08-16 15:42:00;Fontes renováveis responderam por quase 88% da energia gerada em junho;As fontes de geração de energia elétrica renováveis representaram, em junho, 81,9% da capacidade instalada de geração de energia e 87,8% da produção total verificada no país. Os dados constam do Boletim de Monitoramento do Sistema Elétrico, divulgado hoje (16) pelo Ministério de Minas e Energia. A capacidade instalada total de geração de energia elétrica do Brasil atingiu 160.381 megawatts (MW) em junho, considerando também as informações referentes à geração distribuída, quando a fonte de energia elétrica é conectada diretamente à rede de distribuição ou situada no próprio consumidor.;"As fontes de geração de energia elétrica renováveis representaram, em junho, 81,9% da capacidade instalada de geração de energia e 87,8% da produção total verificada no país. Os dados constam do Boletim de Monitoramento do Sistema Elétrico, divulgado hoje (16) pelo Ministério de Minas e Energia.
A capacidade instalada total de geração de energia elétrica do Brasil atingiu 160.381 megawatts (MW) em junho, considerando também as informações referentes à geração distribuída, quando a fonte de energia elétrica é conectada diretamente à rede de distribuição ou situada no próprio consumidor.
A matriz hidráulica permanece como a maior fonte geradora de energia, respondendo por 63,7% de toda a energia produzida em junho.
Em seguida, com 9,1%, vem a energia produzida por usinas de biomassa, que utilizam como combustível material orgânico como bagaço de cana, casca de arroz, resíduos de madeira, entre outros para produzir eletricidade. A fonte segue em constante crescimento e hoje já conta com 561 usinas. Diferentes combustíveis da classe biomassa são utilizados no Brasil para geração de energia elétrica: carvão vegetal, resíduos de madeira, bagaço de cana-de-açúcar, casca de arroz, licor negro, biogás, capim elefante e óleo de palmiste.
Já as usinas eólicas responderam por 8,1% da energia produzida em junho e as usinas solares por 1%.
De acordo com o MME, na comparação com o mesmo mês do ano anterior houve um crescimento de 7.401 MW e em termos de capacidade instalada. Desse total, 3.450 MW correspondem a geração hidráulica, 2.219 MW são de fontes de energia eólica, 1.365 MW de fonte solar, 524 MW de biomassa, e com redução das fontes térmicas a combustíveis fósseis.
“No período de um ano, a geração hidráulica registrou aumento de 3,5% na capacidade instalada, atingindo 102.228 MW. A fonte eólica cresceu 20,7% e corresponde por 12.931 MW. A biomassa teve elevação de 3,7% e soma 14.657 MW.  A solar, apesar do volume total menor, cresceu 577% e alcançou 1.602 MW”, informou o MME.
O boletim aponta ainda que houve uma diminuição de 1,8% da capacidade instalada do total das usinas que utilizam petróleo e 0,4% da capacidade total das usinas movidas a carvão. Já a geração distribuída fechou o mês de junho de 2018 com 378 MW instalados em 31.332 unidades, representando 0,2% da matriz de geração de energia elétrica.";;integral;energias-renovaveis;2026-09-21 20:08:06;;
d1326e5af1aa;Agência Brasil;https://agenciabrasil.ebc.com.br/internacional/noticia/2018-07/centro-historico-de-londres-funcionara-com-100-de-energia-renovavel;2018-07-19 08:00:00;Centro histórico de Londres funcionará com 100% de energia renovável;"A ""city londrina"" ou ""The Square Mile"", como é conhecido o centro financeiro e histórico de Londres, funcionará apenas com energia renovável a partir de outubro deste ano. O investimento inclui placas de aquecimento solar nos edifícios e parques eólicos, além da compra de energia renovável já disponível no mercado. A Square Mile é assim conhecida por ter uma milha quadrada, o que representa cerca de 2,6 quilômetros quadrados.";"A ""city londrina"" ou ""The Square Mile"", como é conhecido o centro financeiro e histórico de Londres, funcionará apenas com energia renovável a partir de outubro deste ano. O investimento inclui placas de aquecimento solar nos edifícios e parques eólicos, além da compra de energia renovável já disponível no mercado.
A Square Mile é assim conhecida por ter uma milha quadrada, o que representa cerca de 2,6 quilômetros quadrados. O charmoso distrito, junto com a Cidade de Westminster (City of Westminster), abriga a maioria dos monumentos, museus e pontos de interesse comuns aos turistas que visitam a capital inglesa.
“O fornecimento de energia 100% renovável nos tornará mais limpos e mais ecológicos, reduzindo nossa dependência da rede e mantendo alguns de nossos prédios com eletricidade de carbono zero. Estamos sempre olhando para o impacto ambiental do nosso trabalho e esperamos que possamos ser um farol para outras organizações seguirem o exemplo"", afirmou Catherine McGuinness, presidente do Comitê de Política e Recursos da City of London Corporation (Corporação da Cidade de Londres, em tradução livre).
No coração de Londres, o local já serviu de cenário para dezenas de filmes, entre eles Shakespeare Apaixonado e Quatro Casamentos e Um Funeral , por exemplo, gravados na Igreja de São Bartolomeu.
Em um passeio a pé pelo distrito, os turistas podem visitar a Catedral de São Paulo (St. Paul’s Cathedral), santuário anglicano onde o príncipe Charles e a princesa Diana se casaram. A cúpula da catedral é a segunda maior do mundo, menor apenas do que a da Basílica de São Pedro, no Vaticano.
O bairro, localizado à beira do rio, tem diversas pontes que levam ao outro lado do Tâmisa, entre as quais a Tower Bridge. Inaugurada no ano de 1894, o monumento é um cartão-postal da cidade, sendo um dos pontos mais visitados da capital e reconhecida como uma das pontes mais famosas do mundo. Além disso, os viajantes podem visitar a Torre de Londres e o mercado Leadenhall Market, por exemplo.
Com aproximadamente 8 mil habitantes, a área é o principal centro financeiro da Europa. De acordo com a administração local, mais de 400 mil pessoas se deslocam até lá diariamente para trabalhar e mais de 10 milhões de turistas visitam o local anualmente.
""Ao gerar nossa própria eletricidade e investir em energias renováveis, estamos contribuindo para atender às metas nacionais e internacionais de energia”, completou Catherine McGuinness.
A City of London Corporation é o órgão que controla a área, uma das 33 em que a capital inglesa está dividida. Administrativamente, Londres é dividida em 32 bairros e a Cidade de Londres.";SP;integral;energia-solar;2026-09-21 20:04:58;;
2db312d76b47;Agência Brasil;https://agenciabrasil.ebc.com.br/economia/noticia/2018-07/petrobras-e-franceses-firmam-acordo-para-negocios-em-energia-renovavel;2018-07-10 11:26:00;Petrobras e franceses firmam acordo para negócios em energia renovável;A Petrobras e as empresas francesas Total e Total Eren assinaram na segunda-feira (9) memorando de entendimentos com o objetivo de analisar o desenvolvimento conjunto de negócios nos segmentos de energia solar e energia eólica onshore (em terra) no Brasil. Segundo nota divulgada pela estatal brasileira, a assinatura foi consequência dos promissores resultados iniciais obtidos pela parceria estratégica assinada em fevereiro do ano passado entre as duas empresas. Desde então, a Petrobras e a Total vêm investigando outras áreas potenciais de cooperação.;"A Petrobras e as empresas francesas Total e Total Eren assinaram na segunda-feira (9) memorando de entendimentos com o objetivo de analisar o desenvolvimento conjunto de negócios nos segmentos de energia solar e energia eólica onshore (em terra) no Brasil.
Segundo nota divulgada pela estatal brasileira, a assinatura foi consequência dos promissores resultados iniciais obtidos pela parceria estratégica assinada em fevereiro do ano passado entre as duas empresas. Desde então, a Petrobras e a Total vêm investigando outras áreas potenciais de cooperação.
A realização desse acordo faz parte da estratégia da Petrobras de desenvolver negócios de alto valor em energia renovável, em parceria com grandes players globais, visando a transição para uma matriz de baixo carbono. “O desenvolvimento de uma parceria dessa natureza tem como principais benefícios a diluição de riscos relacionados ao negócio de energias renováveis no Brasil e potenciais ganhos de escala e sinergias”, diz a Petrobras.
Atualmente a Petrobras tem quatro parques eólicos em parceria, totalizando 104 megawatts (MW) instalados. Esses parques foram negociados no Ambiente de Comercialização Regulado (ACR) no leilão de energia de reserva de 2009 e entraram em operação em 2011. A companhia também tem uma planta de pesquisa e desenvolvimento em energia solar fotovoltaica de 1,1 MW no Rio Grande do Norte, onde estão sendo avaliadas as operações de quatro tipos de tecnologia.
Já a Total atua em toda cadeia de valor fotovoltaica por meio da SunPower e da Total Solar, desde a fabricação de células até o desenvolvimento de parques de energia solar ou através da instalação de usinas solares nos segmentos industrial/comercial e doméstico.";RN;integral;energia-renovavel;2026-09-21 20:07:32;;
621c4935e0c1;Agência Brasil;https://agenciabrasil.ebc.com.br/geral/noticia/2018-06/uso-de-energia-solar-no-campo-cresce-com-uso-de-usinas-flutuantes;2018-06-25 17:07:00;Uso de energia solar no campo cresce com usinas flutuantes;O meio rural atingiu 15,8 megawatts de utilização operacional de energia solar fotovoltaica. Essa marca atual significa que este tipo de fonte cresceu nove vezes em 2017 e neste ano já dobrou o uso dessa tecnologia no campo. “Os agricultores descobriram a energia solar fotovoltaica.;"O meio rural atingiu 15,8 megawatts de utilização operacional de energia solar fotovoltaica. Essa marca atual significa que este tipo de fonte cresceu nove vezes em 2017 e neste ano já dobrou o uso dessa tecnologia no campo.
“Os agricultores descobriram a energia solar fotovoltaica. São eles os responsáveis por levar o alimento do campo para as áreas urbanas, e passam, agora, a também ter uma complementação de renda, gerando energia elétrica para abastecer áreas urbanas e reduzir os seus gastos especificamente”, disse à Agência Brasil o presidente-executivo da Associação Brasileira de Energia Solar Fotovoltaica (Absolar), Rodrigo Sauaia,. Segundo o presidente, essa é uma novidade interessante, porque a demanda tem se espalhado em diversos segmentos. “O meio rural tem açudes usando energia solar fotovoltaica flutuante em Goiás. Tem projetos mais tradicionais de bombeamento e irrigação em Minas Gerais, quando começa o dia, o pivô é ligado e quando some o sol ele deixa de irrigar a plantação. Tem indústria de sorvete no Ceará. O período que vende mais sorvete é no verão e aí pode também gerar energia para garantir energia nesta estação do ano quando gastam mais para refrigerar o sorvete. No verão, eles gastam muito mais energia por conta da refrigeração, então, casa bem com a sazonalidade deles, com o custo também é bem positiva essa sinergia”, contou Sauaia.
Além do custo mais baixo, outra vantagem apontada por Rodrigo Sauaia para o uso desta tecnologia no campo é a de ela ser mais limpa. “Muitos desses produtores rurais, às vezes para levar irrigação para uma área produtiva distante da rede elétrica, tinham que levar um gerador a diesel barulhento e poluente no meio da plantação para gerar e poder irrigar. Era péssimo para o meio ambiente, caro para o produtor, mas ele precisava fazer isso. Agora, pode fazer isso com o sol, com um sistema móvel e com energia limpa e sem combustível, sem dor de cabeça para o produtor”, observou.
O engenheiro Orestes Gonçalves Júnior, da empresa F2 Brasil, foi o responsável pela instalação de um sistema de energia solar fotovoltaica flutuante em açudes da Fazenda Figueiredo, produtora de leite, em Cristalina, Goiás. Para o engenheiro, a utilização da área de açude amplia a conservação da região e dá melhor destinação a terras que estejam impactadas. Segundo ele, o uso das placas flutuantes permite ainda ao produtor aproveitar mais a propriedade e manter o solo para as plantações. “Ele não está tirando parte agricultável para botar uma usina. A flutuante libera a área usada para a solar, para continuar fazendo desenvolvimento econômico da atividade do agronegócio e, por outro lado, reduz a evaporação que é um ativo, hoje , importante. Como está faltando muita água, principalmente, em algumas regiões como a do Rio São Francisco, se consegue ter algo em torno de 20% a mais de água por ano. Deixa de tirar água dos rios, ou tem melhor produtividade na irrigação dele fazendo reduzir a evaporação. É econômico, ambiental e ao mesmo tempo em maior volume de água nos açudes”, apontou.
Orestes Gonçalves Júnior destacou ainda que o produtor tem mais uma forma de lucrar com a solar flutuante em açude, que pode ser usado por mais de um produtor da região. Mais uma alternativa para o produtor é usar os açudes para desenvolver projetos de piscicultura.
A energia solar também tem se mostrado um bom negócio para os produtores de agricultura familiar. O presidente da Absolar destacou as linhas de financiamento que o consumidor passou a ter para fazer a instalação do serviço. Ele contou que, no Paraná, um produtor familiar de leite está refrigerando o produto com a energia do sol, depois de conseguir um financiamento por meio do Programa Nacional de Fortalecimento de Agricultura Familiar (Pronaf), que neste caso, tem juros variando entre 2,5% a 5,5% ao ano. Para o período de julho de 2018 a junho de 2019, o BNDES informou que os juros são de até 4,6% e a aquisição do equipamento deve estar vinculada a uma atividade econômica. “A dotação orçamentária ainda será publicada pelo Conselho Monetário Nacional”, completou o BNDES em resposta à Agência Brasil. Para as pessoas físicas e jurídicas que queiram instalar projetos de energia solar fotovoltaica, o banco abriu linhas de financiamento no Programa Fundo Clima para 80% dos itens financiáveis, podendo chegar a R$ 30 milhões a cada 12 meses por beneficiário. Para renda anual de até R$ 90 milhões, o custo é de 0,1% ao ano com a remuneração do BNDES de 0,9% ao ano. Na renda anual acima de R$ 90 milhões, o custo tem o mesmo percentual, mas a remuneração do BNDES é de 1,4% ao ano.
Na visão do presidente da Absolar, a redução de custos para a instalação de um sistema de energia fotovoltaica tem sido um atrativo para o aumento de consumidores neste tipo de fonte. “Em dois anos, a tecnologia barateou em 25%. Nos últimos dez anos, a energia solar fotovoltaica ficou entre 60 a 80% mais barata, com isso hoje em dia já é possível na maior parte do Brasil gerar e produzir a sua própria energia através do sol do seu telhado e no solo do que comprar a energia da rede, por exemplo. Não por acaso, o que mais leva as pessoas a investirem em energia solar fotovoltaica não é só pelo meio ambiente, mas pela economia no bolso que a tecnologia traz”.
O presidente da Absolar comentou que o setor começou 2017 com mais ou menos 90 megawatts de energia solar fotovoltaica operando na matriz elétrica brasileira e terminou o ano com 1.145 megawatts, o que segundo ele, representa crescimento de mais de 11 vezes no período. “São poucos os setores na nossa economia que crescem mais de 11 vezes em um único ano. Essa é a velocidade exponencial que a fonte solar fotovoltaica está acelerando neste momento”.
A expectativa é fechar 2018 com cerca 2.400 megawatts e, assim, o setor vai mais do que dobrar e, permitir ao Brasil subir no ranking mundial da energia solar fotovoltaica. Atualmente o país está entre os 25 a 30, principais países em energia solar fotovoltaica.
No Rio de Janeiro, a distribuidora Light informou que, até maio de 2018, foram registradas 1.036 unidades de consumidores que utilizam a energia bidirecional, o que representa um crescimento de 150% nos últimos dois anos (2016-2018). Em créditos, segundo a empresa, durante o mês de abril deste ano, os consumidores obtiveram 300 Kwh com recursos da fonte solar fotovoltaica. No caso da Light, a maior concentração de usuários está nas zonas Sul e Oeste da cidade do Rio de Janeiro .
Na área pública, os projetos também estão se desenvolvendo. O presidente da Absolar lembrou que a sede do Tribunal Superior Eleitoral (TSE), em Brasília, instalou um sistema de energia solar fotovoltaica no telhado. Além disso, o Ministério de Minas e Energia (MME) é o primeiro prédio do governo federal a receber este tipo de fonte.
“É o primeiro prédio da Esplanada dos Ministérios com energia solar fotovoltaica. Abastece de 5% a 7% da demanda elétrica do prédio”, completando que, diante do impedimento de tráfego aéreo na região por questão de segurança, só foi possível instalar o sistema em uma parte do telhado, já que o transporte de placas utilizadas no sistema ficou restrito.
A assinatura do termo de cooperação com o ministério foi em 2015 e o término da instalação ocorreu no fim de 2016. O projeto-piloto desenvolvido pelo setor custou R$ 500 mil e o governo federal não precisou pagar nada.
“O governo não tirou nenhum centavo do bolso, mas também não recebeu nenhum centavo nosso. Recebeu o sistema com o compromisso de que ele fosse aberto à sociedade brasileira para que ela pudesse acompanhar e entender. Tem uma TV no térreo que mostra em tempo real o quanto o sistema está produzindo de energia e subindo dá para fazer a visitação do sistema”, disse. Rodrigo Sauaia espera que outros ministérios também desenvolvam projetos semelhantes.
Para o executivo, um dos fatores que permitiram a expansão do setor foram os leilões que o governo federal tem realizado desde 2014. “Foi  um leilão em 2014, dois em 2015, um em 2017 e agora um em 2018. Os projetos que foram contratados lá em 2014 e 2015 começaram a entrar em operação, por isso, esse salto grande que tivemos no mercado”. O crescimento de projetos em residências, comércios, indústrias, prédios públicos e produtores rurais também contribuíram para a evolução do setor. “Esse mercado representou cerca de 15% no final do ano do que tínhamos instalado no país. Ele está distribuído ao redor de todos os estados brasileiros em pequenos sistemas junto aos consumidores em todo o Brasil”, disse, ressaltando, que esses consumidores se beneficiam com os créditos de energia para abater o consumo no futuro.";CE,MG,RJ,PR,GO;integral;energia-solar;2026-09-21 20:05:00;;
ca556c5ed231;Agência Brasil;https://agenciabrasil.ebc.com.br/economia/noticia/2018-05/gas-e-energia-solar-devem-ganhar-espaco-na-matriz-energetica-do-rio;2018-05-16 16:33:00;Gás e energia solar devem ganhar espaço na matriz energética do Rio;O gás natural e a energia solar devem ganhar mais relevância na matriz energética do Rio de Janeiro nos próximos 15 anos, segundo estudo do Instituto Alberto Luiz Coimbra de Pós-Graduação e Pesquisa em Engenharia (Coppe/UFRJ) e da Subsecretaria de Estado de Desenvolvimento Econômico. O documento traça dois cenários, um de referência e outro alternativo, em que a busca por eficiência energética se dá de forma mais intensa. Para o pesquisador Amaro Pereira, do Programa de Planejamento Energético da Coppe/UFRJ, o estudo mostra que o estado precisa se beneficiar da disponibilidade de gás natural.;"O gás natural e a energia solar devem ganhar mais relevância na matriz energética do Rio de Janeiro nos próximos 15 anos, segundo estudo do Instituto Alberto Luiz Coimbra de Pós-Graduação e Pesquisa em Engenharia (Coppe/UFRJ) e da Subsecretaria de Estado de Desenvolvimento Econômico.
O documento traça dois cenários, um de referência e outro alternativo, em que a busca por eficiência energética se dá de forma mais intensa. Para o pesquisador Amaro Pereira, do Programa de Planejamento Energético da Coppe/UFRJ, o estudo mostra que o estado precisa se beneficiar da disponibilidade de gás natural.
""O preço da energia no estado do Rio é muito alto, se comparado com os outros estados do Brasil. E o gás não é tão mais alto. Isso pode ser importante para a indústria, que está atrás de fontes que não sejam tão caras"".
Em 2016, o gás natural respondia por uma fatia de 34% das fontes de energia utilizadas no estado. Esse patamar deve subir para ao menos 40%, em 2031. No melhor dos cenários, o gás pode atingir 44% de participação, o dobro do petróleo e derivados. A conversão de veículos automotores para gás, a demanda industrial e o aumento da utilização de gás natural em chuveiros, por exemplo, devem contribuir para o cenário.
No que diz respeito à geração de energia elétrica, o gás natural deve ter um aumento de 19% para 29%. Quando o cenário de maior eficiência energética é considerado, o gás atinge 28% de participação, e a energia solar salta de 0% em 2016, para 6% em 2031. O cenário mais eficiente considera a revitalização das usinas de biomassa, que terão participação de 3% na geração de energia elétrica.
O superintendente de energia da Subsecretaria de Desenvolvimento Econômico (SDE), Sergio Guaranys, defendeu que o poder público deve atuar para impedir que barreiras prejudiquem a busca por menores custos de energia.
""A política pública virá orientando e evitando criar barreiras para o desenvolvimento e a redução de custos. A política publica é não ser obstáculo para reduzir custos"".
Segundo a pesquisa, o Rio de Janeiro tinha, em 2017, 2,2 mil residências com painéis solares para geração de energia. Esse número deve aumentar de forma acelerada, chegando a 331,3 mil unidades em 2031.
""A alternativa fotovoltaica está crescendo naturalmente e bastante"", destacou o superintendente, que explicou que o preço dos terrenos no estado do Rio é alto, o que favorece unidades fotovoltaicas de pequeno porte.
Mesmo no melhor cenário, que inclui o crescimento da energia solar e biomassa, as energias renováveis perderão espaço para as não renováveis no estado do Rio de Janeiro. Em 2016, 12% do total produzido no estado era de fontes renováveis em 2016, o que deve cair para 9% em 2031.
A grande dependência de fontes fósseis de energia já faz com que o Rio de Janeiro produza mais emissões per capita que a média nacional. Enquanto o Brasil emitiu 2,16 toneladas de CO2 para cada habitante em 2016, o Rio de Janeiro emitiu 4,03. Em 2031, essa emissão deve crescer mais de 50% e chegar a 6,44 toneladas para cada habitante. No melhor dos cenários, também haverá crescimento considerável, para 5,74 toneladas.";RJ;integral;energia-solar;2026-09-21 20:05:03;;
84b89ad3a3ba;Agência Brasil;https://agenciabrasil.ebc.com.br/economia/noticia/2018-05/energia-renovavel-emprega-mais-de-10-milhoes-de-pessoas-no-mundo;2018-05-08 18:05:00;Energia renovável emprega mais de 10 milhões de pessoas no mundo;O setor de energia renovável, incluindo as grandes hidrelétricas, emprega mais de 10 milhões de pessoas no mundo, de acordo com dados da quinta edição do relatório Renewable Energy and Jobs – Annual Review, lançado hoje (8) na 15º Reunião do Conselho da Agência Internacional de Energia Renovável (Irena, na sigla em inglês), em Abu Dhabi. De acordo com o relatório, em 2017 foram criados mais de 500 mil empregos, um aumento de 5,3% em relação a 2016.;"O setor de energia renovável, incluindo as grandes hidrelétricas, emprega mais de 10 milhões de pessoas no mundo, de acordo com dados da quinta edição do relatório Renewable Energy and Jobs – Annual Review, lançado hoje (8) na 15º Reunião do Conselho da Agência Internacional de Energia Renovável (Irena, na sigla em inglês), em Abu Dhabi. De acordo com o relatório, em 2017 foram criados mais de 500 mil empregos, um aumento de 5,3% em relação a 2016.
Segundo a Irena, organização intergovernamental global com 156 membros, a China, o Brasil, os Estados Unidos, a Índia, Alemanha e o Japão continuam a ser os maiores empregadores do mercado de energia renovável no mundo, representando mais de 70% de todos os empregos no setor globalmente.
""Embora um número crescente de países esteja colhendo os benefícios socioeconômicos das energias renováveis, a maior parte da produção ocorre em relativamente poucos países e os mercados domésticos variam enormemente em tamanho"", avalia a agência.
Para a Irena, a economia global poderá criar até 28 milhões de empregos no setor até 2050, com a descarbonização do sistema energético. Os dados mostram que a produção de energia solar fotovoltaica continua sendo o maior empregador de todas as tecnologias de energia renovável, respondendo por cerca de 3,4 milhões de empregos. A estimativa é que a China responda por dois terços dos empregos fotovoltaicos, equivalente a 2,2 milhões, o que representa uma expansão de 13% em relação a 2016.
Ao lado da China, Blangladesh, Indía, Japão e os Estados Unidos são os principais empregadores no mercado de energia solar fotovoltaica no mundo. Juntos, os cinco países respondem por cerca de 90% dos empregos em energia solar fotovoltaica em todo o mundo.
No Brasil, o relatório destaca que o número de empregos no segmento de biocombustíveis aumentou 1% em 2017, totalizando 593 400 postos de trabalho. ""Os empregos em etanol diminuíram devido à constante automação e ao declínio da produção de etanol"", aponta a agência.
Apesar da queda na produção de empregos no setor de etanol, a agência disse que houve compensação com os empregos gerados pelo biodiesel. A Irena estima que o Brasil empregou 202 mil pessoas no setor de biodiesel em 2017, 30 mil a mais em relação ao ano anterior.
Já no que diz respeito à indústria eólica, o levantamento estima que o setor emprega cerca de 33.700 pessoas na fabricação, construção, instalação, operação e manutenção. Em 2017, a indústria eólica fechou o ano com 12,8 GigaWatts (GW) de energia acumulados.
De acordo com a agência, novas instalações no mercado de aquecimento solar no Brasil caíram 3% em 2017. O emprego total em 2017 foi estimado em cerca de 42.000 postos de trabalho, com cerca de 27.500 na indústria transformadora e 14.500 na instalação.
Segundo Adnan Z. Amin, diretor-geral da Agência Internacional de Energia Renovável, a energia renovável tornou-se um pilar do crescimento econômico de baixo carbono para governos em todo o mundo, um fato refletido pelo crescente número de empregos criados no setor. Ainda segundo o diretor da agência, os dados também ressaltam um quadro cada vez mais regionalizado, destacando que os benefícios econômicos, sociais e ambientais das energias renováveis são mais evidentes nos países onde existem políticas atraentes para o setor.";;integral;energia-renovavel;2026-09-21 20:07:34;;
01dfbb05ee79;Agência Brasil;https://agenciabrasil.ebc.com.br/internacional/noticia/2018-03/presidente-frances-lanca-alianca-para-mobilizar-us-1-trilhao-para;2018-03-11 11:49:00;Presidente francês lança aliança para mobilizar US$ 1 trilhão para energia solar;O objetivo da aliança lançada por Emmanuel Macron é que nações desenvolvidas transfiram tecnologia e financiem o desenvolvimento da energia solar nas regiões mais pobres José Cruz/Arquivo/Agência Brasil O presidente da França, Emmanuel Macron, abriu neste domingo (11), ao lado do primeiro-ministro da Índia, Narendra Modi, a conferência de fundação da Aliança Solar Internacional (ISA), com o objetivo de conseguir avanços concretos no desenvolvimento desse tipo de energia entre os países-membros. As informações são da Agência EFE.;"O presidente da França, Emmanuel Macron, abriu neste domingo (11), ao lado do primeiro-ministro da Índia, Narendra Modi, a conferência de fundação da Aliança Solar Internacional (ISA), com o objetivo de conseguir avanços concretos no desenvolvimento desse tipo de energia entre os países-membros. As informações são da Agência EFE. A ISA, que conta com o apoio do Banco Mundial, procurará mobilizar até US$ 1 trilhão até 2030 para projetos solares. Para isso, no entanto, Macron disse que é  necessário o apoio da iniciativa privada.
Macron fez um discurso para as delegações de 47 países que farão parte da organização e para 23 chefes de Estado presentes no evento de abertura em Nova Délhi. O objetivo da aliança é que as nações desenvolvidas transfiram tecnologia e financiem o desenvolvimento da energia solar em regiões mais pobres do mundo.
""Junto ao primeiro-ministro Modi, gostaria que todos os que tomem a palavra hoje façam anúncios concretos sobre como vão desenvolver a energia solar em seus próprios países. Estamos obsecados com resultados concretos"", enfatizou Macron.
No discurso, o presidente francês se comprometeu a destinar 600 milhões de euros para projetos por intermédio da Agência Francesa de Desenvolvimento, elevando a quantia reservada para a cooperação no órgão para 1 bilhão de euros até 2022.
Modi destacou a importância de tornar a tecnologia disponível para os países mais pobres, e afirmou que é necessário fornecer financiamento para essas nações em condições favoráveis.
O objetivo da aliança é reunir os 121 países situados entre os trópicos de Câncer e de Capricórnio que tem mais de 300 dias de luz solar ao ano no projeto. Até agora, 61 países já se uniram ao bloco e 32 ratificaram o acordo, informou o primeiro-ministro da Índia.
O pedido de entrada do Brasil na ASI (MSC nº 94/2018) foi encaminhado pela Presidência da República ao Congresso Nacional no dia 26 de fevereiro deste ano e aguarda a apreciação.
A ISA foi promovida pela Índia e apoiada pela França em novembro de 2015, dentro das discussões da Cúpula do Clima de Paris (COP21), e, posteriormente, formalizada em Nova Delhi, em novembro de 2016.";;integral;energia-solar;2026-09-21 20:05:05;;
1e2c28a66ad5;Agência Brasil;https://agenciabrasil.ebc.com.br/economia/noticia/2017-12/governo-anuncia-novo-calendario-para-contratacao-de-energia-nova-em-2018;2017-12-01 21:04:00;Governo anuncia novo calendário para contratação de energia nova em 2018;O Ministério de Minas e Energia divulgou hoje (1°) o calendário para os novos leilões de energia A-4, a chamada energia nova, para abril do ano que vem. De acordo com o ministério, a entrega do suprimento de energia deve começar em 2022. Segundo o ministério, a energia será disponibilizada por meio de empreendimentos hidrelétricos, por projetos de fonte de biomassa, eólica e solar fotovoltaica. No caso dos empreendimentos hidrelétricos, o prazo de suprimento é de 30 anos. Nos demais, a geração a energia será ofertada por disponibilidade, com prazo de suprimento de 20 anos.;"O Ministério de Minas e Energia divulgou hoje (1°) o calendário para os novos leilões de energia A-4, a chamada energia nova, para abril do ano que vem. De acordo com o ministério, a entrega do suprimento de energia deve começar em 2022.
Segundo o ministério, a energia será disponibilizada por meio de empreendimentos hidrelétricos, por projetos de fonte de biomassa, eólica e solar fotovoltaica. No caso dos empreendimentos hidrelétricos, o prazo de suprimento é de 30 anos. Nos demais, a geração a energia será ofertada por disponibilidade, com prazo de suprimento de 20 anos.
O edital prevê que não poderão participar os empreendimentos de geração que entrarem em operação comercial até a data de sua publicação.
O novo leilão ocorrerá após o certame previsto para dezembro, nos dias 18 e 20, quando será realizada a contratação de energia A-4 e A-6 (com contratos para 2023), que preveem a entrada da usinas em operação a partir de 2021 e 2023, respectivamente.
No primeiro caso, além das hidrelétricas, a oferta será para contrato de geração de energia de usinas eólicas, solares e térmicas à biomassa. Já no leilão de energia A-6, a contratação será de usinas hídricas, eólicas e térmicas a gás, biomassa e carvão.";;integral;energia-solar;2026-09-21 20:05:08;;
9b8f301c38ef;Agência Brasil;https://agenciabrasil.ebc.com.br/geral/noticia/2017-08/ministro-anuncia-para-breve-portaria-sobre-energia-solar-em-imoveis-populares;2017-08-10 19:07:00;Ministro anuncia para breve portaria sobre energia solar em imóveis populares;Energia solar reduzirá valor de contas de luz de imóveis do Minha Casa, Minha Vida, diz ministroSoninha Vill/GIZ O ministro das Cidades, Bruno Araújo, informou hoje (10) que será lançada em breve a portaria que prevê a instalação de energia solar nos imóveis do programa Minha Casa, Minha Vida. Na tarde desta quinta-feira, o ministro recebeu o resultado de um estudo para a implementação da energia solar nos empreendimentos do programa habitacional.;"O ministro das Cidades, Bruno Araújo, informou hoje (10) que será lançada em breve a portaria que prevê a instalação de energia solar nos imóveis do programa Minha Casa, Minha Vida. Na tarde desta quinta-feira, o ministro recebeu o resultado de um estudo para a implementação da energia solar nos empreendimentos do programa habitacional.
“Com esse estudo apresentado hoje, vamos trabalhar esta sexta-feira, segunda-feira e terça-feira, para transformar esse trabalho em uma portaria, uma determinação, para que o programa Minha Casa, Minha Vida comece estabelecendo [essa instalação]”, disse Bruno Araújo, ao participar de evento na sede da Federação das Indústrias do Estado de São Paulo (Fiesp). “Semana que vem, seguramente, vamos ter notícia sobre essa nova regra se incorporando ao programa habitacional brasileiro”, afirmou.
Mais cedo, em evento na prefeitura de São Paulo, o ministro disse esperar que, no ano que vem, as unidades habitacionais do programa possam ser entregues à geração de energia alternativa. “Nós elaboramos um protocolo com a Fiesp e com Furnas – hoje receberemos o resultado desse estudo, avaliaremos e transformaremos isso numa portaria. E vamos determinar que, a partir de 2018, o programa Minha Casa, Minha Vida possa começar a gerar energia solar, o que vai baratear as contas dos beneficiários do programa.”
Segundo Araújo, o projeto vai “impulsionar a indústria nacional, reduzir custos, viabilizar a redução da conta de energia das famílias de baixa renda e ajudar a tirar uma carga dos demais sistemas tradicionais de geração de energia”.
De acordo com o estudo, o custo das moradias não sofrerá alteração com a implantação da tipo de energia solar, que será instalado no telhado das edificações. Apresentando o estudo, o vice-presidente do Conselho Superior da Construção, Manuel Rossitto, explicou como o sistema de produção de energia solar seria custeado pelos beneficiários da Faixa 1 do programa. “O proprietário da residência adquire o sistema fotovoltaico junto com a unidade habitacional, com o valor embutido nas prestações que serão pagas pelo imóvel, possuindo o incentivo natural para manutenção e conservação do sistema.”
A implementação de energia solar fotovoltaica no programa foi proposta pela Fiesp em dezembro do ano passado e é resultado de um protocolo de intenções entre a entidade e os ministérios das Cidades e do Trabalho. No sistema fotovoltaico, a energia elétrica é gerada por meio da radiação solar.
Em entrevista à Agência Brasil , o presidente executivo da Associação Brasileira de Energia Solar Fotovoltaica (Absolar), Rodrigo Sauaia, explicou que o beneficiário do programa gastar menos com a conta de luz, ao usar a energia solar. “Conforme as estimativas que foram apresentadas hoje, um consumidor da Faixa 1 do programa tem consumo na faixa de 100 Kwh [quilowatts/hora] por mês de energia elétrica. Esse consumidor, com o sistema projetado com a energia solar, poderá gerar, em sua própria residência, 70 Kwh por mês. Isso significa que ele está tendo uma economia de 70% no gasto de energia elétrica que ele tem no seu dia a dia.”
De acordo com Sauaia, a energia solar não vai substituir a energia tradicional. “Ele [beneficiário do programa] continua aproveitando a energia da rede elétrica. O sistema fotovoltaico complementa, gerando energia limpa. E a energia adicional [de] que a habitação precisar poderá ser obtida da rede”, explicou.
*Colaborou Ludmilla Souza, repórter da Agência Brasil";SP;integral;energia-solar;2026-09-21 20:05:10;;
28f627ecd5c1;Agência Brasil;https://agenciabrasil.ebc.com.br/economia/noticia/2017-07/conferencia-debate-uso-da-energia-solar-no-pais;2017-07-06 15:32:00;Conferência debate uso da energia solar no país;O presidente da Associação Brasileira de Energia Solar Fotovoltaica (Absolar), Rodrigo Sauaia, disse hoje (6) que o setor está em plena expansão em todo o mundo, inclusive no Brasil, mas que o país está atrasado pelo menos 10 anos nos investimentos do setor. A declaração foi dada na conferência Brasil Solar Power, que se encerra hoje. No debate, foi analisada nota técnica colocada em consulta pública na quarta-feira (5) pelo Ministério de Minas e Energia (MME), para debater o aprimoramento do marco legal do setor elétrico.;"O presidente da Associação Brasileira de Energia Solar Fotovoltaica (Absolar), Rodrigo Sauaia, disse hoje (6) que o setor está em plena expansão em todo o mundo, inclusive no Brasil, mas que o país está atrasado pelo menos 10 anos nos investimentos do setor. A declaração foi dada na conferência  Brasil Solar Power, que se encerra hoje. No debate, foi analisada nota técnica colocada em consulta pública na quarta-feira (5) pelo Ministério de Minas e Energia (MME), para debater o aprimoramento do marco legal do setor elétrico.
Sauaia disse que a entidade está analisando a nota para consolidar a posição do setor, mas adiantou que a iniciativa foi muito bem-vinda. “A ideia é a evolução do setor elétrico para melhor. Eu queria destacar a importância estratégica, a meu ver, do ministério ter evoluído tanto no documento prévio quanto nessa nota técnica em si, de incluir uma visão que não é meramente tecnicista. É uma visão que enxerga que a energia elétrica é um meio, não é um fim em si própria, mas é um meio fundamental para a economia, o desenvolvimento e a qualidade de vida da nossa sociedade. E segundo, incorporando a visão de que a energia elétrica tem os seus aspectos econômicos, elétricos e também ambientais e sociais”.
O secretário de Planejamento e Desenvolvimento Energético do MME, Eduardo Azevedo, destacou que a energia solar tem o apoio do ministério e a proposta colocada em consulta pública está “cem por cento aderente ao Plano Nacional de Mudanças Climáticas”, que prevê o aumento da participação de energias renováveis na matriz do país.
“Nos leilões de energia, a gente vai abrir oportunidade para a energia solar. Havia um conservadorismo do setor, causado pela tecnologia disponível na época,  e o leilão era limitado à energia existente. Agora mudou, de seis meses há um ano a gente consegue ter uma nova planta de energia solar. A gente entende que nessa transição tem que respeitar o prazo e o modelo de negócio, que precisam ainda do apoio, mas, com certeza, a intenção é que o subsídio público tenha fim e no final das contas vai convergir para uma competitividade entre as fontes”.
Para o presidente do Operador Nacional do Sistema (ONS), Luiz Eduardo Barata, a proposta do governo federal vem ao encontro com o que o setor deseja já há algum tempo, já que o modelo instituído em 2004 sofre um esgotamento e é preciso aprimorar o modelo.
“É relevante o fortalecimento das fontes renováveis, como a energia solar. Nós estamos bastante defasados com relação ao resto mundo. Na minha avaliação, nos últimos dois anos íamos caminhar para recuperar esse posicionamento. Infelizmente, o país passa por uma crise econômica grave e isso fez retardar esse processo de recuperação. Eu acho que as evoluções que estão sendo propostas nesse modelo vai caminhar na direção daquilo que é a missão principal do Operador, que é assegurar o abastecimento e energia, com segurança, mas também com preços que tanto a indústria, o comércio e a população conseguem pagar”.
Barata lembra que a diversificação de fontes e a busca por energia renovável é uma tendência no mundo todo. “Estamos nos preparando para enfrentar essa realidade, com um sistema com um número muito maior de fontes. Para nós, da operação do sistema, é melhor centraliza do que descentraliza, mas é uma tendência do mundo e vamos encarar com naturalidade”.";;integral;energia-solar;2026-09-21 20:05:12;;
914d9dd09741;Agência Brasil;https://agenciabrasil.ebc.com.br/pesquisa-e-inovacao/noticia/2017-06/crise-hidrica-no-nordeste-impulsiona-mercado-da-energia-eolica;2017-06-07 11:27:00;Crise hídrica no Nordeste impulsiona mercado da energia eólica;"""Cataventos gigantes"" permitem o aproveitamento dos ventos para gerar eletricidadeSoninha Vill/GIZ Os números não deixam dúvida quanto à condição favorável do Brasil, com ventos fortes e contínuos, para a geração de energia eólica. No ano de 2016, por exemplo, a média da relação entre a capacidade instalada nas usinas eólicas no país e a efetiva geração de energia foi de 40,7%, enquanto a média mundial é de apenas 23,8%. Essas usinas têm sistema muito parecido com o de um catavento gigante, que permite o aproveitamento dos ventos para gerar eletricidade.";"Os números não deixam dúvida quanto à condição favorável do Brasil, com ventos fortes e contínuos, para a geração de energia eólica. No ano de 2016, por exemplo, a média da relação entre a capacidade instalada nas usinas eólicas no país e a efetiva geração de energia foi de 40,7%, enquanto a média mundial é de apenas 23,8%.
Essas usinas têm sistema muito parecido com o de um catavento gigante, que permite o aproveitamento dos ventos para gerar eletricidade. Os aerogeradores, como são chamados, têm três pás que se movimentam e propulsionam um rotor, conectado a um eixo, que move um gerador elétrico. Uma engrenagem multiplica a velocidade o suficiente para garantir energia para a geração da eletricidade, que desce da torre por cabos que vão até a rede de transmissão.
Segundo dados divulgados pela Associação Brasileira de Energia Eólica (ABEEólica), essa modalidade em 2016 representou apenas 6% da matriz elétrica brasileira. No entanto, o avanço do uso da geração eólica, com um aumento de 55% de capacidade instalada em usinas espalhadas principalmente pelo litoral, mostra um mercado promissor alavancado pela crise hídrica severa na Região Nordeste.
Diretor de engenharia da empresa responsável pelo complexo eólico de Taíba, em Fortaleza (CE), Luciano Freire acredita que a geração por essa fonte renovável tende a se expandir e ocupar o espaço das usinas termelétricas nas novas demandas. Ele explica que é exatamente no período em que as hidrelétricas menos produzem energia que os ventos sopram mais forte no país. “O Brasil é privilegiado do ponto de vista energético, a nossa matriz é superlimpa, a geração hidrelétrica predomina, mas cada vez mais a gente vai perceber a inclusão da geração eólica e da geração solar. Sem falar da geração de biomassa, que nas regiões Centro-Oeste e Sudeste tem também uma importância muito grande.”
Na Região Nordeste, essa já é uma realidade. É lá que funciona o complexo Taíba, formado por três usinas que somam 27 aerogeradores. Com potência instalada de 57 megawatts (MW), o gerador foi vencedor do primeiro leilão de energia de reserva, em 2009, e hoje se soma aos 10,75 GW de potência eólica, espalhados pelo Brasil, em 430 parques. O estado do Ceará está entre os quatro maiores produtores de energia eólica do país, junto com Rio Grande do Norte, Bahia e Rio Grande do Sul. “A geração eólica tem uma importância capital hoje para o Nordeste. Ela representa cerca de 40% da necessidade de energia para a região. Em alguns períodos do ano, ela chega a suprir mais de 60% da demanda de energia daqui”, acrescenta Freire.
A empresa em que Luciano Freire trabalha tem quatro parques eólicos em funcionamento e dois em construção. Um deles funcionará de forma híbrida – geração eólica e solar fotovoltaica – devido ao regime de vento da região, que tem maior intensidade à noite. “Durante o dia você tem vale de vento, consequentemente um vale de produção de energia, que é totalmente complementar com a geração solar. Com a baixa geração eólica, se constrói nas adjacências um complexo solar que vai atuar como complemento”, explica Luciano. A estimativa, segundo ele, é de que o projeto que está em desenvolvimento em Caldeirão Grande, no Piauí, resulte em uma produção de 400 MW de geração eólica e 120 MW de geração solar.
* A repórter viajou a convite da Agência Alemã de Cooperação Internacional (GIZ)";PI,CE,RN,BA,RS;integral;energia-solar;2026-09-21 20:05:17;;
fab1bd0ef4c7;Agência Brasil;https://agenciabrasil.ebc.com.br/pesquisa-e-inovacao/noticia/2017-06/biometano-ganha-forca-como-alternativa-ao-combustivel-fossil;2017-06-07 11:27:00;Biometano ganha força como alternativa ao combustível fóssil;Usina usa mistura de esgoto, poda de grama e alimentos descartados por restaurantes como matéria-prima na produção de biometanoDivulgação Itaipu A emissão de gases de efeito estufa por veículos e atividades como a agropecuária ainda são um desafio para o Brasil, que tem na geração de energia limpa um grande aliado: o biometano. Combustível menos poluente, o biometano é mais econômico que o etanol e ainda é produzido por dejetos e efluentes, o que garante destinação adequada a esses resíduos.;"A emissão de gases de efeito estufa por veículos e atividades como a agropecuária ainda são um desafio para o Brasil, que tem na geração de energia limpa um grande aliado: o biometano. Combustível menos poluente, o biometano é mais econômico que o etanol e ainda é produzido por dejetos e efluentes, o que garante destinação adequada a esses resíduos.
Assim como o biogás, o biometano é produzido por meio da decomposição de matéria orgânica, na ausência do oxigênio. No entanto, para atingir a quantidade de metano necessária para uso como combustível veicular, o material passa por um processo de purificação. Em 2015, a Agência Nacional de Petróleo (ANP) regulamentou o biometano, reconhecendo o gás como combustível similar ao Gás Natural Veicular, com a vantagem de não ser de origem fóssil, portanto não renovável.
Segundo o assessor de Energias Renováveis da Itaipu Binacional, Paulo Afonso Schimidt, mais do que uma tendência, o biometano é uma necessidade. “Há um estudo que demonstra que se a gente considerar todo o potencial de produção de biogás do país, é algo superior ao volume de produção hoje de Itaipu, então, isso demonstra que há um potencial enorme a ser explorado”, compara.
Em 2014, a empresa integrou à sua frota o uso de veículos movidos por biometano e instalou em suas dependências um posto para abastecimento. Posteriormente, a frota cresceu e, na última semana, a maior produtora de energia hidrelétrica do mundo inaugurou a primeira planta de biometano que usa como matéria-prima a mistura de esgoto, poda de grama e alimentos descartados por restaurantes.
A tecnologia é totalmente desenvolvida em Foz do Iguaçu e é pioneira. Até então, o biometano do Brasil era produzido unicamente por dejeto de animais. Os resíduos resultantes do processo de produção serão transformados ainda em biofertilizantes. “Retiramos os resíduos que seriam potenciais poluentes da natureza, transformamos em energia sustentável, renovável e devolvemos os nutrientes ao planeta. Então, com isso nós, na verdade, imitamos a natureza com um processo que é absolutamente natural”, diz Paulo Schimidt.
Para atender parte da demanda de eletricidade gerada pela planta de combustível renovável, a empresa instalou uma microusina de energia solar fotovoltaica no local. São 12 placas que juntas têm capacidade instalada de 3 quilowatts-pico (KWp) e geram cerca de 350 quilowatts-hora (Kwh) por mês. Segundo o engenheiro eletricista do Parque Tecnológico de Itaipu Thiago Lippo, o projeto também faz parte das atividades de pesquisa e desenvolvimento da empresa, e será monitorado assim como a planta de biometano.
A unidade de demostração tem capacidade de produzir 4 mil metros cúbicos de biometano por mês e já abastece 70 veículos, mas pode abastecer até 300 por mês. De acordo com pesquisadores do Centro Internacional de Energias Renováveis-Biogás (CIBiogás), o gasto por quilômetro rodado de combustível biometano é de R$ 0,26, enquanto o do etanol é de R$ 0,36.
O monitoramento dos resultados obtidos com a nova planta tem como objetivo consolidar um modelo de negócio viável para ser replicado na região e, posteriormente, em todo o país. A proposta da empresa é desenvolver a tecnologia e disponibilizar para os produtores rurais e municípios. “Quando Itaipu chegou aqui, ela inundou terras férteis e essas terras estão fazendo com que a gente produza energia, energia limpa. Então, nada mais justo que a gente devolva um pouco mais para a região”, diz o diretor-geral brasileiro de Itaipu, Luiz Fernando Vianna.
* A repórter viajou a convite da Itaipu Nacional";;integral;energia-solar;2026-09-21 20:05:15;;
927cc96f84a7;Agência Brasil;https://agenciabrasil.ebc.com.br/pesquisa-e-inovacao/noticia/2017-06/energia-solar-e-preferida-entre-consumidores-que-geram-propria;2017-06-06 13:04:00;Potencial para gerar energia solar ainda é pouco explorado no Brasil;Placas de energia solar instaladas para gerar eletricidadeSoninha Vill/GIZ A energia solar de geração fotovoltaica é a menos consumida entre as formas renováveis que compõem a matriz elétrica do Brasil. Apenas 0,01% do que foi gerado no país em 2015 resultou dessa tecnologia, que usa painéis de silício para coletar raios de luz solar. Essa modalidade é, no entanto, a fonte preferida de quem escolhe gerar eletricidade para consumo próprio.;"A energia solar de geração fotovoltaica é a menos consumida entre as formas renováveis que compõem a matriz elétrica do Brasil. Apenas 0,01% do que foi gerado no país em 2015 resultou dessa tecnologia, que usa painéis de silício para coletar raios de luz solar. Essa modalidade é, no entanto, a fonte preferida de quem escolhe gerar eletricidade para consumo próprio.
De acordo com a Agência Nacional de Energia Elétrica (Aneel), das mais de 10 mil unidades de geração distribuída – modalidade na qual o próprio consumidor gera e injeta eletricidade na rede da cidade – 9,9 mil são usinas fotovoltaicas.
A energia solar é gerada pela luz do sol, que incide diretamente ou por meio de reflexo em painéis de materiais semicondutores (silício). Esses últimos contêm células menores, que ficam dispostas em duas camadas, uma positiva e outra negativa. Quando a energia do sol chega, o material semicondutor faz com que os elétrons se movimentem entre as duas camadas e gerem uma corrente elétrica contínua.
Como as pessoas consomem eletricidade por meio de uma corrente alternada, é necessário o uso de um inversor para transformar a corrente contínua.
O diretor da Aneel, André Pepitone, afirma que a Agência atua em duas vertentes para difundir a energia solar no Brasil. Uma é a geração distribuída, que vem crescendo conforme diminui o prazo para recuperar o investimento. Outra são os leilões para comprar energia solar de forma centralizada.
Pepitone explica que o Brasil tem um grande potencial para a geração de energia solar, superior até ao de outros países onde esse tipo de fonte é bastante usado para gerar energia elétrica. Segundo ele, a Alemanha, por exemplo, tem índice de irradiação que resulta em 900 e 1.250 quilowatts-hora (kWh) por metro quadrado (m2) por ano divididos em seu território e, na Espanha, o número varia de 1.200 a 1.850 KWh m 2 /ano. Enquanto isso, o Brasil produz entre 1.500 e 2.400 KWh m2/ano. “Observe que o pior sol do Brasil, que está lá no Paraná e tem uma irradiação de 1500KWh m 2 /ano, é superior ao melhor sol da Alemanha”, compara.
Com o cenário promissor no mercado, em 2009, o Serviço Nacional de Aprendizagem Industrial (Senai) de Taguatinga, cidade do Distrito Federal, passou a pensar na formação profissional de mão de obra para atender à demanda e construiu um Centro de Demonstração de Energias Renováveis, a Casa Solar. A diretora do Senai Taguatinga, Janaína Braga D'Almeida, conta que inicialmente o local funcionava apenas como um centro de demonstração, uma espécie de vitrine das novas tecnologias. Em 2016, um projeto de cooperação técnica com a Agência Alemã de Cooperação Internacional GIZ o transformou um centro de treinamento de energias renováveis.
Com 4,5 KW de potência instalada, a casa é estruturada de forma que possibilite condições reais para todo o processo de montagem, instalação e manutenção do sistema. São três telhados de materiais diferentes – metal, cimento e cerâmica –, montados ao lado da casa com seis placas cada um. Justas elas geram ao mês 250 Kwh, que estão ligados à rede de distribuição da cidade e quando não consumidos pelo próprio Senai voltam em forma de crédito para consumo futuro.
Além dos telhados, os aprendizes têm acesso ao sistema de inversores que transformam a corrente contínua em alternada e aprendem a fazer a instalação para funcionamento em baterias ou ligado ao sistema de distribuição da cidade. Segundo Janaína, entre julho de 2016 a abril de 2017, 400 alunos participaram de três cursos voltados à energia fotovoltaica e de outros dois cursos de energia solar térmica.
No campus da Universidade Federal do Rio de Janeiro (UFRJ), a geração de energia fotovoltaica também é uma realidade. No estacionamento anexo ao Centro de Tecnologia, foi criada uma cobertura para 51 carros que funciona como miniusina. Com 414 painéis de energia solar, a estrutura tem capacidade instalada de 99 quilowatts-pico (Kwp) e chega a gerar 140 mil Kwh por ano – eletricidade suficiente para abastecer até 70 casas.
O estacionamento solar é um dos projetos desenvolvidos pelo Fundo Verde de Desenvolvimento e Energia para a Cidade Universitária da UFRJ – que é financiado com recursos da isenção do Imposto sobre Circulação de Mercadorias e Serviços (ICMS) na conta da própria instituição – e foi criado com o objetivo de aumentar a eficiência energética, melhorar a mobilidade e promover o uso consciente dos recursos hídricos no campus. “Pensamos no benefício de gerar uma energia renovável, alimentar a rede de energia e também promover a sombra para os carros”, explica a gerente do escritório de projetos do Fundo Verde, Andrea Santos.
Além do estacionamento solar, o Fundo Verde pretende implantar mais dois projetos de geração de energia fotovoltaica na Ilha do Fundão: um prédio com placas solares fotovoltaicas e uma usina solar.
* A repórter viajou a convite da Agência Alemã de Cooperação Internacional (GIZ)";RJ,PR,DF;integral;energia-solar;2026-09-21 20:05:19;;
4566abd4b6b6;Agência Brasil;https://agenciabrasil.ebc.com.br/pesquisa-e-inovacao/noticia/2017-06/geracao-de-energia-por-biogas-e-alternativa-para-residuos-do;2017-06-06 13:04:00;Geração de energia por biogás é alternativa para resíduos do esgoto;Lixo e esgoto são matérias orgânicas que podem virar biogásTomaz Silva/Agência Brasil O lodo resultante do esgoto em Curitiba está prestes a ser transformado em energia elétrica, para abastecer a própria estação de tratamento de água da capital paranaense. O processo de conversão de matéria orgânica em gases que podem gerar energia é antigo, mas o aproveitamento do lodo em grande quantidade é uma novidade. Restos de alimentos, resíduos da pecuária e da agricultura e até dejetos são matéria orgânica que podem virar biogás.;"O lodo resultante do esgoto em Curitiba está prestes a ser transformado em energia elétrica, para abastecer a própria estação de tratamento de água da capital paranaense. O processo de conversão de matéria orgânica em gases que podem gerar energia é antigo, mas o aproveitamento do lodo em grande quantidade é uma novidade.
Restos de alimentos, resíduos da pecuária e da agricultura e até dejetos são matéria orgânica que podem virar biogás. O processo, conhecido como biodigestão, aproveita a ação das bactérias que se alimentam dessas substâncias em ambientes sem oxigênio e transformam tudo em gases como metano, dióxido de carbono e oxigênio. Esses gases, quando injetados em grupogeradores, servem tanto para gerar energia térmica quanto eletricidade. Em uma estação de tratamento de água, as bactérias estão presentes e produzem os gases que, muitas vezes, acabam sendo liberados e causam danos ao meio ambiente.
Por ter uma participação ainda pequena na matriz energética brasileira, o biogás – junto a outras fontes energéticas como o biodiesel – é classificado de biomassa. Segundo dados divulgados pela Empresa de Pesquisa Energética, no ano de 2015, a participação da biomassa no setor como um todo foi 8%. No entanto, o potencial dessa fonte de energia no país é bastante relevante: a Associação Brasileira de Biogás e Biometano (Abiogás) afirma que o Brasil produz 7 milhões de metros cúbicos (m³) de lodo por dia, 15 milhões de m3 de resíduos de alimentos e 56 milhões de m3 de sucroenergético por dia (produção de energia a partir de cana-de-açúcar).
Esse potencial foi identificado pela Companhia de Saneamento do Paraná (Sanepar) em Curitiba, onde a Estação de Tratamento de Esgoto (ETE) Belém recebe 840 litros de esgoto por segundo diariamente. Após o processo de tratamento, essa quantidade gera entorno de 600 metros cúbicos de lodo por dia.
Segundo o engenheiro da Sanepar Charles Carneiro, esse resíduo será depositado em biodigestores construídos próximo ao sistema de tratamento do esgoto, misturado a outros materiais orgânicos dispensados por grandes produtores de alimentos. O biogás produzido será transformado em energia elétrica por meio da usina com potência instalada de 2,8 mega-watts (MW), e o resíduo pós-digerido passará por uma secagem térmica para virar biofertilizante ou carvão. Esse material será usado no próprio processo de secagem.
O engenheiro Gustavo Possetti, da Assessoria de Pesquisa e Desenvolvimento da Sanepar, explica que com a implantação da usina de biogás todo o processo passa a ser sustentável. “Além de tratar o esgoto promovendo a saúde pública e a limitação de impactos ambientais, nós tentamos gerenciar da forma mais correta possível todos os subprodutos que advêm desse processo.”
O primeiro passo para a instalação da usina foi verificar o potencial de produção e das características do biogás das estações de tratamento. “A partir desse projeto geramos as primeiras diretrizes que poderiam orientar a recuperação energética desse material, em função das escalas das estações e consequentemente em função de cada uma das propostas de utilização”, conta Possetti.
Antes de construir a usina em Curitiba, a Sanepar fez uma primeira experiência, em 2009, na ETE Ouro Verde, em Foz do Iguaçu. De acordo com o engenheiro, lá foi possível estudar as características da produção do biogás e adquirir experiência para compreender o processo de geração distribuída de eletricidade e do sistema de compensação. Isso viabilizou a efetivação da planta de biogás ainda maior, na ETE Belém, ligada à rede de distribuição da cidade, com possibilidade de gerar créditos para desconto na conta de luz da companhia.
A previsão é que a usina de Curitiba entre em funcionamento no segundo semestre de 2017, mas a energia deve começar a ser gerada efetivamente apenas 180 dias depois da inauguração, prazo necessário para que os biodigestores gerem gases suficientes para ligar as máquinas. Em uma segunda etapa, a planta de Biogás na Sanepar terá a capacidade instalada ampliada para 5,6 MW.
* A repórter viajou a convite da Agência Alemã de Cooperação Internacional (GIZ)";PR;integral;energia-solar;2026-09-21 20:05:22;;
cbc99789b8bd;Agência Brasil;https://agenciabrasil.ebc.com.br/economia/noticia/2017-06/entra-em-operacao-parque-de-geracao-de-energia-solar-na-bahia;2017-06-05 15:48:00;Entra em operação parque de geração de energia solar na Bahia;O parque solar Lapa, considerado o maior parque solar fotovoltaico em operação no Brasil, entrou em operação hoje (5). Localizado em Bom Jesus da Lapa (BA), o parque é composto por duas usinas, com capacidade instalada total de 158 megawatts. A operação do parque é da Enel Green Power, subsidiária brasileira do grupo italiano Enel. Lapa está localizada em uma área com altos níveis de radiação solar e, de acordo com a Enel, é capaz de gerar cerca de 340 gigawatts de energia por ano.;"O parque solar Lapa, considerado o maior parque solar fotovoltaico em operação no Brasil, entrou em operação hoje (5). Localizado em Bom Jesus da Lapa (BA), o parque é composto por duas usinas, com capacidade instalada total de 158 megawatts. A operação do parque é da Enel Green Power, subsidiária brasileira do grupo italiano Enel.
Lapa está localizada em uma área com altos níveis de radiação solar e, de acordo com a Enel, é capaz de gerar cerca de 340 gigawatts de energia por ano. A energia é suficiente para atender às necessidades anuais de consumo de energia de mais de 166 mil lares brasileiros, evitando a emissão de cerca de 198 mil toneladas de CO2 na atmosfera.
A Enel investiu cerca de US$ 175 milhões na construção do parque solar. O projeto foi concedido ao grupo em agosto de 2015 no leilão de reserva feito pela Agência Nacional de Energia Elétrica e o contrato de fornecimento é de 20 anos.";BA;integral;energia-solar;2026-09-21 20:05:24;;
7ec864d40d46;Agência Brasil;https://agenciabrasil.ebc.com.br/pesquisa-e-inovacao/noticia/2017-06/aumento-de-geracao-de-energia-por-consumidor-pode-mudar-perfil;2017-06-05 13:06:00;Aumento de geração de energia por consumidor pode mudar perfil de distribuidoras;O cenário da distribuição de energia no Brasil vem sofrendo uma revolução silenciosa. Uma das faces que provocam essas mudanças é a produção energética pelo próprio consumidor. Desde que a Agência Nacional de Energia Elétrica (Aneel) modernizou a Resolução 482/2012 – que regulamenta o setor – e flexibilizou algumas normas, o número desse tipo de ligação às redes de distribuição cresceu consideravelmente: em dezembro de 2015 eram 1.731 conexões. O número passou para quase 10,5 mil em maio de 2017.;"O cenário da distribuição de energia no Brasil vem sofrendo uma revolução silenciosa. Uma das faces que provocam essas mudanças é a produção energética pelo próprio consumidor. Desde que a Agência Nacional de Energia Elétrica (Aneel) modernizou a Resolução 482/2012 – que regulamenta o setor – e flexibilizou algumas normas, o número desse tipo de ligação às redes de distribuição cresceu consideravelmente: em dezembro de 2015 eram 1.731 conexões. O número passou para quase 10,5 mil em maio de 2017.
Para o presidente da Associação Brasileira dos Investidores em Autoprodução de Energia (Abiap), Mário Menel, esse crescimento logo vai se destacar na matriz elétrica, e, por essa razão, é necessário um debate desde agora, para que haja tempo de desenvolver um planejamento para as mudanças que estão por vir. Ele acredita, por exemplo, que o monopólio de comercialização de energia pelas empresas de distribuição deixará de existir. “A evolução tecnológica vai levar para que a gente tenha uma separação. A parte de comercialização fica com uma determinada empresa, ou várias empresas, e a parte de fio, para você não ter dois postes concorrendo, vai continuar com um monopólio”, explica.
Para o diretor do Departamento de Desenvolvimento Energético do Ministério de Minas e Energias, Carlos Alexandre Pires, é necessário associar o estímulo para geração distribuída a mecanismos legais que garantam a manutenção do sistema de distribuição, inclusive para que a complementação da energia gerada pelo consumidor chegue até ele. “Isso está acontecendo em todos os lugares do mundo, onde a energia eólica e a solar estão ganhando importância, porque ao extremo você não teria distribuidora de energia.”
Mário Menel explica que em países como Portugal esse modelo que separa distribuição e comercialização de eletricidade já é uma realidade. “Mesmo que você não queira colocar energia no seu telhado, você escolhe o seu fornecedor de energia. E esse fornecedor, que é uma empresa com expertise em colocar, olha para o seu caso e diz: eu vou botar o painel em cima do teu telhado e você vai comprar energia de mim, mas essa energia é minha”, projeta. Para ele, o caminho é inevitável. “São arranjos comerciais que vão surgindo em função do avanço tecnológico, que não tem como você ser contra”, afirma.
No Brasil, grandes consumidores como redes de hotelaria e indústrias já escolhem seus fornecedores de eletricidade. O presidente da Abiap explica que em cerca de cinco anos esse modelo chegará ao consumidor residencial. Para que a transição entre os modelos ocorra de forma tranquila, ele explica, que é necessário haver planejamento desde agora. “Não podemos esquecer que quem lastreou a expansão do sistema como nós conhecemos hoje, em contratos de longo prazo, foram as distribuidoras, o mercado cativo. Agora vão deixar de lastrear, então, o sistema financeiro vai ter que entrar no setor elétrico e oferecer produtos que nos deem capacidade para financiar essa expansão.”
Atualmente, o Banco Nacional do Desenvolvimento Econômico e Social (BNDES) é o único que financia o setor elétrico brasileiro, com linhas de crédito de até 80% para energia fotovoltaica (solar), por exemplo. Devido a projetos de eficiência energética no Ministério de Minas e Energia e na Aneel, desde o ano passado, a geração de energia a partir de fontes não renováveis não está mais entre as opções de financiamento para o setor. No entanto, para Mário é necessário ir além e atrair outros bancos, criando um funding, ou seja, uma captação de recursos para investimento, que poderá ser saudável para o setor. “Naturalmente, isso vai implicar em custos reais. Pode ter um aumento no começo? Pode. Mas a competição acaba diminuindo os custos.”
* A repórter viajou a convite da Agência Alemã de Cooperação Internacional (GIZ)";;integral;energia-solar;2026-09-21 20:05:27;;
68ceeaa2064f;Agência Brasil;https://agenciabrasil.ebc.com.br/pesquisa-e-inovacao/noticia/2017-06/energias-renovaveis-e-eficiencia-energetica-sao-metas-para-o;2017-06-05 13:04:00;Energias renováveis e eficiência energética são metas para o Brasil;Em relação à geração de eletricidade, as hidrelétricas são as principais forças, responsáveis por quase 65% da produçãoDivulgação/Usina Hidrelétrica de Mauá Em meio a danos ambientais cada vez mais aparentes no mundo, especialistas defendem o uso de energias renováveis para diminuir impactos como a emissão de gases de efeito estufa e o aquecimento global. Um dos meios para isso é a substituição do petróleo como elemento principal da matriz energética global por formas de maior eficiência, como solar e eólica.;"Em meio a danos ambientais cada vez mais aparentes no mundo, especialistas defendem o uso de energias renováveis para diminuir impactos como a emissão de gases de efeito estufa e o aquecimento global. Um dos meios para isso é a substituição do petróleo como elemento principal da matriz energética global por formas de maior eficiência, como solar e eólica. Segundo o diretor do Departamento de Desenvolvimento Energético do Ministério de Minas e Energia, Carlos Alexandre Pires, essa é uma das principais linhas de investimento do governo federal em geração de energia.
O Brasil tem pouco mais de 40% de sua energia gerada por fontes renováveis. Em relação à geração de eletricidade, as hidrelétricas são as principais forças, responsáveis por 64% da produção. No entanto, a matriz ainda pouco diversificada não garante segurança energética, resultando muitas vezes em problemas de abastecimento, como a crise enfrentada pelo Brasil em 2015.
O país ainda caminha lentamente para disseminação de fontes alternativas de energia, ao contrário de países da Europa como a Alemanha, onde a necessidade de reduzir as emissões de gases de efeito estufa e o pouco potencial para gerar algumas energias renováveis levaram ao desenvolvimento de uma matriz renovável, como a fotovoltaica (solar) ou a eólica. Segundo Carlos Alexandre, essas são o futuro da geração de energia no mundo, e o Brasil também caminha para expandi-las. “É aquela velha história de não colocar todos os ovos em uma mesma cesta. Em termos de administração e de operação de uma rede tão complexa como é a de energia, você precisa ter várias fontes ofertando em diversos momentos do dia e se complementando, quando necessário”, afirma.
A lógica da complementariedade seria parecida com a que já funciona hoje no sistema integrado: nos períodos de seca, em que as hidrelétricas operam com menos capacidade, a geração de eletricidade acaba sendo suplementada pelas termelétricas. A intenção é que cada vez mais as formas de energia renovável ganhem espaço.
Dados do Boletim de Capacidade Instalada de Geração Elétrica - Brasil e Mundo 2016, do Ministério de Minas e Energia, ainda não demonstram esse movimento. Embora 90% do total dos 9,5 GW de potência instalada tenham sido de fontes renováveis, as fontes hidráulica e de biomassa permanecem liderando essa expansão.
Segundo o presidente da Associação Brasileira dos Investidores em Autoprodução de Energia (Abiap), Mário Menel, embora o setor tenha um planejamento indicativo, é difícil controlar essa expansão, já que em um leilão prevalece a fonte que oferece o menor custo. Ele explica que a matriz elétrica brasileira comporta todas as fontes e tem bastante variedade, mas fatores como o baixo custo e facilidade de estocagem ainda favorecem as hidrelétricas.
“A melhor forma que nós temos de armazenar energia é nos reservatórios das hidrelétricas. Se eu tenho um vento favorável e estou gerando muita energia eólica, eu economizo água, então aumento o volume do reservatório e estoco energia, praticamente dentro do meu reservatório. Enquanto parou o vento, eu libero essa água para produzir energia elétrica”, diz Menel.
Esse cenário, no entanto, também vem sofrendo mudanças devido a outros fatores como a questão ambiental, que limita cada vez mais a construção das hidrelétricas e também a seca severa que algumas regiões vêm sofrendo. “O Nordeste, por exemplo, que sofre com falta de água nos últimos dois, três anos, só não teve um racionamento na região graças à [energia] eólica que está fornecendo hoje cerca de 30% da necessidade da região.”
Para o Ministério de Minas e Energia, os principais desafios com a entrada dessas fontes são econômicos e operacionais. Carlos Alexandre explica que a questão das intermitências de fortes como a eólica, que não é gerada quando falta vento, e da solar, que também fica parada durante a noite, impactam diretamente no preço da energia elétrica ofertada. “Nosso Operador Nacional de Sistema precisa, a cada instante, balancear o quanto é demandado de energia e o quanto é despachado.”
* A repórter viajou a convite da Agência Alemã de Cooperação Internacional (GIZ)";;integral;energia-solar;2026-09-21 20:05:31;;
55b2b1aaedd5;Agência Brasil;https://agenciabrasil.ebc.com.br/geral/noticia/2017-05/dois-parques-publicos-de-sao-paulo-comecam-ser-abastecidos-com-energia-solar;2017-05-26 16:19:00;Dois parques públicos de São Paulo começam a ser abastecidos com energia solar;Os parques Villa-Lobos e Cândido Portinari, na zona oeste de São Paulo, serão os primeiros do país totalmente abastecidos com energia solar. Uma miniusina produzirá 665 megawatts hora (MWh) por ano, o suficiente para atender às áreas do estacionamento, lanchonetes e de esportes dos parques. A energia gerada pelas plantas fotovoltaicas vai atender todo o consumo dos dois parques, tornando-os autossustentáveis. No entanto, para garantir energia à noite e em dias de forte nebulosidade, eles continuarão conectados à rede de fornecimento de eletricidade convencional, em sistema de compensação.;"Os parques Villa-Lobos e Cândido Portinari, na zona oeste de São Paulo, serão os primeiros do país totalmente abastecidos com energia solar. Uma miniusina produzirá 665 megawatts hora (MWh) por ano, o suficiente para atender às áreas do estacionamento, lanchonetes e de esportes dos parques.
A energia gerada pelas plantas fotovoltaicas vai atender todo o consumo dos dois parques, tornando-os autossustentáveis. No entanto, p ara garantir energia à noite e em dias de forte nebulosidade, eles continuarão conectados à rede de fornecimento de eletricidade convencional, em sistema de compensação.
A principal instalação do projeto é uma minicentral fotovoltaica de 531 quilowatts pico (kWp, medida de potência energética associada a células fotovoltaicas). O equipamento está localizado no bolsão do estacionamento do Parque Cândido Portinari, segundo a Secretaria de Energia e Mineração de São Paulo.
Para a geração de energia nos parques foram investidos R$ 17 milhões, destinado à construção da planta e realização de pesquisa na área. Parte do investimento veio da Companhia Energética de São Paulo (Cesp). Desse total, R$ 13 milhões foram utilizados na construção de uma microcentral, na instalação de 40 postes e de uma cobertura para veículos com mais de 3 mil placas de captação de energia.
O projeto foi idealizado pela Secretaria de Energia e Mineração e realizado por meio do programa de pesquisa e desenvolvimento da Agência Nacional de Energia Elétrica (Aneel). “Com a implantação da energia fotovoltaica aqui na cobertura do estacionamento, vamos economizar cerca de R$ 270 mil por ano em contas de energia dos parques Villa-Lobos e Cândido Portinari”, disse hoje (26) o governador de São Paulo, Geraldo Alckmin.
Somados, os dois parques consomem cerca de 55 MWh por mês, o que representa um custo anual aproximado de R$ 390 mil. Com a implantação da usina de energia solar, os parques vão ter, segundo o governo paulista, uma redução de cerca de 70% do valor da conta de luz.";SP;integral;energia-solar;2026-09-21 20:05:34;;
cc56bd92b923;Agência Brasil;https://agenciabrasil.ebc.com.br/internacional/noticia/2017-05/suicos-aprovam-futuro-com-mais-energias-renovaveis-e-sem-usinas;2017-05-21 13:30:00;Suíços aprovam futuro com mais energias renováveis e sem usinas nucleares;Os suíços aprovaram neste domingo(21) em referendo, por 58,2% dos votos, a chamada Estratégia 2050, que visa a reduzir o consumo de energia, aumentar a eficiência energética, promover as energias renováveis e proibir a construção de novas usinas nucleares. A informação é da Agência EFE. Apenas quatro regiões, Argóvia, Glarus, Obwalden e Schwyz, rejeitaram a nova lei, na qual o governo da Suíça começou a trabalhar após o acidente nuclear de Fukushima, no Japão, em 2011, para deixar a era atômica para trás e estabelecer as bases de um ambicioso projeto de transformação energética na Europa.;"Os suíços aprovaram neste domingo(21) em referendo, por 58,2% dos votos, a chamada Estratégia 2050, que visa a reduzir o consumo de energia, aumentar a eficiência energética, promover as energias renováveis e proibir a construção de novas usinas nucleares. A informação é da Agência EFE.
Apenas quatro regiões, Argóvia, Glarus, Obwalden e Schwyz, rejeitaram a nova lei, na qual o governo da Suíça começou a trabalhar após o acidente nuclear de Fukushima, no Japão, em 2011, para deixar a era atômica para trás e estabelecer as bases de um ambicioso projeto de transformação energética na Europa.
A Suíça conta com cinco centrais nucleares, que serão desativadas assim que for cumprida sua vida útil, daqui a 20 ou 30 anos.
Um terço da energia produzida pelo país é de origem nuclear, 60% procedem de usinas hidrelétricas e o resto de usinas termelétricas e de várias fontes de energia renovável.
Considerando que, com a nova lei, a Suíça não poderá contar no futuro com um terço da energia que produz atualmente, a Estratégia 2050 estabelece uma redução do consumo de energia e eletricidade.
Em média, cada pessoa deve diminuir o consumo energético em 16% até 2020 e em 43% até 2035, em comparação com o ano 2000, e o de eletricidade em 3% e 13%, respectivamente.
Para compensar esaa redução, a Suíça pretende aumentar a produção de energia por meio de recursos renováveis como solar, eólica e geotérmica, biomassa e o biogás.
O financiamento do estímulo às energias renováveis será bancado por aumento na conta de luz de residências e empresas. A estimativa para uma família de quatro pessoas e com um consumo médio é de um aumento de 40 francos (cerca de R$ 130).
Os opositores da iniciativa, entre eles alguns partidos políticos, alegam que os custos serão muito maiores e que o governo ""omite"" as despesas reais. Eles afirmam que a lei custará, nos próximos 30 anos, 200 bilhões de francos (R$ 668 bilhões), o que representa anualmente para uma família com quatro pessoas aumento de 3.200 francos (R$ 10.690) em impostos e despesas.
Eles também argumentam que a exigência de reduzir quase à metade o consumo energético nos próximos 18 anos requer ""medidas drásticas"" aos suiços, com instalações novas nas residências e com mais burocracia e proibições. Destacam que a lei provocará perdas de postos de trabalho e de conforto, sobretudo no turismo, no comércio varejista e nos setores manufatureiros, e que as instalações eólicas e fotovoltaicas adicionais ""desfigurariam"" a paisagem.";;integral;energias-renovaveis;2026-09-21 20:08:10;;
cad3c8963338;Agência Brasil;https://agenciabrasil.ebc.com.br/economia/noticia/2017-05/bndes-capta-us-1-bilhao-em-titulos-verdes-no-mercado-internacional;2017-05-09 19:55:00;BNDES capta US$ 1 bilhão em títulos verdes no mercado internacional;O Banco Nacional de Desenvolvimento Econômico e Social (BNDES) anunciou hoje (9) a emissão no mercado internacional de títulos verdes, ou green bonds, no valor de US$ 1 bilhão. É a primeira vez que um banco brasileiro emite esse tipo de título no mercado internacional. A emissão foi preparada pelos bancos J.P.Morgan, Crédit Agricole e Bank of America Merrill Lynch. A demanda superou US$ 5 bilhões.;"O Banco Nacional de Desenvolvimento Econômico e Social (BNDES) anunciou hoje (9) a emissão no mercado internacional de títulos verdes, ou green bonds , no valor de US$ 1 bilhão. É a primeira vez que um banco brasileiro emite esse tipo de título no mercado internacional. A emissão foi preparada pelos bancos J.P.Morgan, Crédit Agricole e Bank of America Merrill Lynch. A demanda superou US$ 5 bilhões.
Os títulos verdes são títulos de dívida emitidos por empresas e instituições financeiras para viabilizar projetos capazes de trazer benefícios ao meio ambiente ou ainda contribuir para amenizar os efeitos das mudanças climáticas. Esse tipo de título só pode ser emitido com o objetivo público e único de viabilizar projetos sustentáveis, em um processo que passa por uma verificação feita por consultorias responsáveis em avaliar se os recursos estão sendo investidos em ações ambientais.
Essa é a primeira vez em três anos que o banco capta recursos no mercado exterior. O prazo para pagamento é de sete anos. A taxa de retorno é de 4,80% ao ano. Até agora, apenas companhias privadas brasileiras haviam captado bônus verdes no mercado externo. Os títulos serão listados na Bolsa Verde de Luxemburgo (Luxembourg Green Exchange).
O diretor da Área de Crédito e da Área Financeira e Internacional do BNDES, Claudio Coutinho, destacou a importância da captação para o banco, não só por seu tamanho, mas pela qualidade da operação. “O bônus verde mostra o compromisso do BNDES com energias alternativas, energias limpas, e é muito importante para a gente marcar essa posição que o BNDES cada vez mais vai ter com os seus qualificadores empreendimentos que sejam ambientalmente consistentes”.
Os recursos captados têm de ser usados em projetos de geração de energia eólica ou solar já existentes na carteira do banco, para refinanciar empreendimentos de usinas já aprovados, ou projetos novos que venham a ser apresentados.
A diretora de Infraestrutura do banco, Marilene Ramos, disse que os projetos a serem contemplados, além das suas características ambientais, são, em grande parte, implantados na região semiárida do interior nordestino, em áreas pobres que não têm muitas alternativas de geração de renda.
“A implantação desses projetos nessas regiões também é um fator de desenvolvimento econômico, de geração de renda, traz impactos sociais muito relevantes”. Marilene disse que essas questões foram levadas aos potenciais investidores estrangeiros no road-show (apresentação itinerante) promovido pelo banco na semana retrasada.
O superintendente da Área Financeira e Internacional, Selmo Aronovich, disse que a operação tinha valor inicial de US$ 500 milhões, mas as ordens apresentadas por mais de 370 investidores ultrapassaram US$ 5 bilhões, o que levou o BNDES a decidir ampliar a emissão para US$ 1 bilhão.
Segundo informou Aronovich, a distribuição foi feita para um grupo de 250 investidores. “Um terço da demanda apresentada foi de investidores especializados em finanças ambientais sustentáveis”. O diretor Claudio Coutinho deixou claro que não há, no curto prazo, nenhuma disposição do banco em fazer uma nova emissão internacional.
Aronovich disse que os recursos aplicados serão disponibilizados no site do banco, pelo menos uma vez por ano, até 2024, para comprovação junto aos investidores para quais projetos eles foram direcionados.
Marilene Ramos disse que no período de 2003 a 2016, o apoio do BNDES no setor de energia eólica registra aprovação de 87 operações de crédito, no total de R$ 28,5 bilhões, o que proporciona aumento de capacidade instalada de cerca de 10,7 gigawatts (GW). Para serem elegíveis para receber os novos recursos, os projetos têm que passar por uma terceira opinião independente reconhecida internacionalmente, que vai dar para os projetos um selo de qualidade tanto em termos ambientais como sociais.
De acordo com a diretora, o BNDES demonstrou aos investidores que tem projetos de energias limpas que superam o valor captado. Ela acredita que com a economia se recuperando, no futuro, haverá uma demanda maior por recursos para projetos sustentáveis. “Certamente, em outras ocasiões, nós vamos necessitar fazer captações. Já ter esses contatos, esses ritos e processos estabelecidos, tanto internamente como com nossos financiadores, isso é muito importante”.";;integral;energia-solar;2026-09-21 20:05:37;;
91645a426470;Agência Brasil;https://agenciabrasil.ebc.com.br/economia/noticia/2017-03/bndes-aprova-financiamento-para-projetos-de-energia-renovavel-na-amazonia;2017-03-14 23:58:00;BNDES aprova financiamento para projetos de energia renovável na Amazônia;O Banco Nacional de Desenvolvimento Econômico e Social (BNDES) aprovou hoje (14) condições especiais de financiamento para projetos de geração renovável de energia elétrica a serem implementados em áreas isoladas da região amazônica em parceria com a Amazonas Energia, distribuidora de energia elétrica controlada pelo Sistema Eletrobras. De acordo com o BNDES, o Amazonas tem atualmente 225 usinas a diesel, com capacidade instalada de 683 megawatts (MW) que consomem, por ano, 687 milhões de litros do combustível.;"O Banco Nacional de Desenvolvimento Econômico e Social (BNDES) aprovou hoje (14) condições especiais de financiamento para projetos de geração renovável de energia elétrica a serem implementados em áreas isoladas da região amazônica em parceria com a Amazonas Energia, distribuidora de energia elétrica controlada pelo Sistema Eletrobras.
De acordo com o BNDES, o Amazonas tem atualmente 225 usinas a diesel, com capacidade instalada de 683 megawatts (MW) que consomem, por ano, 687 milhões de litros do combustível. O sistema emite cerca de 2 milhões de toneladas de dióxido de carbono (CO2), outros gases poluentes (NOx e SOx) e particulados, além do risco de poluição dos rios decorrentes de naufrágios ou vazamentos no transporte e armazenamento do combustível.
Com a medida, os itens financiáveis dos projetos – a serem licitados na Segunda Etapa do Leilão 002/2016 da Agência Nacional de Energia Elétrica (Aneel), agendado pelo Ministério de Minas e Energia (MME) para o dia 11 de maio - poderão usar 15% de recursos do Fundo Nacional de Mudanças do Clima, com taxa anual de 1%.
O financiamento poderá ainda ser complementado em taxa de juros de longo prazo (TJLP), cuja taxa atual é de 7,5% ao ano, até o percentual de 80% previsto nas novas políticas operacionais do BNDES. Os projetos de energia solar e micro, pequenas e médias empresas que usarem os recursos do Fundo Clima poderão complementar o financiamento com mais 65% em TJLP e as demais fontes renováveis, como eólica e biomassa, em até 55%.
O prazo de carência do financiamento é de até seis meses após a entrada em operação comercial do projeto e o prazo de amortização será inferior, em pelo menos dois anos, ao término do prazo do Contrato de Compra e Venda de Energia.
Segundo o BNDES, o leilão da Aneel já recebeu a inscrição de 36 projetos de energia renovável. O Fundo Clima poderá destinar até R$ 200 milhões para financiar esses empreendimentos, que terão prazo de até 24 meses para utilização dos recursos após a data do leilão. O Contrato de Compra e Venda de Energia terá prazo de até 15 anos.
Vinculado ao Ministério do Meio Ambiente, o Fundo Clima é um dos principais instrumentos da Política Nacional sobre Mudança do Clima para apoio financeiro a projetos de redução de emissões de gases de efeito estufa. As aplicações não reembolsáveis são feitas pelo ministério e as reembolsáveis administradas pelo BNDES, seguindo diretrizes do Comitê Orientador do Fundo Clima, presidido pelo Ministério do Meio Ambiente.
Desde 2011, mais de 190 projetos não reembolsáveis foram contratados pelo Fundo Clima, dos quais 65 foram concluídos, contribuindo para o alcance das metas de assumidas pelo Brasil no Acordo de Paris, em 2015.";AM;integral;energia-renovavel;2026-09-21 20:07:37;;
da0c3054dcf4;Agência Brasil;https://agenciabrasil.ebc.com.br/geral/noticia/2017-01/fonte-solar-e-mais-utilizada-por-consumidores-que-produzem-propria-energia;2017-01-26 21:48:00;Fonte solar é a mais utilizada por consumidores que produzem a própria energia;O total de consumidores que produzem a própria energia saltou de quatro conexões registradas na Agência Nacional de Energia Elétrica (Aneel), em 2012, para 7,6 mil até janeiro de 2017. No período, a potência instalada das chamadas conexões de micro e minigeração de energia atingiu 75.071,09 kW – suficiente para abastecer 60 mil residências. Em 2012, a Aneel publicou uma resolução normativa que estabeleceu as condições gerais para o acesso de micro e minigeração aos sistemas de distribuição de energia elétrica e criou o sistema de compensação de energia elétrica.;"O total de consumidores que produzem a própria energia saltou de quatro conexões registradas na Agência Nacional de Energia Elétrica (Aneel), em 2012, para 7,6 mil até janeiro de 2017. No período, a potência instalada das chamadas conexões de micro e minigeração de energia atingiu 75.071,09 kW – suficiente para abastecer 60 mil residências.
Em 2012, a Aneel publicou uma resolução normativa que estabeleceu as condições gerais para o acesso de micro e minigeração aos sistemas de distribuição de energia elétrica e criou o sistema de compensação de energia elétrica. Isso permitiu ao consumidor instalar pequenos geradores em sua unidade consumidora e trocar energia com a distribuidora local.
De acordo com a agência reguladora, a fonte mais utilizada pelos consumidores-geradores é a solar, com 7.568 adesões, seguida da eólica com 45 instalações. Minais Gerais é o estado com o maior número de micro e minigeradores (1.644 conexões), seguido de São Paulo (1.370) e Rio Grande do Sul (782).
A Aneel estima que, no ano de 2024, mais de 1,2 milhão de consumidores passarão a produzir sua própria energia, o equivalente a 4,5 gigawatts (GW) de potência instalada.
Em nota divulgada pela agência, o diretor-geral Romeu Rufino ressaltou que esse tipo de geração de energia reduz as perdas e o custo de produção, evita a ampliação do sistema e também representa um ganho sob o aspecto ambiental.
Pela norma da Aneel, quando a quantidade de energia gerada nas unidades consumidoras é superior à energia consumida naquele período, o consumidor fica com créditos que podem ser utilizados para diminuir a fatura dos meses seguintes.
Os créditos, que têm validade de 60 meses, também podem ser usados para abater o consumo de unidades consumidoras do mesmo titular situadas em outro local, desde que na área de atendimento de uma mesma distribuidora.";SP,RS;integral;energia-solar;2026-09-21 20:05:39;;
897b869653fa;Agência Brasil;https://agenciabrasil.ebc.com.br/geral/noticia/2016-12/fgts-energia-solar-podera-ser-usada-no-programa-minha-casa-minha-vida;2016-12-05 16:02:00;Programa Minha Casa, Minha Vida: FGTS poderá ser usado para energia solar;O ministro do Trabalho, Ronaldo Nogueira, assinou hoje (5), em São Paulo, a proposta que permite aos beneficiários do Minha Casam Minha Vida utilizar o Fundo de Garantia por Tempo de Serviço (FGTS) para instalar energia solar em residências do programa. A proposta foi elaborada pelo presidente da Federação das Indústrias do Estado de São Paulo (Fiesp), Paulo Skaf, e pelo ministro das Cidades, Bruno Araújo. O documento foi assinado durante 12º ConstruBusiness – Congresso Brasileiro da Construção, feito pela Fiesp.;"O ministro do Trabalho, Ronaldo Nogueira, assinou hoje (5), em São Paulo, a proposta que permite aos beneficiários do Minha Casam Minha Vida utilizar o Fundo de Garantia por Tempo de Serviço (FGTS) para instalar energia solar em residências do programa.
A proposta foi elaborada pelo presidente da Federação das Indústrias do Estado de São Paulo (Fiesp), Paulo Skaf, e pelo ministro das Cidades, Bruno Araújo. O documento foi assinado durante 12º ConstruBusiness – Congresso Brasileiro da Construção, feito pela Fiesp.
A proposta já havia sido aprovada pela Comissão de Serviços de Infraestrutura em fevereiro deste ano.
A finalidade do projeto é estimular a capacidade energética por meio de fontes renováveis. O ministro Ronaldo Nogueira disse que nos últimos anos, o setor elétrico tem sofrido com o desequilíbrio entre oferta e a demanda de energia, devido à escassez de chuva e deficiência no planejamento setorial. Segundo o senador a solução tem sido acionar as usinas termoelétricas, uma produção mais cara e poluente.
Ronaldo Nogueira  explicou que o governo federal está engajado na construção de residências ambientalmente sustentáveis e economicamente viáveis. ""É o governo federal mostrando seu compromisso com o trabalhador brasileiro, com o meio ambiente e com a eficiência que evidentemente deve presidir as atividades empreendidas pelos setores público e privado.”
*Matéria alterada às 18h48 para corrigir informação";SP;integral;energia-solar;2026-09-21 20:05:41;;
ff76d635fef1;Agência Brasil;https://agenciabrasil.ebc.com.br/geral/noticia/2016-11/governo-instala-primeira-usina-solar-em-predio-da-esplanada-dos-ministerios;2016-11-17 17:10:00;Governo instala primeira usina solar em prédio da Esplanada dos Ministérios;Ministério de Minas e Energia inaugura primeira usina solar instalada na cobertura de prédio público federal, na própria sede do MMEJosé Cruz/Agência Brasil O governo federal inaugurou hoje (17) a primeira usina solar de geração de energia em um prédio público da Esplanada dos Ministérios, instalado no telhado do edifício-sede do Ministério de Minas e Energia. O equipamento permite o encaminhamento da energia gerada nas placas para uma rede de distribuição. Com isso, se houver sobra de energia produzida, o excedente pode ser enviado para a distribuidora de energia elétrica local.;"O governo federal inaugurou hoje (17) a primeira usina solar de geração de energia em um prédio público da Esplanada dos Ministérios, instalado no telhado do edifício-sede do Ministério de Minas e Energia.
O equipamento permite o encaminhamento da energia gerada nas placas para uma rede de distribuição. Com isso, se houver sobra de energia produzida, o excedente pode ser enviado para a distribuidora de energia elétrica local. A rede converte a sobra de energia em créditos que podem ser utilizados pelo edifício no prazo de até cinco anos.
A instalação da usina solar no ministério permitirá a geração de energia suficiente para atender 5% a 7% da demanda do edifício, o que equivale ao consumo de 23 residências de uma família média brasileira de três a quatro pessoas. Segundo o governo, a tecnologia também evitará a emissão de 6,4 milhões de toneladas de dióxido de carbono por ano, gás que agrava o efeito estufa.";;integral;energia-solar;2026-09-21 20:05:44;;
6a6fbe995524;Agência Brasil;https://agenciabrasil.ebc.com.br/economia/noticia/2016-11/governo-fara-leilao-para-contratar-energia-solar-e-eolica-em-dezembro;2016-11-04 19:53:00;Governo fará leilão em dezembro para contratar energia solar e eólica;O governo vai fazer um leilão para a contratação de energia solar e eólica no dia 16 de dezembro deste ano. As diretrizes do 2º Leilão de Energia de Reserva de 2016 foram publicadas hoje (4) no Diário Oficial da União. Mais de 800 projetos de geração de energia eólica já estão cadastrados no leilãoArquivo/Agência Brasil O certame ocorrerá em duas fases, sendo que a primeira será para a classificação por preço de lance, considerando a capacidade de escoamento de energia para o Sistema Interligado Nacional.;"O governo vai fazer um leilão para a contratação de energia solar e eólica no dia 16 de dezembro deste ano. As diretrizes do 2º Leilão de Energia de Reserva de 2016 foram publicadas hoje (4) no Diário Oficial da União.
O certame ocorrerá em duas fases, sendo que a primeira será para a classificação por preço de lance, considerando a capacidade de escoamento de energia para o Sistema Interligado Nacional.
Já na segunda fase, o critério de seleção será o de menor preço, com produtos distintos para cada fonte. Segundo o Ministério de Minas e Energia, esse formato tem como objetivo aumentar a competitividade do leilão.
De acordo com a Empresa de Pesquisa Energética, até agosto foram cadastrados 1.260 projetos no leilão. A maior parte é de projetos de empreendimentos a partir de fonte eólica, com 841 cadastrados. Outros 419 projetos são de fonte solar fotovoltaica. O início de suprimento dos contratos das duas fontes será em 1º de julho de 2019, com prazo de vinte anos.";;integral;energia-solar;2026-09-21 20:05:46;;
753a742f7fe9;Agência Brasil;https://agenciabrasil.ebc.com.br/economia/noticia/2016-10/bndes-prioriza-energia-solar-e-deixa-de-financiar-termicas-carvao-e-oleo;2016-10-03 15:45:00;BNDES prioriza energia solar e deixa de financiar térmicas a carvão e a óleo;O Banco Nacional de Desenvolvimento Econômico e Social (BNDES) decidiu ampliar o apoio a projetos de energia solar de até 70% para até 80% dos itens financiáveis em Taxa de Juros de Longo Prazo (TJLP), usada pela instituição em suas operações e atualmente em 7,5% ao ano. O banco também extinguiu o financiamento a usinas térmicas a carvão e a óleo. As novas condições de financiamento para o setor de energia elétrica foram divulgadas hoje (3), pela instituição, no Rio de Janeiro, e já valem para os próximos leilões de energia, programados para outubro e dezembro próximos.;"O Banco Nacional de Desenvolvimento Econômico e Social (BNDES) decidiu ampliar o apoio a projetos de energia solar de até 70% para até 80% dos itens financiáveis em Taxa de Juros de Longo Prazo (TJLP), usada pela instituição em suas operações e atualmente em 7,5% ao ano. O banco também extinguiu o financiamento a usinas térmicas a carvão e a óleo.
As novas condições de financiamento para o setor de energia elétrica foram divulgadas hoje (3), pela instituição, no Rio de Janeiro, e já valem para os próximos leilões de energia, programados para outubro e dezembro próximos. O banco não concederá mais empréstimos-ponte para empreendedores do setor elétrico. Há exigência de participação mínima de 20% de recursos próprios do investidor nos projetos, com possibilidade de emissão de debêntures (título de crédito representativo de empréstimo que uma companhia faz junto a terceiros), das quais o BNDES se compromete a adquirir até 50%, visando reduzir o risco, principalmente na fase de construção do empreendimento.
A diretora de Infraestrutura e Sustentabilidade do BNDES, Marilene Ramos, informou que as decisões foram tomadas em consenso com o Ministério de Minas e Energia e a Agência Nacional de Energia Elétrica (Aneel). O objetivo é privilegiar, dentro dos recursos de TJLP, projetos de fontes de energia alternativas que mostram maior retorno social e ambiental. Haverá ainda espaço para financiamentos a taxa de mercado, buscando maior participação do setor privado na emissão de debêntures, segundo Marilene.
A diretora disse que a priorização para energia solar está ligada ao fato que essa é uma tecnologia em fase de desenvolvimento no Brasil e é preciso consolidar o segmento no setor de energia brasileiro. O banco manteve em até 80% sua participação em projetos de eficiência energética, definindo o mesmo nível de financiamento para projetos de iluminação pública eficiente.
“É um setor que, nós acreditamos, vai crescer muito, porque são projetos de grande viabilidade, têm condições de, financiados dessa forma, se pagarem em prazos relativamente curtos, e representam, para as cidades e prefeituras, uma enorme economia. Além disso, têm um impacto social muito grande, na medida em que as cidades mais iluminadas são mais seguras, permitem opções de lazer noturno e, além disso, propiciam a instalação aqui de uma cadeia de produção de todos os equipamentos”. Na questão específica das luminárias a 'led', Marilene Ramos destacou que é um mercado que gera empregos de alto nível e qualidade.
O BNDES decidiu manter em até 70% em TJLP sua participação nos itens financiáveis nas demais fontes alternativas, entre as quais eólica, biomassa, pequenas centrais hidrelétricas (PCHs) e cogeração renovável. O intuito é dar incentivos à participação dessas fontes na matriz energética nacional. Para energia eólica, em especial, o prazo de financiamento é de 16 anos, “tendo em vista a vida útil do equipamento”, observou a superintendente da Área de Energia, Carla Primavera. Para as demais energias alternativas, o prazo de financiamento é de 20 anos.
A diretora de Infraestrutura disse que as novas condições de financiamento à energia elétrica estão alinhadas com o compromisso assumido pelo governo brasileiro no Acordo de Paris, em dezembro do ano passado, para aumentar a participação das energias alternativa na matriz. Daí a decisão do banco de não financiar mais usinas termelétricas a carvão e a óleo, responsáveis pela maior emissão de gases poluentes na atmosfera.
Dentro da meta de ampliar a participação privada nos setores de geração de energia de grandes usinas hidrelétricas, linhas de transmissão e distribuição, o BNDES promoveu alterações, prevendo participação maior do mercado privado. No caso das hidrelétricas, por exemplo, o banco reduziu a parcela em TJLP dos itens financiáveis de 70% para 50%. Marilene Ramos lembrou, porém, que assim como todos os demais setores, a participação do BNDES poderá se elevar até 80% do valor total dos itens financiáveis, incluindo a emissão de debêntures a serem emitidas pelo empreendedor.
No caso do setor de distribuição de energia, o banco manteve o financiamento em 50% dos itens financiáveis, sendo que a metade disso será com recursos em TJLP e a outra metade em taxas de mercado. No setor de transmissão, ocorreu alteração maior, onde a participação do banco chega a até 80% dos itens financiáveis, mas integralmente a custos de mercado. Nessa área, o banco alongou o prazo de financiamento para 20 anos, prevendo a possibilidade de emissão de debêntures.
Marilene Ramos informou que a decisão de deixar as linhas de transmissão sem crédito mais barato ou subsidiado, representado pela TJLP, objetiva evitar distorções em relação à geração. “Porque uma linha de transmissão muito longa, financiada a TJLP, acaba mascarando a maior ou menor viabilidade de um projeto de geração que está localizado em regiões mais distantes, em detrimento de outro que poderia ser mais viável. A ideia é que dentro do financiamento de linhas de transmissão, essa condição é totalmente internalizada na modelagem, antes do leilão e, com isso, você vai ter uma visão mais realista do que efetivamente custa transmitir energia no país, e não diluir parte desses custos para o conjunto geral dos consumidores”. A meta é definir seus custos reais, completou.
A diretora Marilene Ramos afirmou que a decisão do BNDES de não financiar mais térmicas a carvão e a óleo, com o objetivo de promover a participação na matriz de fontes de energia limpas, não impede que haja projetos com carvão no país desde que sejam financiados pelo mercado em geral. A superintendente de Energia, Carla Primavera, acrescentou que os projetos relativos a leilões passados respeitam as condições divulgadas pelo BNDES antes de sua realização. “Eventualmente, se existir algum projeto dentro da casa para aprovação, que foi objeto de um leilão passado, as condições passadas são respeitadas”.
O banco não concederá mais empréstimos-ponte para empreendimentos do setor elétrico. “Mas estamos trabalhando para dar agilidade ao processo de financiamento internamente para que o empreendedor possa contar rapidamente com financiamento de longo prazo, evitando situações em que, às vezes, o projeto já está muito avançado quando, enfim, se consegue aprovar financiamento de longo prazo. Nós queremos tirar o empréstimo-ponte e colocar nesse lugar agilidade. Esse é o nosso objetivo”, ressaltou Marilene Ramos. Não há impedimentos para que o investidor faça também empréstimos pelo mercado, segundo a diretora.";RJ;integral;energia-solar;2026-09-21 20:05:49;;
c33ba2e1ceb4;Agência Brasil;https://agenciabrasil.ebc.com.br/geral/noticia/2016-10/programa-qualifica-mao-de-obra-para-area-de-energia-renovavel-no-df;2016-10-03 12:59:00;No DF, jovens de baixa renda aprendem a instalar placas de energia solar;Jovens de famílias com renda per capita até R$ 154, inscritos no Cadastro para Programas Sociais do governo federal, participam do curso, aplicado pelo Senai ntonio Cruz/ Agência Brasil O programa Brasília Solar, parceria da Secretaria do Meio Ambiente do Distrito Federal e o Serviço Nacional de Aprendizagem Industrial (Senai), iniciou hoje (3) as aulas de instalação e de manutenção de placas fotovoltaicas para 150 alunos inscritos no Cadastro para Programas Sociais do Governo Federal (CadÚnico).;"O programa Brasília Solar, parceria da Secretaria do Meio Ambiente do Distrito Federal e o Serviço Nacional de Aprendizagem Industrial (Senai), iniciou hoje (3) as aulas de instalação e de manutenção de placas fotovoltaicas para 150 alunos inscritos no Cadastro para Programas Sociais do Governo Federal (CadÚnico). O objetivo é gerar mão de obra qualificada para atender a demanda do setor de energia renovável no Distrito Federal. Os alunos, que fazem parte do programa Fábrica Social, terão as aulas ministradas por professores do Senai.
Segundo o subsecretário de Integração das Ações Sociais, da Secretaria do Trabalho, Desenvolvimento Social, Mulheres, Igualdade Racial e Direitos Humanos, Célio Silva, o curso é um gerador de empregos para atender uma demanda sustentável.
“O curso se insere no programa Fábrica Social como uma alternativa de produção para um segmento inovador que gera muitas oportunidades de emprego, 1 megawatt gera 120 novos empregos. O Brasília Solar tem a previsão de 60 megawatts nos próximos anos o que gera 7.200 empregos. As pessoas que conseguiremos formar nesses próximos três anos (450 alunos) é insuficiente para atender a essa demanda potencial que já existe”, disse.
Para Juarez Novaes, de 48 anos, o curso é uma oportunidade de ajudar o planeta e de ser inserido no mercado de trabalho, mas considera que falta divulgação. “É uma boa oportunidade, vai nos inserir no mercado e é sustentável. Procurei o curso principalmente por conta da sustentabilidade, acho importante essa contribuição com o planeta. Mas o curso tem que ser mais divulgado”, relata.
O curso tem 364 horas-aula divididas em 80 horas para habilidades básicas, envolvendo comunicação e expressão no ambiente de trabalho, matemática, noções da legislação trabalhista, direitos humanos e meio ambiente, higiene e segurança no trabalho e inclusão digital (word e excel); 200 horas para habilidades específicas; e 84 horas para noções de gestão e gerenciamento de negócios, envolvendo empreendedorismo, cooperativismo, benefícios do MEI – Microempreendedor Individual, planejamento, compra e venda.
O programa Fábrica Social oferece os cursos têxtil e confecção de material esportivo; instalação e manutenção de painéis solares; produção e cultivo de alimentos saudáveis em meio urbano; marcenaria com madeiras recicláveis e construção civil.
A inscrição no programa é feita por meio do telefone 156. Podem se inscrever para os cursos de capacitação moradores de Brasília inscritos no Cadastro Único para programas sociais do governo federal. É preciso ter no mínimo 16 anos de idade e renda familiar per capita de até R$ 154, além de nunca ter participado dos cursos oferecidos. Quando aberto, o processo seletivo destina 5% das vagas para pessoas com deficiência, 5% para idosos e 5% para adolescentes em conflito com a lei.";DF;integral;energia-renovavel;2026-09-21 20:07:39;;
9423e55083db;Agência Brasil;https://agenciabrasil.ebc.com.br/economia/noticia/2016-08/leilao-de-energia-eolica-e-solar-tera-1260-projetos-em-dezembro;2016-08-08 20:25:00;Leilão de energia eólica e solar terá 1.260 projetos em dezembro;A Empresa de Pesquisa Energética (EPE) cadastrou 1.260 projetos de energia eólica e solar, totalizando 35.147 megawatts (MW), para o segundo leilão de energia de reserva, previsto para 16 de dezembro deste ano. As informações foram divulgadas nesta segunda-feira (8) pela EPE. São 841 projetos eólicos, totalizando 21.760 MW e 419 fotovoltáicos, equivalentes a 13.388 MW. Na modalidade eólica, a Bahia lidera no leilão, com 249 projetos, totalizando 6.380 MW, seguida pelo Rio Grande do Norte, com 223 projetos e 5.555 MW, e o Rio Grande do Sul, com 127 projetos e 3.087 MW.;"A Empresa de Pesquisa Energética (EPE) cadastrou 1.260 projetos de energia eólica e solar, totalizando 35.147 megawatts (MW), para o segundo leilão de energia de reserva, previsto para 16 de dezembro deste ano. As informações foram divulgadas nesta segunda-feira (8) pela EPE.
São 841 projetos eólicos, totalizando 21.760 MW e 419 fotovoltáicos, equivalentes a 13.388 MW. Na modalidade eólica, a Bahia lidera no leilão, com 249 projetos, totalizando 6.380 MW, seguida pelo Rio Grande do Norte, com 223 projetos e 5.555 MW, e o Rio Grande do Sul, com 127 projetos e 3.087 MW.
Na geração de energia solar, ou fotovoltáica, a liderança também é da Bahia, com 101 projetos e 3.155 MW, à frente do Piauí, com 55 projetos e 2.057 MW, e Rio Grande do Norte, com 58 projetos e 1.640 MW.
Outras informações podem ser acessadas na página da EPE na internet.";PI,RN,BA,RS;integral;energia-solar;2026-09-21 20:05:51;;
fe8a53c87c87;Agência Brasil;https://agenciabrasil.ebc.com.br/internacional/noticia/2016-06/aviao-solar-solar-impulse-2-atravessa-o-atlantico-e-aterrissa-na;2016-06-23 07:12:00;Avião Solar Impulse 2 atravessa o Atlântico e aterrissa na Espanha;"Depois de 70 horas de voo sobre o Oceano Atlântico, o avião Solar Impulse 2, que está realizando uma viagem pelo mundo, aterrissou na Espanha, informa a página oficial do projeto no Twitter. ""[O piloto] Bertrand Piccard desembarcou em Sevilha, completando o primeiro voo de 70 horas a energia solar pelo Atlântico"", diz o comunicado. O avião partiu de Nova York na segunda-feira (21). O Solar Impulse 2, que utiliza somente a energia do sol, iniciou a viagem pelo mundo em Abu Dhabi, em 9 de março de 2015.";"Depois de 70 horas de voo sobre o Oceano Atlântico, o avião Solar Impulse 2, que está realizando uma viagem pelo mundo, aterrissou na Espanha, informa a página oficial do projeto no Twitter. ""[O piloto] Bertrand Piccard desembarcou em Sevilha, completando o primeiro voo de 70 horas a energia solar pelo Atlântico"", diz o comunicado. O avião partiu de Nova York na segunda-feira (21). O Solar Impulse 2, que utiliza somente a energia do sol, iniciou a viagem pelo mundo em Abu Dhabi, em 9 de março de 2015. O avião já visitou Omã (Muscat), a Índia (Varanasi), o Myanmar (Mandalay), a China (Chongqing e Nanjing) e o Japão (Nagoya). No início de julho, chegou ao Havai, estabelecendo o mais longo recorde de voo sem escalas, de 120 horas. Durante esse período, as baterias superaqueceram e ficaram inutilizadas.
O Solar Impulse 2 foi apresentado ao público em abril de 2014 e, em junho, foi testado com sucesso. O peso da aeronave é 2,3 toneladas, com 17,2 mil painéis solares que produzem a energia para o funcionamento dos motores. A velocidade máxima da aeronave é de 140 quilômetros por hora.
O primeiro voo de longo curso de um avião a energia solar foi feito em abril de 2010.";;integral;energia-solar;2026-09-21 20:05:54;;
804eb4e5ec1a;Agência Brasil;https://agenciabrasil.ebc.com.br/internacional/noticia/2016-05/producao-eolica-ajuda-portugal-passar-quatro-dias-apenas-com-energia;2016-05-21 08:11:00;Produção eólica ajuda Portugal a passar quatro dias apenas com energia renovável;Por quatro dias, a energia eólica assegurou 58% do consumo de eletrecidade em Portugal Arquivo/Agência Brasil Pela primeira vez, durante quatro dias seguidos, toda a eletricidade consumida em Portugal foi assegurada por fontes renováveis. Com um setor elétrico ainda dependente do carvão e do gás natural, Portugal tem um longo desafio pela frente: atingir a meta, no âmbito das diretrizes da União Europeia, de aumentar o peso das energias renováveis de 20,5%, em 2005, para 31% em 2020.;"Pela primeira vez, durante quatro dias seguidos, toda a eletricidade consumida em Portugal foi assegurada por fontes renováveis. Com um setor elétrico ainda dependente do carvão e do gás natural, Portugal tem um longo desafio pela frente: atingir a meta, no âmbito das diretrizes da União Europeia, de aumentar o peso das energias renováveis de 20,5%, em 2005, para 31% em 2020. Trata-se de um objetivo amplo, que abriga os setores dos transportes, sistemas de aquecimento e arrefecimento e produção de eletricidade.
De acordo com o secretário-geral da Associação Portuguesa de Energias Renováveis (Apren), José Madeiros Pinto, durante esse período, 58% do consumo de eletricidade no país foram assegurados pela energia eólica. A Associação Sistema Terrestre Sustentável (Zero) e a Apren analisaram os dados das Redes Energéticas Nacionais (REN) e concluíram que, durante 107 horas, entre as 6h45 do dia 7 de maio e as 17h45  do dia 11 de maio, todo o consumo de eletricidade em Portugal foi assegurado integralmente por fontes renováveis.
Portugal, no final dos anos 80, havia construído uma enorme plataforma de produção de energia, em que o principal combustível era o carvão. No entanto, a escolha pelo carvão, altamente poluente, levou o país a ocupar o 27º lugar entre os 30 mais poluentes da Europa, segundo o site Energia em Portugal , portal de pesquisa e informações sobre o setor energético no país. Já a política energética da primeira década dos anos 2000 foi marcada por investimentos significativos em fontes de energia renovável. A multiplicação de parques eólicos pelo país é resultado desse posicionamento adotado por Portugal.
""Tínhamos grande dependência das energias fósseis e os níveis de emissões de gás carbônico eram bastante altas. Mas reduzimos em mais da metade essas emissões no sistema elétrico. Em 2000, aqui em Portugal, lançou-se um programa estruturado para a integração de energias renováveis"", explicou. ""À época, a energia renovável que tinha maior potencial e se via com melhor futuro era a eólica, que vem crescendo de maneira sustentável e gradual. Foi ela [energia eólica] que deu o aporte para que conseguíssemos ter, de fato, muitos dias em que a produção renovável excedesse as necessidades de consumo"", afirmou Madeiros Pinto.
Segundo o secretário, a meta proposta pelo país, de atingir 31% da produção com energias renováveis, será difícil de cumprir. Para ele, as áreas de aquecimento e arrefecimento e transportes, que também deveriam contribuir para esse objetivo, não têm avançado muito.
""Estamos muito atrasados em aplicar energia renovável na área do aquecimento. Os transportes estão na casa dos 5% em percentual de renovável, com os biocombustíveis. Na parte elétrica, que é o nosso setor, estamos com 52% de renovável e temos que chegar aos 60%. Julgamos que não vai ser possível alcançar, mas não ficaremos longe"", disse.
Atualmente, a produção de energia hídrica cobre entre 25% e 28% do consumo final de energia elétrica, e a média anual da eólica fica em cerca de 25%. De acordo com Madeiros Pinto, a energia solar ainda está dando os primeiros passos no país. ""Embora tenhamos na zona sul um bom potencial solar, isso está muito pouco desenvolvido e não representa mais que 1% ou 1,5% das nossas necessidades.""";;integral;energia-solar;2026-09-21 20:05:56;;
5e83506eb3a5;Agência Brasil;https://agenciabrasil.ebc.com.br/pesquisa-e-inovacao/noticia/2016-03/em-oito-anos-mais-de-1-milhao-de-brasileiros-devem-gerar-sua;2016-03-06 13:46:00;Em oito anos, mais de 1 milhão de brasileiros devem gerar sua própria energia;Comunidade do Rio investe em energia solarDivulgação Você já pensou em gerar a sua própria energia elétrica em casa? Pois essa possibilidade já existe e deve ser cada vez mais comum no país. Segundo estimativa da Agência Nacional de Energia Elétrica (Aneel), até 2024 cerca de 1,2 milhão de residências no Brasil vão contar com energia produzida pelo sistema de geração distribuída, que permite que o consumidor instale pequenos geradores de fontes renováveis, como painéis solares e microturbinas eólicas, e troque energia com a distribuidora local, com objetivo de reduzir o valor da conta de luz.;"Você já pensou em gerar a sua própria energia elétrica em casa? Pois essa possibilidade já existe e deve ser cada vez mais comum no país. Segundo estimativa da Agência Nacional de Energia Elétrica (Aneel), até 2024 cerca de 1,2 milhão de residências no Brasil vão contar com energia produzida pelo sistema de geração distribuída, que permite que o consumidor instale pequenos geradores de fontes renováveis, como painéis solares e microturbinas eólicas, e troque energia com a distribuidora local, com objetivo de reduzir o valor da conta de luz.
O diretor da Aneel Tiago Correia já instalou oito placas de geração de energia solar em sua casa, o que vai atender ao consumo total da residência a partir do mês que vem. Para ele, além da vantagem de usar apenas fontes renováveis, um dos benefícios da geração distribuída é a redução de investimentos em redes de distribuição de energia. “Ela traz a geração para próximo do consumo”, afirma.
Na última terça-feira (1º), começaram a valer as novas regras aprovadas pela Aneel para a geração distribuída no país, que devem aumentar a procura pelo sistema. Uma das novidades é a possibilidade de geração compartilhada, ou seja, um grupo de pessoas pode se unir em um consórcio ou em cooperativa, instalar uma micro ou minigeração distribuída e utilizar a energia gerada para reduzir as faturas dos consorciados ou cooperados.
Segundo Tiago Correia, essa mudança vai possibilitar que mais pessoas adotem a geração compartilhada. “Quanto maior o sistema, mais barata é a instalação total, porque alguns custos são diluídos. Isso faz com que o retorno do investimento seja muito mais rápido, além de facilitar o acesso ao crédito cooperativado”, acrescenta.
Também foi autorizado pela Aneel que o consumidor gere energia em um local diferente do consumo. Por exemplo, a energia pode ser gerada em uma casa de campo e consumida em um apartamento na cidade, desde que as propriedades estejam na área de atendimento de uma mesma distribuidora. A norma também permite a instalação de geração distribuída em condomínios. Nesse caso, a energia gerada pode ser repartida entre os condôminos em porcentagens definidas pelos próprios consumidores.
Quando a quantidade de energia gerada em determinado mês for superior à energia consumida, o cliente fica com créditos que podem ser utilizados para diminuir a fatura dos meses seguintes. De acordo com as novas regras, o prazo de validade dos créditos passou de 36 para 60 meses.
Entre 2014 e 2016, as adesões ao modelo de geração distribuída quadruplicaram no país, passando de 424 conexões para 1.930 conexões. Para este ano, o crescimento pode ser de até 800%, segundo a Aneel. “O potencial de crescimento é muito grande, e a taxa de crescimento tem sido exponencial, até porque a base ainda é baixa”, afirma Correia. Atualmente, cerca de 90% das instalações de geração distribuída no país correspondem a painéis solares fotovoltaicos.
Para o presidente executivo da Associação Brasileira de Energia Solar Fotovoltaica (Absolar), Rodrigo Sauaia, as novas regras aprovadas pela Aneel vão ajudar a fomentar o uso da geração distribuída no país. “A revisão das normas vai possibilitar ampliação expressiva da participação da população brasileira na geração distribuída. O Brasil acabou de se posicionar como uma referência internacional, na vanguarda na área de incentivo ao uso da energia de geração distribuída, em especial a geração solar”, lembra.
O investimento em um sistema de geração de energia distribuída ainda é alto no Brasil, por causa do custo dos equipamentos, mas o retorno poderá ser sentido pelos consumidores entre cinco e sete anos, segundo o diretor da Aneel. “Se você pensar como um investidor, que tem um dinheiro disponível e gostaria de aplicar, traria um rendimento muito melhor do que qualquer aplicação financeira disponível hoje”, diz Tiago Correia.
Já o responsável pela área de geração distribuída da empresa Prátil, Rafael Coelho, estima que uma residência consiga obter o retorno do investimento a partir de quatro anos, dependendo da radiação do local e do custo da tarifa. Para ele, o investimento vale a pena, especialmente porque o consumidor evita oscilações na tarifa de energia.
“Quando você faz o investimento em um sistema desses, é o equivalente a você comprar um bloco de energia antecipado, um estoque de energia, que poderá usar por 25 anos sem se preocupar se o valor da energia vai subir ou vai descer”, diz Coelho. Segundo ele, o aumento da procura por equipamentos vai fazer com que o custo da instalação tenha uma redução nos próximos anos. “Como qualquer indústria, ela precisa de escala para poder reduzir o custo unitário. Então, com o crescimento do setor, essa escala deve vir e consequentemente o custo para o cliente deve abaixar também”.
Para a Absolar, o principal gargalo para o avanço do setor de geração distribuída no país é a questão tributária, especialmente nos 12 estados que ainda não eliminaram o Imposto sobre Circulação de Mercadorias e Serviços, o ICMS sobre a energia da microgeração. Em nível federal, o governo já fez a desoneração do PIS-Pasep e da Cofins sobre o sistema. Em relação ao financiamento, a entidade espera que o governo mobilize os bancos públicos para a oferta de crédito com condições especiais para pessoas e empresas interessadas em investir em mini e microgeração distribuída.";;integral;geracao-distribuida;2026-09-21 20:06:57;;
510c587ea1f1;Agência Brasil;https://agenciabrasil.ebc.com.br/pesquisa-e-inovacao/noticia/2016-03/brasil-inaugura-primeira-usina-solar-flutuante-do-mundo-em-lago;2016-03-05 20:59:00;Brasil inaugura primeira usina solar flutuante do mundo em lago de hidrelétrica;O primeiro projeto-piloto no mundo, de exploração de energia solar em lagos de usinas hidrelétricas, com uso de flutuadores, foi lançado ontem (4) na Hidrelétrica de Balbina, no município de Presidente Figueiredo, no Amazonas. Lançamento de projeto-piloto de usina para captação de energia solar no lago da Hidrelétrica de Balbina, no Amazonas  Bianca Paiva - Correspondente da Agência Brasil Segundo o Ministério de Minas e Energia, a iniciativa já foi implementada em outros países, mas em reservatórios comuns de água.;"O primeiro projeto-piloto no mundo, de exploração de energia solar em lagos de usinas hidrelétricas, com uso de flutuadores, foi lançado ontem (4) na Hidrelétrica de Balbina, no município de Presidente Figueiredo, no Amazonas.
Segundo o Ministério de Minas e Energia, a iniciativa já foi implementada em outros países, mas em reservatórios comuns de água. No caso do Brasil, a engenharia será utilizada nos lagos das hidrelétricas, permitindo aproveitar as sub-estações e as linhas de transmissão das usinas, além da lâmina d’água dos reservatórios, evitando desapropriação de terras.
As placas fotovoltaicas flutuantes no reservatório da usina amazonense vão gerar, inicialmente, um megawatt (MW) de energia. A previsão é que em outubro de 2017 a potência seja ampliada para cinco MW, o que é suficiente para abastecer, por exemplo, 9 mil casas.
O ministro Eduardo Braga, do PMDB, explica que o projeto de geração híbrida utiliza a capacidade dos reservatórios e a infraestrutura de hidrelétricas brasileiras, principalmente, as que estão com baixa capacidade de geração de energia, como é o caso de Balbina. “Aqui em Balbina é um caso bastante típico porque nós temos uma subestação que poderia estar transmitindo algo como 250 MW . Hoje, usa apenas 50 MW . Portanto, há 200 MW de ociosidade, que vamos poder suplementar com energia solar, com custo muito reduzido, fazendo com que tenhamos eficiência energética, segurança energética, melhor gestão hídrica dentro dos nossos reservatórios e ao mesmo tempo baratear a energia para que a tarifa de energia elétrica seja mais barata em nosso país”, afirmou.
A pesquisa vai analisar o grau de eficiência da interação de uma usina solar, em conjunto com a operação de usinas hidrelétricas, e a influência no ecossistema dos reservatórios. Após os estudos, de acordo com Eduardo Braga, a expectativa é que a geração de energia solar seja de 300 MW, podendo abastecer 540 mil residências. “É preciso fazer vários estudos, e nós esperamos, terminados esses estudos, poder começar os leilões de energia, de reservas com flutuadores dentro dos nossos reservatórios, e aí teremos capacidade muito grande no Brasil, porque o país possui inúmeras hidrelétricas com espaço para coletar energia solar nos seus reservatórios”, explicou o ministro.
De acordo com o presidente da Eletrobras, José da Costa Carvalho Neto, a tendência é que o país amplie a geração de energia solar, o que pode refletir futuramente na redução da conta de luz. Mas ressaltou que não dá para avaliar a queda percentual, pois ainda não se sabe quanto será o custo da energia solar. Mas adiantou que será uma ""redução substancial"".
Segundo ele, a participação da energia solar na matriz elétrica brasileira é muito pequena, mas deve crescer nos próximos anos, podendo chegar a 5%/10% ou até mais. ""Cada vez mais esses painéis estão reduzindo. A energia solar vai ficar muito barata, e essa economia será repassada para as tarifas que beneficiam o consumidor brasileiro”, destacou.
Os flutuadores da primeira etapa foram produzidos em Camaçari, na Bahia, e os próximos vão ser fabricados no Amazonas. Segundo Orestes Gonçalves, sócio-diretor da empresa Sunlution, responsável pelo desenvolvimento do projeto, a iniciativa vai contribuir para a geração de empregos.
Ele disse que todos os empregos serão contratados no estado do Amazonas, de gente com formação pela Universidade Federal do Amazonas, Serviço Nacional da Indústria (Senai) e outras instituições de ensino. Os eletricistas que vão instalar as usinas, os engenheiros que vão participar, assegurou, ""serão todos do estado do Amazonas, e todos com treinamento. Esse é o objetivo de envolver a universidade no projeto”.
Para Ciro Campos, do Instituto Socioambiental (ISA), a iniciativa do governo é positiva e oportuna, porque estimula a produção de energia solar no país e a criação de uma cadeia produtiva que ajuda a gerar emprego e renda em um momento de crise econômica. Mas ele chama a atenção para a escolha de usinas como a de Balbina, que causaram grande impacto ambiental e têm pouca produtividade.
No seu entender, “Balbina é a pior usina hidrelétrica já construída no Brasil, e talvez seja também o maior crime ambiental da nossa história. Portanto, não basta o ministério 'solarizar' Balbina ou outras hidrelétricas na Amazônia para tornar a existência dessas usinas menos nocivas para a atmosfera e para a sociedade também”.
Projeto semelhante, com a mesma capacidade de geração de energia solar de Balbina, será anunciado na Hidrelétrica de Sobradinho, na Bahia, no próximo dia 11. A Eletronorte e a Chesf vão investir quase R$ 100 milhões nos dois empreendimentos, que devem entrar em operação em janeiro de 2019.
A construção será de responsabilidade da empresa brasileira Sunlution, em parceria com a fabricante de equipamentos WEG e participação das universidades federais de Pernambuco e do Amazonas, bem como da Fundação de Apoio ao Rio Solimões.";AM,PE,BA;integral;energia-solar;2026-09-21 20:05:59;;
455e55ed9144;Agência Brasil;https://agenciabrasil.ebc.com.br/geral/noticia/2016-01/comunidade-do-rio-ganha-primeira-associacao-para-promover-uso-de-energia-solar;2016-01-30 18:39:00;Comunidade do Rio ganha associação para promover uso de energia solar;Painéis de energia solar mudam cenário do Morro da BabilôniaDivulgação As duas primeiras instalações fotovoltaicas do Morro da Babilônia, no Leme, zona sul do Rio de Janeiro, serão inauguradas na noite deste sábado. Os painéis são resultado de uma ação da associação sem fins lucrativos RevoluSolar, criada em outubro para promover a transição de energia renovável para a favela. O presidente da RevoluSolar, Pol Dhuyvetter, que também é dono de uma pousada e de um restaurante, uma das duas primeiras casas a receber os painéis, é belga e está há sete anos no Brasil.;"As duas primeiras instalações fotovoltaicas do Morro da Babilônia, no Leme, zona sul do Rio de Janeiro, serão inauguradas na noite deste sábado. Os painéis são resultado de uma ação da associação sem fins lucrativos RevoluSolar, criada em outubro para promover a transição de energia renovável para a favela.
O presidente da RevoluSolar, Pol Dhuyvetter, que também é dono de uma pousada e de um restaurante, uma das duas primeiras casas a receber os painéis, é belga e está há sete anos no Brasil. Integrante da cooperativa europeia Ecopower há 20 anos, ele se diz surpreso pelo Brasil ainda investir tão pouco em energia solar, mesmo com a radiação tão alta.
“Quando vim para o Brasil, vi tanto sol e tantos recursos naturais e procurei cooperativas de produção de energia renovável e não achei.  Na Bélgica, somos mais de 50 mil famílias e [o sistema de cooperativas] funciona. Agora, começamos aqui no Brasil a primeira cooperativa de energia renovável. Na Europa, há uma federação, estou em contato com o presidente e ele está dando conselhos para nós. Um país como o Brasil, como o Rio, com uma taxa de sol das mais altas do mundo, porque tem tão pouco painel solar? Na Bélgica, onde tem tão pouco sol, tem tanto painel solar. Aqui, é bem interessante a economia do painel solar”.
A geração de energia elétrica por células fotovoltaicas não entra nos boletins do Operador Nacional do Sistema Elétrico (ONS). De acordo com dados da Agência Nacional de Energia Elétrica (Aneel), o Brasil possui 33 empreendimentos de geração de energia solar em operação, responsáveis por 21.336 kW, o que corresponde a 0,02% do total do país.
De acordo com Dhuyvetter, o objetivo para 2016 é instalar painéis em 1% das residências da Babilônia, que tem pouco mais de mil casas. Por enquanto, além das duas já instaladas, há cinco interessados na fila. Para ele, o investimento pode ser grande no início, mas compensa muito a longo prazo com o retorno do valor pago em no máximo seis anos.
“A primeira coisa que fazemos é ver a conta de luz para dimensionar a instalação. Na nossa moradia que tem um bar, um restaurante e uma pousada, precisamos de 24 painéis. Nosso consumo no último mês foi quase R$ 1 mil. Nós colocamos 12 painéis, que custaram R$ 21 mil, e vão suprir a metade do consumo, mais ou menos 150 kW por mês. A estimativa é que, no máximo em seis anos, temos o retorno do investimento, talvez antes. E depois temos luz de graça por 19 anos, dentro da estimativa de duração de 25 anos de uma instalação solar. Então, a estimativa de lucro é de R$ 129 mil em 25 anos. Pode ser mais se o preço da luz subir”.
O financiamento para a instalação dos painéis veio por meio da Agência Estadual de Fomento (AgeRio), que oferece até R$ 15 mil em microcrédito para os moradores e empreendedores das comunidades com juros de 0,25% por mês. Para o presidente da Associação de Moradores do Morro da Babilônia, André Luiz Abreu de Souza, o problema é que o prazo para quitar o empréstimo é de dois anos, muito curto para as condições do morador da favela.
“Nós vamos correr politicamente para que se aumente esse espaço de tempo para pagar o microcrédito em quatro ou cinco anos, aí ficaria mais fácil para o morador. Mas o importante é mostrar que é um investimento que vai ter um retorno, você não vai só consumir, mas vai passar a produzir. É nisso que nós estamos acreditando, é algo muito novo, principalmente para uma favela, e a Babilônia está sendo a pioneira e nós estamos muito felizes com isso”.";RJ;integral;energia-renovavel;2026-09-21 20:07:41;;
c77c84322a08;Agência Brasil;https://agenciabrasil.ebc.com.br/geral/noticia/2016-01/brasilia-quer-usar-seu-potencial-de-energia-solar-para-gerar-energia-eletrica;2016-01-21 15:44:00;Governo de Brasília quer instalar painéis solares em escolas e prédios públicos;Em dois anos, Brasília pretende ser referência na produção de energia elétrica a partir da instalação de painéis de captação da luz solar. Por meio do Programa Brasília Solar, a Secretaria do Meio Ambiente do Distrito Federal prevê a instalação de placas que convertem a luz do sol em energia elétrica no teto de prédios públicos e escolas. O secretário do Meio Ambiente do Distrito Federal, André Lima, disse que a energia solar é uma alternativa para o abastecimento da capital federal e que a cidade tem um grande potencial para a geração.;"Em dois anos, Brasília pretende ser referência na produção de energia elétrica a partir da instalação de painéis de captação da luz solar. Por meio do Programa Brasília Solar, a Secretaria do Meio Ambiente do Distrito Federal prevê a instalação de placas que convertem a luz do sol em energia elétrica no teto de prédios públicos e escolas.
O secretário do Meio Ambiente do Distrito Federal, André Lima, disse que a energia solar é uma alternativa para o abastecimento da capital federal e que a cidade tem um grande potencial para a geração. “Somente nas sete regiões administrativas de Brasília: Plano Piloto, Candangolândia, Cruzeiro, Lago Norte, Lago Sul, Paranoá e São Sebastião, o potencial de produção de energia é oito vezes maior que a própria demanda de energia [dessas regiões]”, disse.
De acordo com o secretário, em outro bairro da cidade, o Lago Sul, se 40% dos telhados das casas tivessem painéis solares para a produção de energia elétrica, a quantidade seria suficiente para atender a toda a demanda das residências e do comércio do Lago do Sul, do Paranoá e de São Sebastião, na mesma região.
Para incentivar a implantação dos painéis, o governo estuda o abatimento no Imposto Predial e Territorial Urbano (IPTU) e o Imposto sobre a Transmissão de Bens Imóveis (ITBI) de quem aderir ao programa. A proposta ainda está em consulta pública. A população pode apresentar sugestões por meio da página da Secretaria do Meio Ambiente do DF no Facebook . O prazo é até o dia 15 de fevereiro.
Em março, a secretaria vai reunir as sugestões recebidas na consulta pública e apresentar o documento ao governador Rodrigo Rollemberg. A expectativa é que o programa comece a ser implantado em abril.";DF;integral;energia-solar;2026-09-21 20:06:01;;
195b6f1dafbf;Agência Brasil;https://agenciabrasil.ebc.com.br/geral/noticia/2015-12/comissao-do-congresso-na-cop21-defende-ampliacao-de-fontes-renovaveis-de;2015-12-11 17:38:00;Comissão do Congresso na COP21 defende ampliação de fontes renováveis de energia;O presidente da Comissão Mista sobre Mudanças Climáticas do Congresso Nacional, senador Fernando Bezerra Coelho (PSB-PE), disse hoje (11) que a atuação do colegiado está focada na ampliação das energias renováveis da matriz energética do Brasil, principalmente a eólica, a solar e a de biomassa.;"O presidente da Comissão Mista sobre Mudanças Climáticas do Congresso Nacional, senador Fernando Bezerra Coelho (PSB-PE), disse hoje (11) que a atuação do colegiado está focada na ampliação das energias renováveis da matriz energética do Brasil, principalmente a eólica, a solar e a de biomassa. Em um fórum que reuniu a delegação de parlamentares brasileiros na 21ª Conferência das Partes das Nações Unidas sobre Mudanças Climáticas (COP21), em Paris, Bezerra disse que a diminuição do uso da água (armazenada) para a produção de energia hidrelétrica poderá ainda contribuir para a solução da crise hídrica enfrentada pelo Brasil.
Para ele, a utilização de energias renováveis no fornecimento de energia elétrica, pode chegar a 25% da matriz energética brasileira, até o ano de 2030, e o país tem condições de fazer uma complementaridade perfeita entre a energia hidrelétrica e as energias renováveis, especialmente a energia solar.
A meta brasileira apresentada à COP21 é aumentar a parcela de energias renováveis (além da hídrica) no fornecimento de energia elétrica para ao menos 23% até 2030. Além disso, a meta inclui diminuir as emissões de gases de efeito estufa em 37% até 2025 e em 43% até 2030, tendo 2005 como ano-base, acabar com o desmatamento ilegal na Amazônia, reflorestar 12 milhões de hectares de florestas e recuperar 15 milhões de hectares de pastagens degradadas.
Bezerra disse que os investimentos do Brasil em combustíveis fósseis (petróleo, gás natural e carvão mineral), projetados para os próximos dez anos, ainda são bastante elevados e acrescentou que, com a ampliação da matriz, o governo brasileiro não só aumentará a oferta de outros tipos de energia à população, como também poupará a água dos reservatórios para o abastecimento humano.
Para a senadora Vanessa Grazziotin (PCdoB-AM), também presente na conferência de Paris, o acordo vinculante, que deverá ser apresentado amanhã (12), é muito importante, mas ainda é preciso encontrar meios, mecanismos e recursos em âmbito internacional para financiar a nova legislação.";;integral;energias-renovaveis;2026-09-21 20:08:15;;
72c5a17caf7f;Agência Brasil;https://agenciabrasil.ebc.com.br/pesquisa-e-inovacao/noticia/2015-10/gelo-feito-partir-de-energia-solar-leva-desenvolvimento;2015-10-07 06:06:00;Gelo feito a partir de energia solar leva desenvolvimento a comunidade isolada;Comunidade ribeirinha recebeu três máquinas de gelo que funcionam com energia solar e estão produzindo 90 quilos por diaAline Fidelix/Instituto Mamirauá Há dois meses, as oito famílias que vivem na Vila Nova do Amanã, pequena localidade do município de Maraã, na região do Médio Solimões, no Amazonas, passaram a ter acesso a um item básico para a maioria dos brasileiros, mas considerado um luxo no local. A comunidade ribeirinha recebeu três máquinas de gelo que funcionam com energia solar e estão produzindo 90 quilos por dia.;"Há dois meses, as oito famílias que vivem na Vila Nova do Amanã, pequena localidade do município de Maraã, na região do Médio Solimões, no Amazonas, passaram a ter acesso a um item básico para a maioria dos brasileiros, mas considerado um luxo no local. A comunidade ribeirinha recebeu três máquinas de gelo que funcionam com energia solar e estão produzindo 90 quilos por dia.
“Essas famílias têm como principais atividades a pesca e a agricultura. As máquinas vão atender à demanda de gelo, principalmente para conservar polpa de frutas e pescado”, diz Otacílio Soares Brito, do setor de tecnologias sociais do Instituto Mamirauá, responsável pela implantação do projeto Gelo Solar na região.
As fábricas de gelo são um pouco maiores que uma geladeira comum e funcionam com um painel de energia solar. Cada máquina custa cerca de R$ 25 mil e produz 30 quilos de gelo diariamente. A tecnologia foi desenvolvida por pesquisadores da Universidade de São Paulo em parceria com o Instituto Mamirauá, ligado ao Ministério da Ciência, Tecnologia e Inovação.
O projeto foi premiado no fim do ano passado pelo Desafio de Impacto Social da empresa Google no Brasil. O prêmio, de R$ 500 mil, foi usado para implantar três máquinas na Vila Nova do Amanã e uma na Reserva de Desenvolvimento Sustentável Mamirauá, instalada para que o Instituto monitore na prática a eficiência do equipamento, que pode ser levado a outras comunidades.
“O planejamento é acompanhar o funcionamento dessas quatro máquinas por um período, cerca de dois anos, ao mesmo tempo em que estamos buscando recursos para instalar máquinas em outras comunidades.”, afirma Brito.
Ele ressalta que a tecnologia é inovadora por não precisar de baterias, que poluem o meio ambiente e têm vida útil curta. ""É a transformação de energia elétrica em gelo.” De acordo com Brito, a manutenção das máquinas é simples – uma vez por mês é preciso passar um pano para limpar os módulos e as máquinas de gelo –, e os aparelhos podem durar até 25 anos. “A população está sendo capacitada para a gestão comunitária da tecnologia. A ideia é que a gente acompanhe e ajude a pensar a melhor forma de gestão dessa tecnologia.”, acrescenta o técnico.
Um dos objetivos do projeto é que as fábricas de gelo ajudem a aumentar a renda das famílias. “Eles não vão consumir todo esse gelo, vai ter uma sobra. Estamos conversando com a comunidade para dar um destino adequado a esse gelo, enfim, encontrar uma forma estratégica para que seja uma fonte de renda”. Uma das ideias é vender o gelo extra para comunidades próximas.
Brito lembra que a dificuldade para chegar à vila, que está a 100 quilômetros de Tefé e só tem acesso fluvial, faz com que as famílias não tenham essas tecnologias comuns nas grandes cidades. “Assistem televisão esporadicamente, quando o motor de luz funciona. Mas internet, por exemplo, nem pensar.”.
Para o especialista, iniciativas como o Gelo Solar podem ser uma saída para a região amazônica, onde muitos ainda vivem na escuridão. “Acredito que em curto prazo não vai chegar energia a alguns lugares da Amazônia. A saída será a instalação de sistemas isolados, tanto para iluminação quanto para gelo, bombeamento de água, etc”.
Ele considera que as minitermelétricas, que vêm sendo implantadas na região há mais de meio século, não resolveram o problema. “Não resolve o problema da escuridão, porque o motor de luz, quando funciona, quando não está pifado e tem diesel, o que é muito raro, funciona das 6h às 22h, quando é desligado. Não dá para funcionar geladeira, freezer, não dá para conservar os alimentos”, afirma.";AM,SP;integral;energia-solar;2026-09-21 20:06:04;;
309ca8398ddf;Agência Brasil;https://agenciabrasil.ebc.com.br/economia/noticia/2015-09/investir-em-energia-solar-custa-8-vezes-menos-que-em-termoeletricas-diz-wwf;2015-09-28 20:36:00;Investir em energia solar custa 8 vezes menos que em termelétricas, diz WWF;Estudo divulgado hoje (28) pela organização não governamental WWF Brasil mostra que a substituição do uso de energia fornecida por usinas termelétricas pela de geração fotovoltaica (energia solar) poderia gerar uma economia de R$ 150 bilhões em um período de cinco anos. De acordo com o WWF, subsidiar a energia fotovoltaica em vez da termelétrica emergencial – usada atualmente diante da diminuição da geração hidroelétrica – é oito vezes menos custoso. “A substituição das termelétricas incrementais por uma geração fotovoltaica distribuída mostra-se bastante viável.;"Estudo divulgado hoje (28) pela organização não governamental WWF Brasil mostra que a substituição do uso de energia fornecida por usinas termelétricas pela de geração fotovoltaica (energia solar) poderia gerar uma economia de R$ 150 bilhões em um período de cinco anos. De acordo com o WWF, subsidiar a energia fotovoltaica em vez da termelétrica emergencial – usada atualmente diante da diminuição da geração hidroelétrica – é oito vezes menos custoso.
“A substituição das termelétricas incrementais por uma geração fotovoltaica distribuída mostra-se bastante viável. De acordo com o modelo apresentado no estudo, subsidiar essa forma de geração é oito vezes menos custoso. Mesmo em um cenário em que, após cinco anos, os reservatórios voltassem ao patamar de segurança e não houvesse crise hídrica pelos 20 anos seguintes, o país teria uma economia da ordem de R$ 150 bilhões”, diz o estudo.
O WWF Brasil propõe uma transição gradual do modelo termelétrico para o fotovoltaico, em que o valor que atualmente é gasto para a contratação de energia das termelétricas seria reduzido, ao mesmo tempo em que seria aumentado o investimento na instalação de energia fotovoltaica por um período de cinco anos. O objetivo é que, após esse período, a produção de energia fotovoltaica atinja 40 terawatts/hora (TWh) por ano, a mesma quantidade contratada hoje das termelétricas emergenciais.
“Atualmente o governo tem gerado muitos incentivos econômicos para fazer a sustentação da segurança energética do país por meio de termelétricas. O que a gente propõe aqui é fazer uma transição gradual para energia solar, tendo a energia solar como uma energia apoiando a energia hidroelétrica no Brasil, e manter as termelétricas de backup, que é o papel delas, caso precise, e não operando todo ano igual a gente está tendo agora”, disse o coordenador de Mudanças Climáticas e Energia do WWF, André Nahur.
A substituição da energia termelétrica pela fotovoltaica, no entanto, ainda enfrenta o entrave da falta de financiamento no país. Segundo Nahur, países que estão fazendo a transição, como Alemanha, Japão, e Itália, têm linhas de financiamento diferenciadas para a energia de base solar a cerca de 6% ao ano. Já no Brasil, o crédito para essa finalidade é pequeno e destinado a grandes projetos.
“Hoje em dia, as linhas de financiamentos que a gente tem que são por meio do BNDES [Banco Nacional de Desenvolvimento Econômico e Social] e de alguns bancos privados. O que a gente precisaria hoje seria de linhas diferenciadas de financiamento com juros de mais ou menos 6% ao ano”, disse Nahur.";;integral;energia-solar;2026-09-21 20:06:06;;
bc6422b5c183;Agência Brasil;https://agenciabrasil.ebc.com.br/economia/noticia/2015-07/leilao-de-energia-eolica-e-solar-tem-1379-projetos-cadastrados;2015-07-22 16:50:00;Leilão de energia eólica e solar tem 1.379 projetos cadastrados;O segundo leilão de energia de reserva feito pelo governo brasileiro, marcado para 13 de novembro, terá 1.379 projetos, sendo 730 empreendimentos de energia eólica e 649 de energia solar fotovoltaica. O total oferecido soma 38.917 megawatts (MW) em capacidade instalada. A informação foi divulgada hoje (22), em nota, pela Empresa de Pesquisa Energética (EPE). O presidente da EPE, Maurício Tolmasquim, destacou em nota que o leilão bateu recorde de projetos, “o que demonstra o interesse crescente dos investidores por energias renováveis”.;"O segundo leilão de energia de reserva feito pelo governo brasileiro, marcado para 13 de novembro, terá 1.379 projetos, sendo 730 empreendimentos de energia eólica e 649 de energia solar fotovoltaica. O total oferecido soma 38.917 megawatts (MW) em capacidade instalada.
A informação foi divulgada hoje (22), em nota, pela Empresa de Pesquisa Energética (EPE). O presidente da EPE, Maurício Tolmasquim, destacou em nota que o leilão bateu recorde de projetos, “o que demonstra o interesse crescente dos investidores por energias renováveis”.
O estado campeão nesses segmentos energéticos é a Bahia, com 243 projetos de energia eólica e 192 de geração solar, totalizando 12.099 MW. Em segundo lugar, vem o Rio Grande do Norte, com 184 projetos eólicos e 97 de energia solar, com total de 7.648 MW. Em seguida, aparecem o Piauí, com 4.242 MW (89 projetos fotovoltaicos e 46 eólicos), o Ceará (3.324 MW, sendo 95 projetos de energia eólica e 34, solar) e o Rio Grande do Sul (2.365 MW, 107 projetos só de energia eólica).
No segmento fotovoltaico, também têm destaque os estados de Minas Gerais (1.974 MW), São Paulo (1.937 MW), Pernambuco (1.625 MW) e do Tocantins (1.148 MW).";TO,PI,CE,RN,PE,BA,MG,SP,RS;integral;energia-solar;2026-09-21 20:06:09;;
2fdb72b1ac50;Agência Brasil;https://agenciabrasil.ebc.com.br/internacional/noticia/2015-06/japao-vai-ter-maior-sistema-de-armazenamento-de-energia-solar-do-mundo;2015-06-24 09:12:00;Japão vai ter maior sistema de armazenamento de energia solar do mundo;A empresa japonesa Mitsubishi Electric vai construir em Fukuoka (no Sul do Japão) o maior sistema de armazenamento de energia solar do mundo, com capacidade de 50 mil kilowatts, confirmou hoje (24) a agência espanhola EFE. O projeto, encomendado pela companhia elétrica japonesa Kyushu Electric Power e que conta com financiamento estatal, consistirá em uma rede de baterias, que ocupará extensão de 14 mil metros quadrados na localidade de Buzen e será capaz de fornecer eletricidade a 30 mil habitações.;"A empresa japonesa Mitsubishi Electric vai construir em Fukuoka (no Sul do Japão) o maior sistema de armazenamento de energia solar do mundo, com capacidade de 50 mil  kilowatts, confirmou hoje (24) a agência espanhola EFE.
O projeto, encomendado pela companhia elétrica japonesa Kyushu Electric Power e que conta com financiamento estatal, consistirá em uma rede de baterias, que ocupará extensão de 14 mil metros quadrados na localidade de Buzen e será capaz de fornecer eletricidade a 30 mil habitações.
O sistema permitirá armazenar o excesso produzido por fábricas de energia solar e oferecer um abastecimento estável, mesmo de noite ou quando baixa a produção devido a condições meteorológicas, explicou à EFE um porta-voz da Mitsubishi.
Uma vez construído, durante este ano, será o maior sistema de armazenamento do tipo em todo o mundo, segundo a mesma fonte, que assinalou existirem instalações semelhantes na Itália e em outros países asiáticos, mas de menor capacidade.
O Japão tem como meta aumentar a produção de energias renováveis, de 22% a 24% do total, até 2030, praticamente duplicando o nível atual.";;integral;energia-solar;2026-09-21 20:06:11;;
9caf51b5b8f0;Agência Brasil;https://agenciabrasil.ebc.com.br/pesquisa-e-inovacao/noticia/2015-06/escola-tecnica-do-rio-inaugura-planta-de-energia-solar-para;2015-06-07 11:27:00;Escola técnica do Rio inaugura planta de energia solar para formação de pessoal;O Centro Federal de Educação Tecnológica Celso Suckow da Fonseca (Cefet), no Maracanã, zona norte do Rio de Janeiro, começa a operar nesta semana a planta fotovoltaica, que vai gerar energia limpa e renovável e capacitar professores para o ensino da energia solar. O centro também formará técnicos que sejam habilitados a instalar plantas similares. A miniusina, com potência de 6 quilowatts-pico (KWp), teve investimentos de R$ 80 mil, e integra a carteira de projetos do Programa Rio Capital da Energia, da Secretaria de Desenvolvimento Econômico do Estado do Rio de Janeiro (Sedeis).;"O Centro Federal de Educação Tecnológica Celso Suckow da Fonseca (Cefet), no Maracanã, zona norte do Rio de Janeiro, começa a operar nesta semana a planta fotovoltaica, que vai gerar energia limpa e renovável e capacitar professores para o ensino da energia solar. O centro também formará técnicos que sejam habilitados a instalar plantas similares.
A miniusina, com potência de 6 quilowatts-pico (KWp), teve investimentos de R$ 80 mil, e integra a carteira de projetos do Programa Rio Capital da Energia, da Secretaria de Desenvolvimento Econômico do Estado do Rio de Janeiro (Sedeis). O projeto também recebeu apoio da agência alemã de fomento Deutsche Gesellschaft für Internationale Zusammenarbeit (GIZ) e da Light Esco. As instalações ficaram a cargo da empresa Eudora Solar.
Coordenador do projeto e professor do Cefet, Mamour Sop Ndiaye explicou que a miniusina é capaz de atender ao consumo elétrico médio de três famílias. Em julho, a planta será utilizada em uma nova etapa do curso de capacitação de professores do Cefet e do Instituto Federal de Educação, Ciência e Tecnologia do Rio de Janeiro.
Paralelamente, foi iniciada a formação dos primeiros profissionais de nível técnico em energia fotovoltaica. De acordo com Ndiaye, o primeiro grupo de alunos especialistas na tecnologia deverá estar completamente formado no segundo semestre de 2016. O professor explicou que um dos maiores problemas atualmente, na instalação de painéis fotovoltaicos, tanto no Rio quanto no Brasil, é a falta de técnicos habilitados.
Com a miniusina instalada, o centro agora se prepara para produzir o próprio painel fotovoltaico, em vez de adquiri-lo pronto. O novo projeto envolve a instalação de outra planta fotovoltaica, de 1 KWp, cuja energia gerada vai ser usada para iluminar o pátio da escola.";RJ;integral;energia-solar;2026-09-21 20:06:13;;
f6761e3c62bb;Agência Brasil;https://agenciabrasil.ebc.com.br/economia/noticia/2015-05/energia-solar-fotovoltaica-mostra-perspectiva-acentuada-de-crescimento;2015-05-28 17:33:00;Energia solar fotovoltaica terá investimentos de R$ 7 bilhões em 20 anos;A energia solar fotovoltaica (energia elétrica obtida a partir de luz solar) no Brasil está em um “momento emergente”, disse hoje (28) o diretor executivo da Associação Brasileira de Energia Solar Fotovoltaica (Absolar), Rodrigo Sauaia, no Encontro Nacional de Agentes do Setor Elétrico (Enase), no Rio de Janeiro. Segundo ele, a perspectiva é que haja expansão acentuada do setor, com um potencial de geração de 20 empregos para cada megawatt (MW) instalado e investimentos de R$ 7 bilhões ao longo de 20 anos.;"A energia solar fotovoltaica (energia elétrica obtida a partir de luz solar) no Brasil está em um “momento emergente”, disse hoje (28) o diretor executivo da Associação Brasileira de Energia Solar Fotovoltaica (Absolar), Rodrigo Sauaia, no Encontro Nacional de Agentes do Setor Elétrico (Enase), no Rio de Janeiro. Segundo ele, a perspectiva é que haja expansão acentuada do setor, com um potencial de geração de 20 empregos para cada megawatt (MW) instalado e investimentos de  R$ 7 bilhões ao longo de 20 anos.
Dois leilões para energia solar fotovoltaica estão anunciados para os dias 14 de agosto e 13 de novembro. A expectativa da associação é que a somatória desses dois leilões supere 1.000 MW.
“Será um outro ano positivo de contratação, que vai ajudar a dar o sinal de continuidade do investimento nessa fonte, por parte do governo federal e, em consequência, solidificar os interesses e estabelecer cadeia produtiva”, disse Rodrigo Sauaia.
Para o diretor da Absolar, os leilões são importantes para que haja um processo de busca de eficiência no setor, favorecendo, no médio prazo, reduções de preços de energia solar, “para que ela se torne cada vez mais competitiva e atraente”.
Sauaia disse que, até abril deste ano, o Brasil registrava 534 sistemas de geração distribuída conectados à rede elétrica, oriundos de diferentes fontes, dos quais 500 projetos são de energia solar fotovoltaica. Segundo ele, ocorreu também no período grande avanço no mercado de geração centralizada, relativo às usinas solares de grande porte.
Em 2014, o governo federal promoveu leilão específico do setor, no qual foram contratados 1.048 MW. “Um grande salto histórico, cerca de 70 vezes tudo que o país tinha conectado na rede, em um único leilão”, destacou o diretor.
Segundo ele, cada MW instalado de energia solar a cada ano gera 30 empregos ao longo da cadeia produtiva no país onde o sistema é implantado, dos quais 20% são na parte de fabricação de equipamentos. “Sendo conservador, a gente pode dizer que pelo menos 20 empregos seriam gerados para cada MW instalado. Se o governo mantiver a contratação de 1.000 MW por ano dessa fonte, isso vai ter um potencial de gerar da ordem de 20 mil empregos”, acrescenta Sauaia.
O executivo da Absolar ressaltou também que, em termos de investimentos, há grande potencial de expansão no Brasil. Os investimentos para os 1.048 MW contratados no ano passado equivalem a R$ 7 bilhões ao longo de 20 anos.";RJ;integral;energia-solar;2026-09-21 20:06:16;;
bb07af8403ad;Agência Brasil;https://agenciabrasil.ebc.com.br/geral/noticia/2015-04/greenpeace-faz-ato-em-frente-ao-planalto-por-incetivo-energia-solar;2015-04-23 11:41:00;Greenpeace faz ato em frente ao Planalto em defesa do uso de energia solar;Ativistas da organização não governamental Greenpeace fizeram hoje (23) uma ação, em frente ao Palácio do Planalto, para pedir ao governo que incentive o uso da energia solar. Em um caminhão parado em frente à sede do Executivo federal, eles estenderam uma faixa com a frase “Dilma, o Brasil precisa de energia positiva. Solar no Planalto: nós instalamos”, para oferecer à presidenta Dilma Rousseff a instalação gratuita de placas solares no prédio. Os participantes do ato se posicionaram em frente à rampa do Palácio do Planalto segurando placas de energia solar.;"Ativistas da organização não governamental Greenpeace fizeram hoje (23) uma ação, em frente ao Palácio do Planalto, para pedir ao governo que incentive o uso da energia solar. Em um caminhão parado em frente à sede do Executivo federal, eles estenderam uma faixa com a frase “Dilma, o Brasil precisa de energia positiva. Solar no Planalto: nós instalamos”, para oferecer à presidenta Dilma Rousseff a instalação gratuita de placas solares no prédio. Os participantes do ato se posicionaram em frente à rampa do Palácio do Planalto segurando placas de energia solar.
“Viemos aqui ver se a presidenta aceita nossa oferta para que o governo acredite que a energia solar é a solução de que o Brasil precisa para sair da crise e está disposto a conceder os incentivos que a fonte precisa para chegar à casa de todos os brasileiros”, explicou a coordenadora da Campanha de Clima e Energia do Greenpeace Brasil, Bárbara Rubim. Segundo ela, o incentivo do governo se daria por meio de apoio à alteração na forma de incidência do Imposto sobre Circulação de Mercadorias e Serviços (ICMS) para tornar esse tipo de energia mais competitiva.
A coordenadora do Greenpeace apontou benefícios para o uso da energia solar. “Ela é complementar às hidrelétricas. Num período de grande estiagem por que passamos, é quando a geração de um sistema fotovoltaico fica potencializada. Além disso, a energia solar não polui o meio ambiente e tem geração de empregos muito maior que as fontes que usamos no Brasil”, disse Bárbara.
Integrantes do Greenpeace foram recebidos por representante da Secretaria-Geral da Presidência e entregaram uma carta endereçada à presidenta Dilma e uma placa de geração de energia solar. A Secretaria de Comunicação da Presidência da República informou que não vai se manifestar sobre a atividade do Greenpeace.
A ação provocou lentidão no trânsito em frente ao Palácio do Planalto e atraiu a atenção de grupos de estudantes que visitavam o prédio e a Praça dos Três Poderes.";;integral;energia-solar;2026-09-21 20:06:18;;
e82cc33d7674;Agência Brasil;https://agenciabrasil.ebc.com.br/politica/noticia/2015-04/aumento-no-nivel-de-hidreletricas-afasta-cada-dia-mais-racionamento-diz;2015-04-08 11:41:00;"Aumento no nível de hidrelétricas afasta ""cada dia mais"" racionamento, diz Braga";Eduardo Braga diz que o Brasil está cada vez mais distante de um racionamento de energia elétricaWilson Dias/Agência Brasil A maior incidência de chuvas nos últimos meses e a consequente elevação no nível dos reservatórios das hidrelétricas do Sudeste e Centro-Oeste deixa “cada dia mais distante” a necessidade de um novo racionamento energético no país. A avaliação foi feita hoje (8) pelo ministro de Minas e Energia, Eduardo Braga, em audiência pública da Comissão de Infraestrutura do Senado.;"A maior incidência de chuvas nos últimos meses e a consequente elevação no nível dos reservatórios das hidrelétricas do Sudeste e Centro-Oeste deixa “cada dia mais distante” a necessidade de um novo racionamento energético no país. A avaliação foi feita hoje (8) pelo ministro de Minas e Energia, Eduardo Braga, em audiência pública da Comissão de Infraestrutura do Senado.
“No Sudeste e Centro-Oeste está cada dia mais distante a possiblidade de termos um racionamento de energia, em que pese ainda tenhamos uma crise hídrica e tenhamos um volume de água nos reservatórios inferior ao de 2001 ”, disse Braga, referindo-se ao ano em que houve o racionamento de energia no país.
De acordo com o Operador Nacional do Sistema Elétrico (ONS), as represas de hidrelétricas no Sudeste e Centro-Oeste tinham ontem (7) um armazenamento médio de 30,38%. Essas regiões são responsáveis por cerca de 70% de toda a capacidade de geração de energia no país.
""Estamos monitorando semana a semana a curva de carga e de consumo no país. E, no primeiro trimestre de 2015, comparado com o primeiro trimestre de 2014, tivemos uma queda no consumo de 1,8%, o que mostra que a população está compreendendo a necessidade de fazermos um uso melhor da energia elétrica para que possamos ter um combate ao desperdício"", destacou Braga.
O ministro defendeu a diversificação da matriz energética no país, a partir do racionamento de 2001. Ele acrescentou que o Conselho Nacional de Política Fazendária (Confaz) deverá deliberar, na sexta-feira (10), sobre um convênio isentando a geração de energia solar de Imposto sobre Circulação de Mercadorias e Serviços (ICMS). Em contrapartica, o governo federal isentará a cobrança do Programa de Integração Social (PIS) e da Contribuição para Financiamento da Seguridade Social (Cofins).
""Nós passaremos a ser competitivos na geração distribuída de energia solar, o que nos dará a possibilidade de lançar, no segundo semestre, um grande programa de geração distribuída de energia dentro do centro de carga fazendo com que nós tenhamos grandes inovações em relação a esse tema"", disse Braga.
O ministro demostrou otimismo em relação a um projeto do governo de produção de energia solar a partir de equipamentos flutuadores em lagos. ""Se o projeto der certo, o Brasil será capaz de produzir energia solar em quantidade igual ou superior à de uma nova hidrelétrica"", explicou. A tecnologia já é objeto de experiência em alguns países.
A geração de energia eólica no Nordeste também foi destacada pelo ministro. Segundo Eduardo Braga, o Brasil está entre os dez maiores produtores de energia eólica. Até 2020, a expectativa é que o país esteja em segundo ou em primeiro lugar na produção mundial de energia eólica, acredita o ministro.";;integral;energia-solar;2026-09-21 20:06:20;;
fedbadb9658d;Agência Brasil;https://agenciabrasil.ebc.com.br/economia/noticia/2015-04/geenpeace-pede-acao-levy-para-reduzir-icms-na-venda-de-placas-de-energia;2015-04-07 13:25:00;Geenpeace pede ação a Levy para reduzir ICMS na venda de placas de energia solar;Na manifestação, o sol estava representado por um boneco preso em uma jaula José Cruz/Agência Brasil Em manifestação em frente ao Ministério da Fazenda, a organização não governamental (ONG) Greenpeace pediu hoje (7) ao ministro Joaquim Levy que proponha aos estados a redução do Imposto Sobre Circulação de Mercadorias e Serviços (ICMS) cobrado na comercialização das placas coletoras de energia solar. Na manifestação, o sol estava representado por um boneco preso em uma jaula e os integrantes da ONG portavam uma faixa na qual pediam que o ministro “deixasse o Sol iluminar o futuro do Brasil”.;"Em manifestação em frente ao Ministério da Fazenda, a organização não governamental (ONG) Greenpeace pediu hoje (7) ao ministro Joaquim Levy que proponha aos estados a redução do Imposto Sobre Circulação de Mercadorias e Serviços (ICMS) cobrado na comercialização das placas coletoras de energia solar.
Na manifestação, o sol estava representado por um boneco preso em uma jaula e os integrantes da ONG portavam uma faixa na qual pediam que o ministro “deixasse o Sol iluminar o futuro do Brasil”.  Para eles, o ministro, que deverá se reunir em Goiânia, na próxima sexta-feira (10), com secretários de Fazenda dos estados, é uma peça importante para influenciar na redução do tributo.
O ministro, que voltava de encontro com o presidente da Câmara dos Deputados, Eduardo Cunha (PMDB-RJ), não viu a manifestação, pois não entrou pela portaria que dá acesso ao seu gabinete e sim pela garagem subterrânea do edifício-sede do ministério. O grupo pediu para ser recebido por Levy ou por um representante dele, mas não foi atendido. Diante da recusa, um documento destinado a Joaquim Levy, com as reivindicações, foi protocolado no Ministério. “Esse imposto é um dos maiores entraves para o desenvolvimento da energia solar no Brasil. Queremos que Joaquim Levy se posicione sobre a redução do ICMS. Esperamos que ele assuma o papel de líder da política fazendária e dê uma sinalização de que o governo federal é favorável aos incentivos para a energia solar”, disse Barbara Rubim, da Campanha de Clima e Energia do Greenpeace Brasil.
Bárbara exemplifica que uma residência com quatro pessoas pagaria de R$ 15 mil a R$ 18 mil para ter um sistema que suprirá 100% da necessidade de energia elétrica. O sistema seria pago em oito anos, justamente por causa da incidência do ICMS, que torna o sistema 20% mais caro do que deveria ser.
“No momento de crise elétrica como o que temos vivido, os governos federal e estaduais não deveriam se recusar a  dar incentivos para o brasileiro gerar a sua própria energia e baratear a sua conta de luz”, disse  a representante do Greenpeace.
A regulamentação do ICMS sobre a eletricidade é feita pelo Conselho Nacional de Política Fazenda ria (Confaz), órgão composto pelos secretários da Fazenda de todos os Estados e do Distrito Federal e presidido pelo ministro da Fazenda.";DF;integral;energia-solar;2026-09-21 20:06:23;;
017db5f9333e;Agência Brasil;https://agenciabrasil.ebc.com.br/economia/noticia/2015-03/projeto-piloto-de-geracao-de-energia-solar-em-reservatorios-comeca-em-120;2015-03-27 17:17:00;Projeto-piloto de geração de energia solar em reservatórios começa em 120 dias;Adotada na Europa e nos Estados Unidos, tecnologia usa flutuadores com placas solares sDivulgação/Usina Mauá Dentro de 120 dias, o Ministério de Minas e Energia pretende dar início aos testes do projeto-piloto de geração de energia solar em reservatórios de hidrelétricas. Em entrevista coletiva hoje (27) na Federação das Indústrias do Estado do Rio de Janeiro (Firjan), o ministro Eduardo Braga disse que a ideia é ter uma política pública de financiamento para esses projetos na Região Sudeste, “no segundo semestre deste ano”.;"Dentro de 120 dias, o Ministério de Minas e Energia pretende dar início aos testes do  projeto-piloto de geração de energia solar em reservatórios de hidrelétricas. Em entrevista coletiva hoje (27) na Federação das Indústrias do Estado do Rio de Janeiro (Firjan), o ministro Eduardo Braga disse que a ideia é ter uma política pública de financiamento para esses projetos na Região Sudeste, “no segundo semestre deste ano”.
A nova tecnologia usa flutuadores com placas solares e está sendo adotada na Europa e Estados Unidos. O ministro ressaltou, entretanto, que a Europa não dispõe de grandes hidrelétricas. “Estão fazendo isso em pequenos reservatórios de água para usos múltiplos.”
No Brasil, a ideia é testar a tecnologia nos grandes reservatórios. O primeiro deles será o da Usina Hidrelétrica de Balbina, no Amazonas. Braga considera Balbina o reservatório mais favorável, porque tem grande área alagada com reduzida geração de energia. “Temos uma ociosidade de subestação e de linhas de  transmissão com circuito duplo. Nós vamos fazer lá os primeiros 350 megawatts (MW) testados.”
Para isso, o ministério está em conversação com a Eletronorte, subsidiária da Eletrobras, que é proprietária da usina, tratando da questão da licença ambiental. A iniciativa requer também a constituição de uma sociedade de propósito específico com os detentores da tecnologia para dar início à experiência piloto.
Braga disse que o custo nos leilões de energia fotovoltaica tem ficado entre R$ 190 e R$ 210 o megawatt. A expectativa do ministro é que o custo da energia solar com os flutuadores fique um pouco mais alto, entre R$ 220 a R$250 o megawatt, em função do custo adicional dos flutuadores. “Esse é um projeto pioneiro, que nós precisamos testar.”
A vantagem, destacou o ministro, é que a energia será captada dentro dos reservatórios, usando subestações e linhas que já existem. ""Portanto, teremos uma resposta de geração muito rápida”. Ele aposta que haverá ganho de eficiência e salientou que, só nos reservatórios da Região Sudeste, o potencial de produção de energia solar atinge 15 mil MW, dentro das hidrelétricas. ""É mais que uma [Usina de] Itaipu para o Brasil”, disse. A capacidade de geração em Balbina alcança 3 mil MW. O projeto-piloto será 350 MW.";AM,RJ;integral;energia-solar;2026-09-21 20:06:26;;
a5df94da6dc3;Agência Brasil;https://agenciabrasil.ebc.com.br/economia/noticia/2015-03/leilao-de-reserva-vai-contratar-energia-solar-e-eolica-em-novembro;2015-03-17 14:31:00;Leilão de reserva vai contratar energia solar e eólica em novembro;O Ministério de Minas e Energia vai fazer um leilão para contratação de energia de reserva no dia 13 de novembro. Nesse leilão, a energia contratada deverá ser gerada por fontes solar fotovoltaica e eólica. Os contratos negociados no leilão terão prazo de 20 anos, com início de suprimento em novembro de 2018. A classificação será pelo preço do lance, considerando a capacidade de escoamento de energia, que será definida pelo Operador Nacional do Sistema Elétrico (ONS) e pela Empresa de Pesquisa Energética (EPE).;"O Ministério de Minas e Energia vai fazer um leilão para contratação de energia de reserva no dia 13 de novembro. Nesse leilão, a energia contratada deverá ser gerada por fontes solar fotovoltaica e eólica. Os contratos negociados no leilão terão prazo de 20 anos, com início de suprimento em novembro de 2018.
A classificação será pelo preço do lance, considerando a capacidade de escoamento de energia, que será definida pelo Operador Nacional do Sistema Elétrico (ONS) e pela Empresa de Pesquisa Energética (EPE).
Os empreendedores interessados em participar do leilão deverão cadastrar seus projetos junto à EPE entre os dias 4 de maio e 18 de junho. Os preços-teto dos produtos serão calculados pela EPE, aprovados pelo ministério e estabelecidos quando o edital for publicado pela Agência Nacional de Energia Elétrica (Aneel).
A portaria que define as diretrizes para o 2° Leilão de Energia de Reserva deste ano foi publicada hoje (17) no Diário Oficial da União . Ontem (16), o governo havia publicado as regras para o primeiro leilão de reserva deste ano, previsto para agosto, para contratação apenas de energia solar.";;integral;energia-solar;2026-09-21 20:06:28;;
ec8b42b65938;Agência Brasil;https://agenciabrasil.ebc.com.br/economia/noticia/2015-03/governo-vai-fazer-leilao-em-agosto-para-contratar-energia-solar;2015-03-16 16:31:00;Governo vai fazer leilão em agosto para contratar energia solar;O governo vai promover no dia 14 de agosto o primeiro leilão de energia reserva deste ano. Será contratada apenas energia gerada a partir de fonte solar fotovoltaica. O suprimento começará em agosto de 2017, com prazo de contrato de 20 anos. As regras foram publicadas hoje (16) no Diário Oficial da União. Segundo o Ministério de Minas e Energia, o leilão tem o objetivo de diversificar a matriz elétrica e propiciar uma competição isonômica e o atendimento à garantia de suprimento.;"O governo vai promover no dia 14 de agosto o primeiro leilão de energia reserva deste ano. Será contratada apenas energia gerada a partir de fonte solar fotovoltaica. O suprimento começará em agosto de 2017, com prazo de contrato de 20 anos.
As regras foram publicadas hoje (16) no Diário Oficial da União . Segundo o Ministério de Minas e Energia, o leilão tem o objetivo de diversificar a matriz elétrica e propiciar uma competição isonômica e o atendimento à garantia de suprimento.
O preço-teto do leilão será calculado pela Empresa de Pesquisa Energética (EPE), aprovado pelo ministério e estabelecido quando o edital for publicado pela Agência Nacional de Energia Elétrica (Aneel).
Os empreendedores interessados em participar do leilão deverão cadastrar seus projetos na EPE até o dia 14 de abril. Uma das condições é que o empreendimento seja conectado ao Sistema Interligado Nacional.";;integral;energia-solar;2026-09-21 20:06:31;;
9203af6d1c10;Agência Brasil;https://agenciabrasil.ebc.com.br/internacional/noticia/2015-03/aviao-solar-prepara-volta-ao-mundo-partir-de-abu-dhabi;2015-03-02 09:20:00;Avião movido a energia solar prepara volta ao mundo a partir de Abu Dhabi;O avião movido a energia solar Solar Impulse 2 fez hoje (2) com sucesso o terceiro voo de teste, na preparação para uma volta ao mundo com o objetivo de promover o uso dessa energia. Os organizadores do evento dizem que a volta ao mundo pode começar no sábado, mas que não podem ainda garantir a data, já que o início da viagem depende das condições atmosféricas, mesmo que o avião parta do Golfo, uma região tradicionalmente sem nuvens e com boa exposição solar.;"O avião movido a energia solar Solar Impulse 2 fez hoje (2) com sucesso o terceiro voo de teste, na preparação para uma volta ao mundo com o objetivo de promover o uso dessa energia.
Os organizadores do evento dizem que a volta ao mundo pode começar no sábado, mas que não podem ainda garantir a data, já que o início da viagem depende das condições atmosféricas, mesmo que o avião parta do Golfo, uma região tradicionalmente sem nuvens e com boa exposição solar.
O voo de hoje, que durou uma hora, foi o terceiro feito pelo avião, que partiu do pequeno aeroporto de Al Batten, em Abu Dhabi, mas o primeiro para o presidente executivo da empresa Solar Impulse, o suíço Bertrand Piccard.
O projeto é resultado de 13 anos de investigação dos pilotos Piccard e Andre Borschberg, cuja ideia foi inicialmente ridicularizada pela indústria da aviação.
O avião é alimentado por mais de 17 mil células solares embutidas nas suas asas, que medem 72 metros, quase tão grandes como as do Superjumbo Airbus A380.
O avião sairá de Abu Dhabi, pousará em Muscat, capital de Omã, seguirá viagem para Myanmar, China, Havai e Nova York, devendo ainda fazer aterrissagens no centro dos Estados Unidos, no Sul da Europa ou no Norte de África, dependendo das condições atmosféricas.";;integral;energia-solar;2026-09-21 20:06:33;;
fa1e3346c6b2;Agência Brasil;https://agenciabrasil.ebc.com.br/pesquisa-e-inovacao/noticia/2015-03/pesquisadores-defendem-linhas-de-financiamento-para-energia;2015-03-02 06:49:00;Pesquisadores defendem linhas de financiamento para energia solar;Pesquisadores brasileiros em energia solar defendem a criação, pelo governo, de linhas de crédito especial para a aquisição de equipamentos e a instalação de energia solar fotovoltaica (que transforma energia solar em energia elétrica) em residências. O tema foi discutido durante a 1ª Escola Internacional de Energia Solar, que ocorreu na última semana na Universidade de Brasília (UnB).;"Pesquisadores brasileiros em energia solar defendem a criação, pelo governo, de linhas de crédito especial para a aquisição de equipamentos e a instalação de energia solar fotovoltaica (que transforma energia solar em energia elétrica) em residências. O tema foi discutido durante a 1ª Escola Internacional de Energia Solar, que ocorreu na última semana na Universidade de Brasília (UnB).
Para o professor da UnB Rafael Shayani, um dos organizadores do evento, esse modelo de microgeração distribuída, com a instalação de painéis nas casas, é bem promissor, pois não ocupa grandes áreas como as usinas solares, e o excedente de energia é enviado à rede pública, em um sistema de compensação. “Poucas pessoas sabem disso, é como se o relógio rodasse para trás. Com essa expectativa de que a energia elétrica vai subir 40%, a solar não vai ficar mais tão cara, se houver subsídio do governo”, disse.
Shayani explica que isso não vai ocorrer da mesma forma em todo o país. Segundo ele, em Minas Gerais, por exemplo, há mais procura porque é um estado com incidência solar favorável e onde o preço da concessionária de energia é mais alto, então o retorno do investimento será mais rápido.
Segundo o professor da Universidade Federal de Santa Catarina Ricardo Rüther, investir em geração de energia não é papel do consumidor final, mas é ele quem acaba pagando a conta, então precisa de condições de financiamento. “É um assunto que não está bem equacionado no Brasil. O financiamento é o gargalo. Comparando com a indústria automobilística, se o consumidor é bom pagador, hoje ele sai da concessionária com carro financiado até com juro zero. Como consumidor de energia elétrica, todo mundo é bom pagador, então por que não posso entrar em uma loja e sair com um contrato, para inclusive gerar recursos para pagar um telhado solar?”
Rüther explica que o investimento em um sistema de energia solar fotovoltaica é maior que no de aquecimento solar, usado geralmente em chuveiros, e pode variar de R$ 12 mil a R$ 15 mil, de acordo com a média de consumo das famílias. O retorno financeiro desse sistema vai variar de cinco a dez anos, com o uso de um equipamento que vai durar 25 anos em média.
De acordo com o professor da Universidade Federal de São Paulo (Unifesp) Fernando Martins, o Brasil já tem regulamentação para o uso dessa energia, então as pessoas só dependem de mais incentivo e informação. “O benefício é a longo prazo, com o tempo as famílias vão economizar e ajudar o país a enfrentar uma crise hídrica, consumindo a energia da própria residência, enquanto os reservatórios possam ser enchidos”, disse.
Dados da Agência Nacional de Energia Elétrica (Aneel) indicam que existem hoje no Brasil 317 empreendimentos em operação gerando energia solar fotovoltaica, com potência de 15,1 mil kilowatts (kW), 0,01% da energia utilizada no país. As usinas hidrelétricas produzem 62,55% da energia consumida.
Essa foi a primeira de três escolas internacionais, um projeto que envolve várias instituições para a disseminação do conhecimento das tecnologias de energias renováveis. “Tivemos um público de 300 pessoas, a maioria estudantes. A ideia da escola é fomentar a capacitação de recursos humanos. A escola está desmistificando o uso da energia solar. O Brasil tem uma visão conservadora, talvez pouco inovadora, que ninguém vai saber usar, mas existem dezenas de países que já a utilizam há 25 anos”, disse Rafael Shayani.
Para Rüther, apesar dos incentivos do governo e dos projetos estratégicos da Aneel, essa é uma área muito carente de mão de obra. “Precisamos dessa massa crítica. Essas novas gerações incluem os tomadores de decisões do futuro, que vão, então, fazer isso de forma mais acertada.”
Fernando Martins explica que os impactos ambientais da geração fotovoltaica são bem menores do que de qualquer fonte de energia, e a integração urbana em telhados é uma ótima saída e não necessita de infraestrutura de transmissão. “Mesmo uma grande usina fotovoltaica não traz mais danos que uma hidrelétrica, conseguimos a mesma energia com área muito menor e podemos também usá-la para outros fins, por exemplo, se a área tiver também um potencial eólico. Uma forma não prejudica a outra, existem tecnologias de aproveitamento.”
“O importante é deixar claro que o Brasil tem recursos renováveis suficientes para atender à demanda de energia elétrica do país. Precisamos criar alternativas e informar às pessoas o potencial que temos”, argumentou Martins.";MG,SP,SC;integral;energia-solar;2026-09-21 20:06:36;;
09298d5415eb;Agência Brasil;https://agenciabrasil.ebc.com.br/economia/noticia/2014-11/geracao-de-energia-solar-pode-ganhar-incentivos-fiscais;2014-11-25 13:07:00;Geração de energia solar pode ganhar incentivos fiscais;Equipamentos e componentes para geração de energia solar ficarão isentos do Imposto sobre Importação. Projeto de Lei 317/2013, do Senado Federal, foi aprovado hoje (25) pela Comissão de Assuntos Econômicos (CAE) assegurando o incentivo. Na justificativa da proposta, o autor, senador Ataídes Oliveira (PROS-TO), destacou que as usinas hidrelétricas vêm perdendo espaço na matriz elétrica brasileira, acrescentando que a geração termoelétrica passou a ser um recurso mais acionado que o desejável. Segundo ele, o resultado é o aumento da emissão de gases de efeito estufa na atmosfera.;Equipamentos e componentes para geração de energia solar ficarão isentos do Imposto sobre  Importação. Projeto de Lei 317/2013, do Senado Federal, foi aprovado hoje (25) pela  Comissão de Assuntos Econômicos  (CAE) assegurando o incentivo. Na justificativa da proposta, o autor, senador Ataídes Oliveira (PROS-TO), destacou que as usinas hidrelétricas vêm perdendo espaço na matriz elétrica brasileira, acrescentando que a geração termoelétrica passou a ser um recurso mais acionado que o desejável. Segundo ele, o resultado é o aumento da emissão de gases de efeito estufa na atmosfera. Conforme Oliveira, a Empresa de Pesquisa Energética (EPE) prevê a construção de mais 31 empreendimentos de energia solar, com o Leilão de Energia de Reserva 2014, realizado no dia 31 de outubro. O leilão atraiu investimentos de R$ 7,1 bilhões, que também serão utilizados em empreendimentos de energia eólica. Os de energia solar terão capacidade instalada total de 889,6 megawatts (MW) e os de energia eólica de 769,1 MW. Rio Grande do Norte e São Paulo foram destaque na oferta de projetos de energia solar.;RN,SP;integral;energia-solar;2026-09-21 20:06:38;;
4a385439054b;Agência Brasil;https://agenciabrasil.ebc.com.br/economia/noticia/2014-11/bndes-obtem-emprestimo-para-financiamentos-na-area-de-energia;2014-11-21 17:37:00;BNDES obtém empréstimo para financiamentos na área de energia;Contrato assinado hoje (21), em Paris, entre o presidente do Banco Nacional de Desenvolvimento Econômico e Social (BNDES), Luciano Coutinho, e a diretora-geral da Agência Francesa de Desenvolvimento, Anne Paugam, vai garantir à instituição de fomento brasileira empréstimo de US$ 206 milhões. É a primeira operação entre as duas instituições. O dinheiro será usado no financiamento de projetos de eficiência energética e energias renováveis, que resultem em impactos positivos para o clima. A meta é levar à diminuição da emissão de gases poluentes na atmosfera.;"Contrato assinado hoje (21), em Paris, entre o presidente do Banco Nacional de Desenvolvimento Econômico e Social (BNDES), Luciano Coutinho, e a diretora-geral da Agência Francesa de Desenvolvimento, Anne Paugam, vai garantir à instituição de fomento brasileira empréstimo de US$ 206 milhões. É a primeira operação entre as duas instituições.
O dinheiro será usado no financiamento de projetos de eficiência energética e energias renováveis, que resultem em impactos positivos para o clima. A meta é levar à diminuição da emissão de gases poluentes na atmosfera. Será dada prioridade a projetos de energia eólica, solar, pequenas centrais hidrelétricas, cogeração a biomassa, eficiência energética e de inovação tecnológica.
A agência francesa tem como foco a preservação da biodiversidade, e mantém uma  representação em Brasília desde em 2007.";;integral;energias-renovaveis;2026-09-21 20:08:18;;
8629263a11f7;Agência Brasil;https://agenciabrasil.ebc.com.br/economia/noticia/2014-10/leilao-de-energia-reserva-consegue-desagio-de-994;2014-10-31 19:30:00;Leilão de energia reserva consegue deságio de 9,94%;O sexto leilão de energia de reserva, promovido hoje (31) pela Agência Nacional de Energia Elétrica (Aneel), terminou com deságio médio de 9,94%. Foram negociadas energia eólica a R$ 142 reais por megawatt-hora, com deságio de 1,15%, e energia solar a R$ 215 por megawatt-hora, com deságio de 17,9%. Foi a primeira vez que a energia solar participou de um leilão com preços competitivos, o que marca a entrada da fonte no sistema elétrico brasileiro. O leilão durou cerca de oito horas e terminou com 62 usinas vencedoras (31 solares e 31 eólicas).;"O sexto leilão de energia de reserva, promovido hoje (31) pela Agência Nacional de Energia Elétrica (Aneel), terminou com deságio médio de 9,94%. Foram negociadas energia eólica a R$ 142 reais por megawatt-hora, com deságio de 1,15%, e energia solar a R$ 215 por megawatt-hora, com deságio de 17,9%. Foi a primeira vez que a energia solar participou de um leilão com preços competitivos, o que marca a entrada da fonte no sistema elétrico brasileiro.
O leilão durou cerca de oito horas e terminou com 62 usinas vencedoras (31 solares e 31 eólicas). No total, foram negociados R$ 15.937.064.344,44 em contratos de 20 anos. A potência das usinas vencedoras é 1.658,760 megawatts. A carga de energia que será injetada na rede será 890 megawatts (MW).
Não houve oferta para a fonte biomassa. O início do suprimento de energia será 1º de outubro de 2017, com prazo de 20 anos. O tipo de certame de hoje – de reserva – serve para aumentar a garantia física do sistema.
“Eu queria enfatizar que hoje nós temos um marco no setor elétrico brasileiro. Primeiro porque foi o leilão mais competitivo desde o início do processo de leilões no Brasil. O segundo elemento é que ele marca a entrada da fonte solar na matriz elétrica brasileira de forma consistente”, destacou o presidente da Empresa de Pesquisa Energética (EPE), Mauricio Tolmasquim.
Tolmasquim ressaltou ainda que o preço contratado da energia solar no leilão foi um dos menores do mundo, o que coloca o país em situação de destaque. “Contratamos energia solar com um dos menores preços que a gente tem conhecimento no mundo, um pouco abaixo de 90 dólares por megawatt hora. Isso coloca o Brasil realmente como uma das fronteiras da expansão da energia solar no mundo”, disse.
O presidente da EPE disse também que, para o consumidor final, não haverá aumento na conta em razão do ingresso da energia solar no sistema elétrico brasileiro. “Para o consumidor é uma ótima notícia. A gente conseguiu comprar uma fonte que é limpa e interessante, com pouco impacto ambiental, não faz emissões, por um preço que não vai onerar na tarifa dele”.
*Alterada às 20h31 para acréscimo de informação";;integral;energia-solar;2026-09-21 20:06:41;;
0c072d51c25c;Agência Brasil;https://agenciabrasil.ebc.com.br/politica/noticia/2014-09/eduardo-jorge-propoe-maior-investimento-em-energia-solar;2014-09-04 15:35:00;Eduardo Jorge propõe maior investimento em energia solar;O candidato do PV à Presidência da República, Eduardo Jorge, protocolou hoje (4), no Palácio do Planalto e na Embaixada da Alemanha, em Brasília, um pedido de audiência com a presidenta Dilma Rousseff e o novo embaixador alemão, Dirk Brengelmann, que assumiu o posto em agosto, para propor que não se renove o acordo de cooperação entre os dois países na área de energia nuclear. Assinado em 1975, o acordo é renovado automaticamente a cada cinco anos, caso nenhuma das partes se posicione contrariamente no máximo um ano antes da renovação.;"O candidato do PV à Presidência da República, Eduardo Jorge, protocolou hoje (4), no Palácio do Planalto e na Embaixada da Alemanha, em Brasília, um pedido de audiência com a presidenta Dilma Rousseff e o novo embaixador alemão, Dirk Brengelmann, que assumiu o posto em agosto, para propor que não se renove o acordo de cooperação entre os dois países na área de energia nuclear. Assinado em 1975, o acordo é renovado automaticamente a cada cinco anos, caso nenhuma das partes se posicione contrariamente no máximo um ano antes da renovação. Para que não seja renovado em 2015, essa posição deve ser evidenciada até 18 de novembro, explicou Eduardo Jorge, que defendeu um outro acordo, na área de energia solar.
O pedido também foi assinado por representantes da organização não governamental (ONG) Greenpeace Brasil e da Coalizão por um Brasil Livre de Usinas Nucleares. De acordo com Eduardo Jorge, representantes dessas entidades vão participar da futura audiência com a presidenta e o embaixador. Além da não renovação do acordo nuclear, que, segundo ele, teve “resultados pífios e perigosos” em quase 40 anos, serão discutidos no encontro os protocolos de segurança das usinas nucleares.  “As informações que temos indicam que eles são muito antigos e superados, o que causa preocupação em relação à segurança necessária nas usinas Angra 1 e 2, por exemplo”, disse o candidato à Agência Brasil .
Por último, o candidato pretende propor um novo acordo entre Brasil e Alemanha, prevendo investimentos em pesquisas sobre energia solar. “A Alemanha está na vanguarda nas pesquisas e investimentos em energia solar. Essa associação seria boa para nós e para eles, que teriam como parceiro um país poderoso em energia solar, como o nosso”, disse. O candidato destacou que apenas 0,01% da matriz energética brasileira tem como fonte a energia solar. Na Alemanha, a representatividade já chega a 5% e tem elevadíssima taxa de crescimento. Em 2011, após o desastre ocorrido na usina japonesa de Fukushima. o governo alemão anunciou o fechamento de todas as usinas atômicas até 2022.
Eduardo Jorge disse que o PV acredita que, em dez anos, a energia solar será a principal energia renovável, a mais limpa e mais eficiente. “A eficiência cresce e os preços caem de forma acelerada”, afirmou o candidato, que cobra pressa nos investimentos na área. Ele citou um estudo do Greenpeace, segundo o qual a produção de energia solar é viável em 80% do território brasileiro.O estudo diz também que o Brasil tem potencial para se tornar  “campeão mundial” no setor.
Eduardo Jorge ressalta que o grande diferencial da Alemanha em termos de energia solar é a “democratização de sua produção energética”. “Até hoje, produzir energia sempre foi coisa de empresas muito grandes. A energia solar pode ter fazendas solares grandes também, mas você, na sua casa, eu, na minha casa, ela, na pequena fábrica dela, podemos, captando a energia fotovoltaica no telhado e em áreas livres no campo, produzir energia descentralizada. Além de ser a mais limpa de todas, e inesgotável, ela tem a vantagem de democratizar a produção e quebrar os monopólios de energia, o que nenhuma outra tem.”
O próximo compromisso de campanha do candidato do PV será amanhã (5), em Alagoas, no município União dos Palmares, próximo à capital, Maceió, onde visitará o Parque Memorial Quilombo dos Palmares e discutirá políticas sociais e de ação afirmativa para a população negra.";AL;integral;energia-solar;2026-09-21 20:06:43;;
559d46efceea;Agência Brasil;https://agenciabrasil.ebc.com.br/politica/noticia/2014-08/candidato-do-pv-quer-rompimento-do-acordo-nuclear-com-alemanha;2014-08-21 12:20:00;Candidato do PV quer rompimento do acordo nuclear com Alemanha;O candidato à Presidência pelo PV, Eduardo Jorge, participou hoje (21), na capital paulista, de um debate promovido pelo Greenpeace sobre a ampliação do uso da energia solar no Brasil. O candidato reafirmou seu compromisso em ampliar o uso desse tipo de energia, considerada mais limpa, no país. Outra proposta defendida foi a ruptura do acordo nuclear que o Brasil tem com a Alemanha. “Tem a chance, de cinco em cinco anos, de se romper o contrato com a Alemanha. O contrato vence em novembro de 2015. Para propor a ruptura, tem que fazer com um ano de antecedência”, disse.;"O candidato à Presidência pelo PV, Eduardo Jorge, participou hoje (21), na capital paulista, de um debate promovido pelo Greenpeace sobre a ampliação do uso da energia solar no Brasil. O candidato reafirmou seu compromisso em ampliar o uso desse tipo de energia, considerada mais limpa, no país. Outra proposta defendida foi a ruptura do acordo nuclear que o Brasil tem com a Alemanha.
“Tem a chance, de cinco em cinco anos, de se romper o contrato com a Alemanha. O contrato vence em novembro de 2015. Para propor a ruptura, tem que fazer com um ano de antecedência”, disse. Eduardo Jorge quer reunir um grupo de entidades para propor à presidenta Dilma Rousseff que não renove o contrato. “Queremos uma energia mais segura e limpa”, declarou.
Em contrapartida à ruptura do contrato, disse o candidato, o país criaria um novo acordo de longo prazo com a Alemanha, uma parceria para incentivar a pesquisa, produção e incentivo à energia solar no mundo. “A proposta é trocar um contrato inseguro e sujo como o da energia nuclear para a pesquisa em energia solar”, disse ele.
O candidato é contrário ao uso da energia nuclear no país. “É uma energia altamente perigosa, numa região altamente delicada do Rio de Janeiro. Se nós não queremos isso, a chance é agora, em novembro de 2014. Se não, o contrato é automaticamente renovado”, explicou.
De acordo com Eduardo Jorge, seu programa será ampliado para incorporar propostas como a que foi sugerida hoje pelo Greenpeace – a construção de 1 milhão de casas solares – aquelas cujo consumo é baseado em energia solar - durante os quatro anos de governo, caso seja eleito. “É uma energia limpa, que ajuda a limpar a matriz energética no Brasil, tirar a pressão sobre as nossas hidrelétricas, é lucro puro para o nosso Brasil”, declarou.
Sérgio Leitão, diretor de políticas públicas do Greenpeace, defendeu a expansão da capacidade de geração de energia solar. Para ele, uma solução para a questão energética no país seria a utilização de 10% da área que já foi desmatada na Amazônia para cobri-la com placas solares. A energia gerada por essa área seria capaz de atender a dez vezes as necessidades energéticas atuais do país, segundo explicou.
Agenda dos candidatos à Presidência - 21/08/2014";RJ;integral;energia-solar;2026-09-21 20:06:45;;
4693909a5008;Agência Brasil;https://agenciabrasil.ebc.com.br/economia/noticia/2014-08/vencedores-do-leilao-de-geracao-de-energia-solar-serao-apoiados-pelo-bndes;2014-08-12 16:23:00;Vencedores do leilão de geração de energia solar terão linha financeira do BNDES;Atendendo à estratégia de fomentar novas fontes sustentáveis e alternativas de energia, o Banco Nacional de Desenvolvimento Econômico e Social (BNDES) divulgou hoje (12) as condições de apoio financeiro para os vencedores do primeiro leilão de reserva de geração de energia elétrica a partir da luz solar, previsto para 31 de outubro próximo. O empréstimo será concedido a empresas com sede e administração no Brasil, tanto de capital nacional como estrangeiro, e a pessoas jurídicas de direito público.;"Atendendo à estratégia  de fomentar novas fontes sustentáveis e alternativas de energia, o Banco Nacional de Desenvolvimento Econômico e Social (BNDES) divulgou hoje (12)  as condições de apoio financeiro para os vencedores do primeiro leilão de reserva de geração de energia elétrica a partir da luz solar, previsto para 31 de outubro próximo. O empréstimo será concedido a empresas com sede e administração no Brasil, tanto de capital nacional como estrangeiro, e a pessoas jurídicas de direito público.
Segundo o BNDES, poderão se candidatar ao financiamento os projetos  ganhadores do leilão que utilizarem parcelas maiores de conteúdo nacional, ou seja, que incluam um maior número de equipamentos fabricados no país, e que estejam  adequados à nova metodologia de credenciamento.
Uma das exigências é que haja a nacionalização progressiva de  componentes e processos específicos ao longo do período de implementação do plano, disse a estatal. Estratégia semelhante foi adotada pelo banco para estimular a construção de parques eólicos (geração de energia a partir dos ventos) e a sua cadeia de fornecedores de equipamentos e tecnologia.
O banco anunciou também a nova metodologia para credenciamento do conteúdo local de módulos e sistemas fotovoltaicos, que objetiva desenvolver  a cadeia de fornecedores nacionais de equipamentos para empreendimentos elétricos oriundos de fonte solar.
Segundo informou o BNDES,  a nova metodologia estabelece que a participação do banco no apoio aos empreendimentos vencedores do leilão “crescerá proporcionalmente ao número de processos industriais e componentes incorporados no Brasil”. O banco acredita que a nova metodologia permitirá que haja o desenvolvimento da cadeia industrial para a produção de componentes fotovoltaicos, inexistente atualmente no país.
Os recursos serão concedidos por meio do BNDES Finem - com custo financeiro de Taxa de Juros de Longo Prazo (TJLP), praticada pelo banco em suas operações, hoje da ordem de 5% ao ano -  e do Fundo Nacional sobre Mudança do Clima (Fundo Clima) - cujo custo financeiro é 0,1% ao ano.";;integral;energia-solar;2026-09-21 20:06:48;;
4515d2a94baa;Agência Brasil;https://agenciabrasil.ebc.com.br/economia/noticia/2014-07/hidreletrica-do-tapajos-pode-ser-leiloada-no-fim-deste-ano;2014-07-25 16:15:00;Hidrelétrica do Tapajós pode ser leiloada no fim deste ano;"A construção da Usina Hidrelétrica de São Luiz do Tapajós, no Pará, pode ser leiloada no fim deste ano, se não houver problemas com o licenciamento ambiental, informou hoje (25) o presidente da Empresa de Pesquisa Energética, Maurício Tolmasquim. Segundo ele, para definir a construção e a operação do empreendimento, será realizado um leilão exclusivo. ""É uma usina estruturante e vai ser um leilão só para ela, como foi no Rio Madeira e com Belo Monte.";"A construção da Usina Hidrelétrica de São Luiz do Tapajós, no Pará, pode ser leiloada no fim deste ano, se não houver problemas com o licenciamento ambiental, informou hoje (25) o presidente da Empresa de Pesquisa Energética, Maurício Tolmasquim. Segundo ele, para definir a construção e a operação do empreendimento, será realizado um leilão exclusivo.
""É uma usina estruturante e vai ser um leilão só para ela, como foi no Rio Madeira e com Belo Monte. É claro que temos que aguardar, porque tem todo um processo de análise dos autos ambientais, parecer da Funai [Fundação Nacional do Índio], audiências públicas. Todo um rito que tem que ser respeitado. E é claro que a palavra final é da área ambiental, mas esperamos que tudo corra bem.""
Apesar disso, Tolmasquim considera viável falar em leilão ainda neste ano: ""Está andando. É viável sair neste ano, mas eu acredito que mais para o final. Certamente, no último trimestre"", detalhou.
O presidente da EPE também falou sobre iniciativas para alavancar a produção de energia solar no Brasil, e adiantou que está em fase final a preparação de uma linha de crédito do Banco Nacional de Desenvolvimento Econômico e Social (BNDES) para o setor. De acordo com Tolmasquim, recursos do Fundo Clima devem ser usados para baratear o financiamento.
""A diretoria deve apreciar isso brevemente, e eles vão anunciar a política para que as empresas interessadas possam saber se estão habilitadas, ou não, para o nível de financiamento"", disse Tolmasquim. Para ele, a questão é progressiva, e esse tipo de ajuda é um primeiro passo para criar mercado e, com isso, estimular a fabricação de equipamentos no país. ""É claro que, no primeiro leilão, não se pode exigir que os empreendedores comprem equipamentos com alto conteúdo nacional, porque não vai ter. No entanto, começa-se lentamente e vai-se progredindo ao longo do tempo"", concluiu Tolmasquim.";PA;integral;energia-solar;2026-09-21 20:06:50;;
7b26ef13881d;Agência Brasil;https://agenciabrasil.ebc.com.br/geral/noticia/2014-06/para-abrir-eletrosul-inaugura-usina-de-energia-solar-para-venda-no-mercado;2014-06-27 06:09:00;Eletrosul inaugura usina de energia solar para venda no mercado livre;"A Eletrosul, subsidiária da Eletrobras, inaugura hoje (27) em Florianópolis uma usina de energia solar acoplada ao prédio da sede administrativa da empresa. O projeto tem 4,2 mil painéis fotovoltáicos instalados em uma área de 8,3 mil metros quadrados no teto do edifício. Apesar de o prédio absorver parte da energia, o objetivo principal não é atender ao consumo da empresa e de unidades vizinhas, e sim vendê-la no mercado livre. ""Comercialmente, temos contrato com uma pequena central hidrelétrica que atende à demanda [do edifício da Eletrosul].";"A Eletrosul, subsidiária da Eletrobras, inaugura hoje (27) em Florianópolis uma usina de energia solar acoplada ao prédio da sede administrativa da empresa. O projeto tem 4,2 mil painéis fotovoltáicos instalados em uma área de 8,3 mil metros quadrados no teto do edifício. Apesar de o prédio absorver parte da energia, o objetivo principal não é atender ao consumo da empresa e de unidades vizinhas, e sim vendê-la no mercado livre.
""Comercialmente, temos contrato com uma pequena central hidrelétrica que atende à demanda [do edifício da Eletrosul]. Pode ser que a partir de 2015 a gente troque o contrato [passando a atender a toda a demanda local com a energia da usina solar]. Vamos avaliar. Mas, por enquanto, o objetivo é comercializar e divulgar [a tecnologia]. Nas cidades do futuro, haverá muitos prédios assim. Queremos estar prontos para o boom [da energia solar] "", explica Ronaldo Custódio, diretor de Engenharia e Operação da Eletrosul.
De acordo com ele, o primeiro leilão para comercializar energia da usina deve ocorrer em agosto deste ano. O investimento no projeto, de R$ 9,5 milhões, foi financiado pelo banco de fomento alemão KfW.
Considerada sustentável, a energia solar sai mais cara do que opções como as hidrelétricas e termelétricas. Segundo Ronaldo Custódio, uma usina solar, com financiamento em condições idênticas ao de uma hidrelétrica, pode sair de cinco a sete vezes mais cara. Depois de construída, no entanto, ela tem a manutenção menos dispendiosa. ""A hidrelétrica até tem um impacto ambiental global menor, embora tenha impacto local tanto do ponto de vista ambiental quanto social"", comenta.
Com capacidade instalada de 1.000 quilowatts, o suficiente para atender a 540 residências, a usina é o maior empreendimento na América Latina com produção de energia acoplada a um prédio. Além disso, é a única com esse conceito a gerar energia para comercialização.
Para Ricardo Baitelo, coordenador da Campanha de Energias Renováveis do Greenpeace Brasil, a usina de energia solar é um marco importante. ""Eu acho que é uma iniciativa bem-vinda, junto com Tanquinhos e Tauá [usinas de energia solar respectivamente em Campinas, São Paulo, e no interior do Ceará]. Serve para mostrar que a energia solar é uma opção viável para a segurança energética"", diz.
Baitelo acrescenta que as iniciativas de maior porte têm avançado mais do que a implantação de pequeno porte e doméstica da energia solar, que a Agência Nacional de Energia Elétrica (Aneel) buscou incentivar em 2012, aprovando resolução que previa desconto na conta de luz para residências e empresas microgeradoras que fornecessem excedente.
""Esse é outro capítulo, que caminha mais devagar. A gente tem alguns problemas a transpor, principalmente o financiamento"". Segundo ele, as linhas de crédito ofertadas pelos bancos atualmente não têm prazos e taxas de juro satisfatórias. ""Um projeto de energia solar que atenda a uma família pode custar de R$ 15 mil a R$ 20 mil. Se vai ter uma economia de R$ 30, R$ 40, R$ 50, o ideal é que o custo do financiamento seja esse. Estamos dialogando com governo e bancos. É um mercado com potencial muito grande"", observa.";CE,SP;integral;energia-solar;2026-09-21 20:06:52;;
