DatGeracaoConjuntoDados;AnmPeriodoReferencia;NumCNPJDistribuidora;SigAgente;NomAgente;CodClasseConsumo;DscClasseConsumo;CodSubGrupoTarifario;DscSubGrupoTarifario;CodUFibge;SigUF;CodRegiao;NomRegiao;CodMunicipioIbge;NomMunicipio;CodCEP;SigTipoConsumidor;CodEmpreendimento;DthAtualizaCadastralEmpreend;SigModalidadeEmpreendimento;DscModalidadeHabilitado;QtdUCRecebeCredito;SigTipoGeracao;DscFonteGeracao;DscPorte;MdaPotenciaInstaladaKW;NomSubEstacao;NumCoordESub;NumCoordNSub
2026-08-19;08/2026;04065033000170;EAC;ENERGISA ACRE - DISTRIBUIDORA DE ENERGIA S.A;CO;Comercial;;B3;12;AC;2;Norte;1200401;Rio Branco;69912452  ;PJ;GD.AC.000.000.590;2016-08-31;;Geracao na propria UC;1;UFV;Radiação solar;Microgeracao;32,50;;;
2026-08-19;08/2026;04065033000170;EAC;ENERGISA ACRE - DISTRIBUIDORA DE ENERGIA S.A;CO;Comercial;;B3;12;AC;2;Norte;1200401;Rio Branco;69900273  ;PJ;GD.AC.000.001.540;2016-10-31;;Geracao na propria UC;1;UFV;Radiação solar;Microgeracao;2,00;;;
2026-08-19;08/2026;04065033000170;EAC;ENERGISA ACRE - DISTRIBUIDORA DE ENERGIA S.A;RE;Residencial;;B1;12;AC;2;Norte;1200401;Rio Branco;69919***;PF;GD.AC.000.001.552;2016-08-25;;Geracao na propria UC;1;UFV;Radiação solar;Microgeracao;2,00;;;
2026-08-19;08/2026;04065033000170;EAC;ENERGISA ACRE - DISTRIBUIDORA DE ENERGIA S.A;RE;Residencial;;B1;12;AC;2;Norte;1200401;Rio Branco;69917***;PF;GD.AC.000.009.608;2017-03-09;;Geracao na propria UC;1;UFV;Radiação solar;Microgeracao;5,00;;;
2026-08-19;08/2026;04065033000170;EAC;ENERGISA ACRE - DISTRIBUIDORA DE ENERGIA S.A;RE;Residencial;;B1;12;AC;2;Norte;1200401;Rio Branco;69919***;PF;GD.AC.000.017.465;2017-07-29;;Geracao na propria UC;1;UFV;Radiação solar;Microgeracao;5,00;;;
2026-08-19;08/2026;04065033000170;EAC;ENERGISA ACRE - DISTRIBUIDORA DE ENERGIA S.A;RE;Residencial;;B1;12;AC;2;Norte;1200401;Rio Branco;69919***;PF;GD.AC.000.017.466;2017-10-05;;Auto consumo remoto;2;UFV;Radiação solar;Microgeracao;8,20;;;
2026-08-19;08/2026;04065033000170;EAC;ENERGISA ACRE - DISTRIBUIDORA DE ENERGIA S.A;RE;Residencial;;B1;12;AC;2;Norte;1200401;Rio Branco;69917***;PF;GD.AC.000.017.513;2017-11-22;;Geracao na propria UC;1;UFV;Radiação solar;Microgeracao;3,00;;;
2026-08-19;08/2026;04065033000170;EAC;ENERGISA ACRE - DISTRIBUIDORA DE ENERGIA S.A;RE;Residencial;;B1;12;AC;2;Norte;1200401;Rio Branco;69918***;PF;GD.AC.000.023.039;2017-12-01;;Geracao na propria UC;1;UFV;Radiação solar;Microgeracao;10,40;;;
2026-08-19;08/2026;04065033000170;EAC;ENERGISA ACRE - DISTRIBUIDORA DE ENERGIA S.A;RE;Residencial;;B1;12;AC;2;Norte;1200401;Rio Branco;69918***;PF;GD.AC.000.023.041;2018-01-03;;Geracao na propria UC;1;UFV;Radiação solar;Microgeracao;5,00;;;
2026-08-19;08/2026;04065033000170;EAC;ENERGISA ACRE - DISTRIBUIDORA DE ENERGIA S.A;RE;Residencial;;B1;12;AC;2;Norte;1200401;Rio Branco;69919***;PF;GD.AC.000.023.042;2017-12-26;;Geracao na propria UC;1;UFV;Radiação solar;Microgeracao;6,50;;;
2026-08-19;08/2026;04065033000170;EAC;ENERGISA ACRE - DISTRIBUIDORA DE ENERGIA S.A;RE;Residencial;;B1;12;AC;2;Norte;1200401;Rio Branco;69915***;PF;GD.AC.000.023.043;2017-12-28;;Geracao na propria UC;1;UFV;Radiação solar;Microgeracao;7,80;;;
2026-08-19;08/2026;04065033000170;EAC;ENERGISA ACRE - DISTRIBUIDORA DE ENERGIA S.A;CO;Comercial;;B1;12;AC;2;Norte;1200401;Rio Branco;69900670  ;PJ;GD.AC.000.024.832;2018-03-17;;Geracao na propria UC;1;UFV;Radiação solar;Microgeracao;51,48;;;
2026-08-19;08/2026;04065033000170;EAC;ENERGISA ACRE - DISTRIBUIDORA DE ENERGIA S.A;RE;Residencial;;B1;12;AC;2;Norte;1200401;Rio Branco;69919***;PF;GD.AC.000.024.973;2018-03-21;;Geracao na propria UC;1;UFV;Radiação solar;Microgeracao;9,45;;;
2026-08-19;08/2026;04065033000170;EAC;ENERGISA ACRE - DISTRIBUIDORA DE ENERGIA S.A;RE;Residencial;;B1;12;AC;2;Norte;1200401;Rio Branco;69919***;PF;GD.AC.000.025.059;2017-12-04;;Geracao na propria UC;1;UFV;Radiação solar;Microgeracao;7,26;;;
2026-08-19;08/2026;04065033000170;EAC;ENERGISA ACRE - DISTRIBUIDORA DE ENERGIA S.A;RE;Residencial;;B1;12;AC;2;Norte;1200401;Rio Branco;69915***;PF;GD.AC.000.025.061;2018-02-19;;Geracao na propria UC;1;UFV;Radiação solar;Microgeracao;3,65;;;
2026-08-19;08/2026;04065033000170;EAC;ENERGISA ACRE - DISTRIBUIDORA DE ENERGIA S.A;RE;Residencial;;B1;12;AC;2;Norte;1200401;Rio Branco;69915***;PF;GD.AC.000.026.897;2017-12-21;;Geracao na propria UC;1;UFV;Radiação solar;Microgeracao;10,08;;;
2026-08-19;08/2026;04065033000170;EAC;ENERGISA ACRE - DISTRIBUIDORA DE ENERGIA S.A;RE;Residencial;;B1;12;AC;2;Norte;1200401;Rio Branco;69925***;PF;GD.AC.000.028.769;2018-02-19;;Geracao na propria UC;1;UFV;Radiação solar;Microgeracao;3,00;;;
2026-08-19;08/2026;04065033000170;EAC;ENERGISA ACRE - DISTRIBUIDORA DE ENERGIA S.A;RE;Residencial;;B2;12;AC;2;Norte;1200401;Rio Branco;69900***;PF;GD.AC.000.028.793;2018-05-15;;Geracao na propria UC;1;UFV;Radiação solar;Microgeracao;5,15;;;
2026-08-19;08/2026;04065033000170;EAC;ENERGISA ACRE - DISTRIBUIDORA DE ENERGIA S.A;RE;Residencial;;B1;12;AC;2;Norte;1200401;Rio Branco;69911***;PF;GD.AC.000.032.431;2018-07-05;;Geracao na propria UC;1;UFV;Radiação solar;Microgeracao;4,62;;;
2026-08-19;08/2026;04065033000170;EAC;ENERGISA ACRE - DISTRIBUIDORA DE ENERGIA S.A;IN;Industrial;;B3;12;AC;2;Norte;1200401;Rio Branco;69906***;PF;GD.AC.000.032.844;2018-06-07;;Geracao na propria UC;1;UFV;Radiação solar;Microgeracao;34,32;;;
2026-08-19;08/2026;04065033000170;EAC;ENERGISA ACRE - DISTRIBUIDORA DE ENERGIA S.A;CO;Comercial;;B3;12;AC;2;Norte;1200401;Rio Branco;69907600  ;PJ;GD.AC.000.032.891;2018-06-08;;Geracao na propria UC;1;UFV;Radiação solar;Microgeracao;17,82;;;
2026-08-19;08/2026;04065033000170;EAC;ENERGISA ACRE - DISTRIBUIDORA DE ENERGIA S.A;RE;Residencial;;B1;12;AC;2;Norte;1200401;Rio Branco;69901***;PF;GD.AC.000.036.909;2018-07-30;;Geracao na propria UC;1;UFV;Radiação solar;Microgeracao;10,56;;;
2026-08-19;08/2026;04065033000170;EAC;ENERGISA ACRE - DISTRIBUIDORA DE ENERGIA S.A;RE;Residencial;;B1;12;AC;2;Norte;1200401;Rio Branco;69919***;PF;GD.AC.000.036.936;2018-08-01;;Geracao na propria UC;1;UFV;Radiação solar;Microgeracao;3,30;;;
2026-08-19;08/2026;04065033000170;EAC;ENERGISA ACRE - DISTRIBUIDORA DE ENERGIA S.A;RE;Residencial;;B1;12;AC;2;Norte;1200450;Senador Guiomard;69925***;PF;GD.AC.000.043.159;2018-10-16;;Geracao na propria UC;1;UFV;Radiação solar;Microgeracao;2,60;;;
2026-08-19;08/2026;04065033000170;EAC;ENERGISA ACRE - DISTRIBUIDORA DE ENERGIA S.A;CO;Comercial;;B3;12;AC;2;Norte;1200104;Brasiléia;69932000  ;PJ;GD.AC.000.046.231;2018-11-28;;Geracao na propria UC;1;UFV;Radiação solar;Microgeracao;33,00;;;
2026-08-19;08/2026;04065033000170;EAC;ENERGISA ACRE - DISTRIBUIDORA DE ENERGIA S.A;CO;Comercial;;B3;12;AC;2;Norte;1200401;Rio Branco;69915***;PF;GD.AC.000.046.232;2018-11-07;;Geracao na propria UC;1;UFV;Radiação solar;Microgeracao;10,00;;;
2026-08-19;08/2026;04065033000170;EAC;ENERGISA ACRE - DISTRIBUIDORA DE ENERGIA S.A;RE;Residencial;;B1;12;AC;2;Norte;1200401;Rio Branco;69919***;PF;GD.AC.000.046.268;2018-11-08;;Geracao na propria UC;1;UFV;Radiação solar;Microgeracao;5,20;;;
2026-08-19;08/2026;04065033000170;EAC;ENERGISA ACRE - DISTRIBUIDORA DE ENERGIA S.A;RE;Residencial;;B1;12;AC;2;Norte;1200401;Rio Branco;69909***;PF;GD.AC.000.048.466;2018-12-10;;Geracao na propria UC;1;UFV;Radiação solar;Microgeracao;5,28;;;
2026-08-19;08/2026;04065033000170;EAC;ENERGISA ACRE - DISTRIBUIDORA DE ENERGIA S.A;RE;Residencial;;B1;12;AC;2;Norte;1200401;Rio Branco;69917***;PF;GD.AC.000.048.471;2018-12-06;;Geracao na propria UC;1;UFV;Radiação solar;Microgeracao;10,56;;;
2026-08-19;08/2026;04065033000170;EAC;ENERGISA ACRE - DISTRIBUIDORA DE ENERGIA S.A;CO;Comercial;;A4;12;AC;2;Norte;1200401;Rio Branco;69918160  ;PJ;GD.AC.000.048.587;2017-09-13;;Geracao na propria UC;1;UFV;Radiação solar;Microgeracao;41,00;;;
2026-08-19;08/2026;04065033000170;EAC;ENERGISA ACRE - DISTRIBUIDORA DE ENERGIA S.A;CO;Comercial;;B1;12;AC;2;Norte;1200401;Rio Branco;69915***;PF;GD.AC.000.048.594;2018-12-05;;Geracao na propria UC;1;UFV;Radiação solar;Microgeracao;5,94;;;
2026-08-19;08/2026;04065033000170;EAC;ENERGISA ACRE - DISTRIBUIDORA DE ENERGIA S.A;RE;Residencial;;B1;12;AC;2;Norte;1200401;Rio Branco;69.91***;PF;GD.AC.000.048.911;2018-12-05;;Geracao na propria UC;1;UFV;Radiação solar;Microgeracao;10,56;;;
2026-08-19;08/2026;04065033000170;EAC;ENERGISA ACRE - DISTRIBUIDORA DE ENERGIA S.A;RE;Residencial;;B1;12;AC;2;Norte;1200401;Rio Branco;69918***;PF;GD.AC.000.054.186;2018-10-19;;Geracao na propria UC;1;UFV;Radiação solar;Microgeracao;13,65;;;
2026-08-19;08/2026;04065033000170;EAC;ENERGISA ACRE - DISTRIBUIDORA DE ENERGIA S.A;RE;Residencial;;B1;12;AC;2;Norte;1200401;Rio Branco;69.91***;PF;GD.AC.000.057.281;2019-02-04;;Geracao na propria UC;1;UFV;Radiação solar;Microgeracao;10,56;;;
2026-08-19;08/2026;04065033000170;EAC;ENERGISA ACRE - DISTRIBUIDORA DE ENERGIA S.A;RE;Residencial;;B1;12;AC;2;Norte;1200401;Rio Branco;69.90***;PF;GD.AC.000.057.325;2019-01-31;;Geracao na propria UC;1;UFV;Radiação solar;Microgeracao;10,07;;;
2026-08-19;08/2026;04065033000170;EAC;ENERGISA ACRE - DISTRIBUIDORA DE ENERGIA S.A;RE;Residencial;;B1;12;AC;2;Norte;1200401;Rio Branco;69.91***;PF;GD.AC.000.057.331;2019-01-29;;Geracao na propria UC;1;UFV;Radiação solar;Microgeracao;5,28;;;
2026-08-19;08/2026;04065033000170;EAC;ENERGISA ACRE - DISTRIBUIDORA DE ENERGIA S.A;RU;Rural;;B2;12;AC;2;Norte;1200401;Rio Branco;69909***;PF;GD.AC.000.057.398;2019-01-25;;Geracao na propria UC;1;UFV;Radiação solar;Microgeracao;3,96;;;
2026-08-19;08/2026;04065033000170;EAC;ENERGISA ACRE - DISTRIBUIDORA DE ENERGIA S.A;RE;Residencial;;B1;12;AC;2;Norte;1200401;Rio Branco;69911***;PF;GD.AC.000.057.434;2019-01-21;;Geracao na propria UC;1;UFV;Radiação solar;Microgeracao;2,64;;;
2026-08-19;08/2026;04065033000170;EAC;ENERGISA ACRE - DISTRIBUIDORA DE ENERGIA S.A;RE;Residencial;;B3;12;AC;2;Norte;1200401;Rio Branco;69914***;PF;GD.AC.000.057.437;2019-01-22;;Geracao na propria UC;1;UFV;Radiação solar;Microgeracao;29,70;;;
2026-08-19;08/2026;04065033000170;EAC;ENERGISA ACRE - DISTRIBUIDORA DE ENERGIA S.A;RE;Residencial;;B1;12;AC;2;Norte;1200401;Rio Branco;69917***;PF;GD.AC.000.057.545;2019-01-25;;Geracao na propria UC;1;UFV;Radiação solar;Microgeracao;15,84;;;
2026-08-19;08/2026;12272084000100;EQUATORIAL AL;EQUATORIAL ALAGOAS DISTRIBUIDORA DE ENERGIA S.A.;RE;Residencial;;B1;27;AL;3;Nordeste;2704302;Maceió;57039***;PF;GD.AL.000.002.355;2016-10-03;;Geracao na propria UC;1;UFV;Radiação solar;Microgeracao;12,00;;;
2026-08-19;08/2026;12272084000100;EQUATORIAL AL;EQUATORIAL ALAGOAS DISTRIBUIDORA DE ENERGIA S.A.;RE;Residencial;;B1;27;AL;3;Nordeste;2704302;Maceió;57945***;PF;GD.AL.000.004.549;2016-01-13;;Geracao na propria UC;1;UFV;Radiação solar;Microgeracao;5,00;;;
2026-08-19;08/2026;12272084000100;EQUATORIAL AL;EQUATORIAL ALAGOAS DISTRIBUIDORA DE ENERGIA S.A.;RE;Residencial;;B1;27;AL;3;Nordeste;2704302;Maceió;57048***;PF;GD.AL.000.004.553;2016-03-14;;Auto consumo remoto;2;UFV;Radiação solar;Microgeracao;3,20;;;
2026-08-19;08/2026;12272084000100;EQUATORIAL AL;EQUATORIAL ALAGOAS DISTRIBUIDORA DE ENERGIA S.A.;CO;Comercial;;B3;27;AL;3;Nordeste;2704302;Maceió;57017070  ;PJ;GD.AL.000.004.559;2015-07-22;;Auto consumo remoto;3;UFV;Radiação solar;Microgeracao;31,36;;;
2026-08-19;08/2026;12272084000100;EQUATORIAL AL;EQUATORIAL ALAGOAS DISTRIBUIDORA DE ENERGIA S.A.;RE;Residencial;;B1;27;AL;3;Nordeste;2704708;Marechal Deodoro;57160***;PF;GD.AL.000.004.670;2016-12-13;;Geracao na propria UC;1;UFV;Radiação solar;Microgeracao;2,50;;;
2026-08-19;08/2026;12272084000100;EQUATORIAL AL;EQUATORIAL ALAGOAS DISTRIBUIDORA DE ENERGIA S.A.;RE;Residencial;;B1;27;AL;3;Nordeste;2704302;Maceió;57063***;PF;GD.AL.000.005.367;2016-08-20;;Geracao na propria UC;1;UFV;Radiação solar;Microgeracao;5,20;;;
2026-08-19;08/2026;12272084000100;EQUATORIAL AL;EQUATORIAL ALAGOAS DISTRIBUIDORA DE ENERGIA S.A.;RE;Residencial;;B1;27;AL;3;Nordeste;2704302;Maceió;57063***;PF;GD.AL.000.007.993;2017-02-06;;Auto consumo remoto;2;UFV;Radiação solar;Microgeracao;3,00;;;
2026-08-19;08/2026;12272084000100;EQUATORIAL AL;EQUATORIAL ALAGOAS DISTRIBUIDORA DE ENERGIA S.A.;RE;Residencial;;B1;27;AL;3;Nordeste;2706448;Paripueira;57935000  ;PJ;GD.AL.000.008.092;2020-09-03;;Geracao na propria UC;1;UFV;Radiação solar;Microgeracao;70,00;;;
2026-08-19;08/2026;12272084000100;EQUATORIAL AL;EQUATORIAL ALAGOAS DISTRIBUIDORA DE ENERGIA S.A.;CO;Comercial;;B3;27;AL;3;Nordeste;2704302;Maceió;57055160  ;PJ;GD.AL.000.008.352;2017-02-20;;Geracao na propria UC;1;UFV;Radiação solar;Microgeracao;12,00;;;
2026-08-19;08/2026;12272084000100;EQUATORIAL AL;EQUATORIAL ALAGOAS DISTRIBUIDORA DE ENERGIA S.A.;CO;Comercial;;B3;27;AL;3;Nordeste;2704302;Maceió;57039700  ;PJ;GD.AL.000.008.354;2017-02-20;;Geracao na propria UC;1;UFV;Radiação solar;Microgeracao;74,88;;;
2026-08-19;08/2026;12272084000100;EQUATORIAL AL;EQUATORIAL ALAGOAS DISTRIBUIDORA DE ENERGIA S.A.;CO;Comercial;;B3;27;AL;3;Nordeste;2708600;São Miguel dos Campos;57.24000  ;PJ;GD.AL.000.009.785;2017-04-10;;Geracao na propria UC;1;UFV;Radiação solar;Microgeracao;13,80;;;
2026-08-19;08/2026;12272084000100;EQUATORIAL AL;EQUATORIAL ALAGOAS DISTRIBUIDORA DE ENERGIA S.A.;RE;Residencial;;B1;27;AL;3;Nordeste;2704708;Marechal Deodoro;57160***;PF;GD.AL.000.024.295;2018-03-07;;Geracao na propria UC;1;UFV;Radiação solar;Microgeracao;10,88;;;
2026-08-19;08/2026;12272084000100;EQUATORIAL AL;EQUATORIAL ALAGOAS DISTRIBUIDORA DE ENERGIA S.A.;RE;Residencial;;B1;27;AL;3;Nordeste;2702009;Coité do Nóia;57325***;PF;GD.AL.000.027.053;2018-04-12;;Auto consumo remoto;2;UFV;Radiação solar;Microgeracao;4,86;;;
2026-08-19;08/2026;12272084000100;EQUATORIAL AL;EQUATORIAL ALAGOAS DISTRIBUIDORA DE ENERGIA S.A.;RE;Residencial;;B1;27;AL;3;Nordeste;2707107;Piranhas;57460***;PF;GD.AL.000.030.137;2023-03-17;;Auto consumo remoto;5;UFV;Radiação solar;Microgeracao;16,20;;;
2026-08-19;08/2026;12272084000100;EQUATORIAL AL;EQUATORIAL ALAGOAS DISTRIBUIDORA DE ENERGIA S.A.;RE;Residencial;;B1;27;AL;3;Nordeste;2704302;Maceió;57080***;PF;GD.AL.000.030.179;2018-06-05;;Auto consumo remoto;2;UFV;Radiação solar;Microgeracao;3,20;;;
2026-08-19;08/2026;12272084000100;EQUATORIAL AL;EQUATORIAL ALAGOAS DISTRIBUIDORA DE ENERGIA S.A.;RE;Residencial;;B1;27;AL;3;Nordeste;2704302;Maceió;57046***;PF;GD.AL.000.046.744;2023-07-27;;Auto consumo remoto;2;UFV;Radiação solar;Microgeracao;13,00;;;
2026-08-19;08/2026;12272084000100;EQUATORIAL AL;EQUATORIAL ALAGOAS DISTRIBUIDORA DE ENERGIA S.A.;RE;Residencial;;B1;27;AL;3;Nordeste;2704302;Maceió;57037***;PF;GD.AL.000.066.056;2019-02-26;;Geracao na propria UC;1;UFV;Radiação solar;Microgeracao;7,00;;;
2026-08-19;08/2026;12272084000100;EQUATORIAL AL;EQUATORIAL ALAGOAS DISTRIBUIDORA DE ENERGIA S.A.;RE;Residencial;;B1;27;AL;3;Nordeste;2704302;Maceió;57061***;PF;GD.AL.000.068.071;2017-11-29;;Geracao na propria UC;1;UFV;Radiação solar;Microgeracao;4,62;;;
2026-08-19;08/2026;12272084000100;EQUATORIAL AL;EQUATORIAL ALAGOAS DISTRIBUIDORA DE ENERGIA S.A.;RE;Residencial;;B1;27;AL;3;Nordeste;2704302;Maceió;57046***;PF;GD.AL.000.076.261;2019-05-07;;Geracao na propria UC;1;UFV;Radiação solar;Microgeracao;5,00;;;
2026-08-19;08/2026;12272084000100;EQUATORIAL AL;EQUATORIAL ALAGOAS DISTRIBUIDORA DE ENERGIA S.A.;CO;Comercial;;B3;27;AL;3;Nordeste;2706505;Passo de Camaragibe;57.93000  ;PJ;GD.AL.000.172.909;2023-05-12;;Geracao na propria UC;1;UFV;Radiação solar;Microgeracao;32,00;;;
2026-08-19;08/2026;12272084000100;EQUATORIAL AL;EQUATORIAL ALAGOAS DISTRIBUIDORA DE ENERGIA S.A.;CO;Comercial;;B3;27;AL;3;Nordeste;2700300;Arapiraca;57303***;PF;GD.AL.000.173.429;2020-01-08;;Geracao na propria UC;1;UFV;Radiação solar;Microgeracao;23,76;;;
2026-08-19;08/2026;12272084000100;EQUATORIAL AL;EQUATORIAL ALAGOAS DISTRIBUIDORA DE ENERGIA S.A.;RE;Residencial;;B1;27;AL;3;Nordeste;2704302;Maceió;57025***;PF;GD.AL.000.173.446;2019-12-27;;Auto consumo remoto;2;UFV;Radiação solar;Microgeracao;6,00;;;
2026-08-19;08/2026;12272084000100;EQUATORIAL AL;EQUATORIAL ALAGOAS DISTRIBUIDORA DE ENERGIA S.A.;RU;Rural;;B2;27;AL;3;Nordeste;2700300;Arapiraca;57.30***;PF;GD.AL.000.173.464;2019-12-27;;Auto consumo remoto;2;UFV;Radiação solar;Microgeracao;5,00;;;
2026-08-19;08/2026;12272084000100;EQUATORIAL AL;EQUATORIAL ALAGOAS DISTRIBUIDORA DE ENERGIA S.A.;RE;Residencial;;B1;27;AL;3;Nordeste;2700300;Arapiraca;57315***;PF;GD.AL.000.173.478;2022-09-26;;Geracao na propria UC;1;UFV;Radiação solar;Microgeracao;12,00;;;
2026-08-19;08/2026;12272084000100;EQUATORIAL AL;EQUATORIAL ALAGOAS DISTRIBUIDORA DE ENERGIA S.A.;RE;Residencial;;B1;27;AL;3;Nordeste;2707107;Piranhas;57.46***;PF;GD.AL.000.173.492;2020-01-06;;Geracao na propria UC;1;UFV;Radiação solar;Microgeracao;5,00;;;
2026-08-19;08/2026;12272084000100;EQUATORIAL AL;EQUATORIAL ALAGOAS DISTRIBUIDORA DE ENERGIA S.A.;RE;Residencial;;B1;27;AL;3;Nordeste;2704005;Junqueiro;57270***;PF;GD.AL.000.175.374;2020-01-07;;Geracao na propria UC;1;UFV;Radiação solar;Microgeracao;5,00;;;
2026-08-19;08/2026;12272084000100;EQUATORIAL AL;EQUATORIAL ALAGOAS DISTRIBUIDORA DE ENERGIA S.A.;CO;Comercial;;B3;27;AL;3;Nordeste;2702306;Coruripe;57.23000  ;PJ;GD.AL.000.175.960;2022-11-01;;Auto consumo remoto;3;UFV;Radiação solar;Microgeracao;25,00;;;
2026-08-19;08/2026;12272084000100;EQUATORIAL AL;EQUATORIAL ALAGOAS DISTRIBUIDORA DE ENERGIA S.A.;RE;Residencial;;B1;27;AL;3;Nordeste;2706448;Paripueira;57935***;PF;GD.AL.000.211.978;2020-03-16;;Auto consumo remoto;2;UFV;Radiação solar;Microgeracao;3,00;;;
2026-08-19;08/2026;12272084000100;EQUATORIAL AL;EQUATORIAL ALAGOAS DISTRIBUIDORA DE ENERGIA S.A.;CO;Comercial;;B3;27;AL;3;Nordeste;2704708;Marechal Deodoro;57160***;PF;GD.AL.000.236.962;2020-04-09;;Geracao na propria UC;1;UFV;Radiação solar;Microgeracao;8,00;;;
2026-08-19;08/2026;12272084000100;EQUATORIAL AL;EQUATORIAL ALAGOAS DISTRIBUIDORA DE ENERGIA S.A.;RE;Residencial;;B1;27;AL;3;Nordeste;2704708;Marechal Deodoro;57160***;PF;GD.AL.000.237.020;2020-04-23;;Auto consumo remoto;2;UFV;Radiação solar;Microgeracao;12,00;;;
2026-08-19;08/2026;12272084000100;EQUATORIAL AL;EQUATORIAL ALAGOAS DISTRIBUIDORA DE ENERGIA S.A.;CO;Comercial;;B3;27;AL;3;Nordeste;2706901;Pilar;57150***;PF;GD.AL.000.237.027;2020-04-13;;Auto consumo remoto;3;UFV;Radiação solar;Microgeracao;12,00;;;
2026-08-19;08/2026;12272084000100;EQUATORIAL AL;EQUATORIAL ALAGOAS DISTRIBUIDORA DE ENERGIA S.A.;RE;Residencial;;B1;27;AL;3;Nordeste;2704302;Maceió;57083***;PF;GD.AL.000.237.331;2020-04-23;;Auto consumo remoto;3;UFV;Radiação solar;Microgeracao;8,20;;;
2026-08-19;08/2026;12272084000100;EQUATORIAL AL;EQUATORIAL ALAGOAS DISTRIBUIDORA DE ENERGIA S.A.;RE;Residencial;;B1;27;AL;3;Nordeste;2706448;Paripueira;57935***;PF;GD.AL.000.237.372;2020-04-27;;Geracao na propria UC;1;UFV;Radiação solar;Microgeracao;5,00;;;
2026-08-19;08/2026;12272084000100;EQUATORIAL AL;EQUATORIAL ALAGOAS DISTRIBUIDORA DE ENERGIA S.A.;RE;Residencial;;B1;27;AL;3;Nordeste;2700607;Barra de São Miguel;57180***;PF;GD.AL.000.247.785;2020-05-20;;Auto consumo remoto;2;UFV;Radiação solar;Microgeracao;7,50;;;
2026-08-19;08/2026;12272084000100;EQUATORIAL AL;EQUATORIAL ALAGOAS DISTRIBUIDORA DE ENERGIA S.A.;RE;Residencial;;B1;27;AL;3;Nordeste;2700300;Arapiraca;57315***;PF;GD.AL.000.248.869;2020-05-26;;Auto consumo remoto;2;UFV;Radiação solar;Microgeracao;7,50;;;
2026-08-19;08/2026;12272084000100;EQUATORIAL AL;EQUATORIAL ALAGOAS DISTRIBUIDORA DE ENERGIA S.A.;RE;Residencial;;B1;27;AL;3;Nordeste;2706703;Penedo;57200***;PF;GD.AL.000.288.066;2020-08-21;;Auto consumo remoto;2;UFV;Radiação solar;Microgeracao;3,60;;;
2026-08-19;08/2026;12272084000100;EQUATORIAL AL;EQUATORIAL ALAGOAS DISTRIBUIDORA DE ENERGIA S.A.;PP;Poder Público;;B1;27;AL;3;Nordeste;2704708;Marechal Deodoro;57160***;PF;GD.AL.000.306.833;2020-09-01;;Geracao na propria UC;1;UFV;Radiação solar;Microgeracao;5,00;;;
2026-08-19;08/2026;12272084000100;EQUATORIAL AL;EQUATORIAL ALAGOAS DISTRIBUIDORA DE ENERGIA S.A.;RU;Rural;;B2;27;AL;3;Nordeste;2701001;Boca da Mata;57680***;PF;GD.AL.000.307.608;2020-09-08;;Auto consumo remoto;2;UFV;Radiação solar;Microgeracao;4,00;;;
2026-08-19;08/2026;12272084000100;EQUATORIAL AL;EQUATORIAL ALAGOAS DISTRIBUIDORA DE ENERGIA S.A.;RE;Residencial;;B1;27;AL;3;Nordeste;2704708;Marechal Deodoro;57160***;PF;GD.AL.000.440.912;2021-03-11;;Geracao na propria UC;1;UFV;Radiação solar;Microgeracao;19,36;;;
2026-08-19;08/2026;12272084000100;EQUATORIAL AL;EQUATORIAL ALAGOAS DISTRIBUIDORA DE ENERGIA S.A.;CO;Comercial;;B3;27;AL;3;Nordeste;2708600;São Miguel dos Campos;57240028  ;PJ;GD.AL.000.458.553;2020-12-02;;Auto consumo remoto;5;UFV;Radiação solar;Microgeracao;8,00;;;
2026-08-19;08/2026;02341467000120;Âmbar Amazonas;AMBAR ENERGIA AMAZONAS S.A.;RE;Residencial;;B1;13;AM;2;Norte;1302603;Manaus;69060***;PF;GD.AM.000.003.054;2016-08-18;;Geracao na propria UC;1;UFV;Radiação solar;Microgeracao;10,00;;;
2026-08-19;08/2026;02341467000120;Âmbar Amazonas;AMBAR ENERGIA AMAZONAS S.A.;CO;Comercial;;A4;13;AM;2;Norte;1302603;Manaus;69041010  ;PJ;GD.AM.000.003.182;2015-06-30;;Geracao na propria UC;1;UFV;Radiação solar;Microgeracao;15,00;;;
2026-08-19;08/2026;02341467000120;Âmbar Amazonas;AMBAR ENERGIA AMAZONAS S.A.;CO;Comercial;;B3;13;AM;2;Norte;1302603;Manaus;69005080  ;PJ;GD.AM.000.003.183;2015-08-28;;Geracao na propria UC;1;UFV;Radiação solar;Microgeracao;11,52;;;
2026-08-19;08/2026;02341467000120;Âmbar Amazonas;AMBAR ENERGIA AMAZONAS S.A.;RE;Residencial;;B1;13;AM;2;Norte;1302603;Manaus;69037***;PF;GD.AM.000.003.185;2016-09-12;;Geracao na propria UC;1;UFV;Radiação solar;Microgeracao;3,00;;;
2026-08-19;08/2026;02341467000120;Âmbar Amazonas;AMBAR ENERGIA AMAZONAS S.A.;IN;Industrial;;B3;13;AM;2;Norte;1302603;Manaus;69058000  ;PJ;GD.AM.000.003.187;2016-11-10;;Geracao na propria UC;1;UFV;Radiação solar;Microgeracao;2,86;;;
2026-08-19;08/2026;02341467000120;Âmbar Amazonas;AMBAR ENERGIA AMAZONAS S.A.;RE;Residencial;;B1;13;AM;2;Norte;1302603;Manaus;69000***;PF;GD.AM.000.003.196;2025-02-06;;Geracao na propria UC;1;UFV;Radiação solar;Microgeracao;8,00;;;
2026-08-19;08/2026;02341467000120;Âmbar Amazonas;AMBAR ENERGIA AMAZONAS S.A.;RE;Residencial;;B1;13;AM;2;Norte;1302603;Manaus;69.05***;PF;GD.AM.000.007.553;2016-12-07;;Geracao na propria UC;1;UFV;Radiação solar;Microgeracao;10,98;;;
2026-08-19;08/2026;02341467000120;Âmbar Amazonas;AMBAR ENERGIA AMAZONAS S.A.;RE;Residencial;;B1;13;AM;2;Norte;1302603;Manaus;69058***;PF;GD.AM.000.022.220;2017-06-16;;Geracao na propria UC;1;UFV;Radiação solar;Microgeracao;5,00;;;
2026-08-19;08/2026;02341467000120;Âmbar Amazonas;AMBAR ENERGIA AMAZONAS S.A.;RE;Residencial;;B1;13;AM;2;Norte;1302603;Manaus;69087***;PF;GD.AM.000.022.232;2017-06-27;;Geracao na propria UC;1;UFV;Radiação solar;Microgeracao;6,00;;;
2026-08-19;08/2026;02341467000120;Âmbar Amazonas;AMBAR ENERGIA AMAZONAS S.A.;RE;Residencial;;B1;13;AM;2;Norte;1302603;Manaus;69050***;PF;GD.AM.000.022.240;2017-11-17;;Geracao na propria UC;1;UFV;Radiação solar;Microgeracao;6,00;;;
2026-08-19;08/2026;02341467000120;Âmbar Amazonas;AMBAR ENERGIA AMAZONAS S.A.;RE;Residencial;;B1;13;AM;2;Norte;1302603;Manaus;69057***;PF;GD.AM.000.022.245;2017-11-24;;Geracao na propria UC;1;UFV;Radiação solar;Microgeracao;8,00;;;
2026-08-19;08/2026;02341467000120;Âmbar Amazonas;AMBAR ENERGIA AMAZONAS S.A.;RE;Residencial;;B1;13;AM;2;Norte;1302603;Manaus;69037130  ;PJ;GD.AM.000.024.015;2017-05-19;;Geracao na propria UC;1;UFV;Radiação solar;Microgeracao;20,00;;;
2026-08-19;08/2026;02341467000120;Âmbar Amazonas;AMBAR ENERGIA AMAZONAS S.A.;RE;Residencial;;B1;13;AM;2;Norte;1302603;Manaus;69054***;PF;GD.AM.000.024.017;2017-09-25;;Geracao na propria UC;1;UFV;Radiação solar;Microgeracao;5,00;;;
2026-08-19;08/2026;02341467000120;Âmbar Amazonas;AMBAR ENERGIA AMAZONAS S.A.;RE;Residencial;;B1;13;AM;2;Norte;1302603;Manaus;69060***;PF;GD.AM.000.024.020;2017-10-06;;Geracao na propria UC;1;UFV;Radiação solar;Microgeracao;15,00;;;
2026-08-19;08/2026;02341467000120;Âmbar Amazonas;AMBAR ENERGIA AMAZONAS S.A.;RE;Residencial;;B1;13;AM;2;Norte;1302603;Manaus;69050***;PF;GD.AM.000.024.023;2017-11-14;;Auto consumo remoto;2;UFV;Radiação solar;Microgeracao;6,00;;;
2026-08-19;08/2026;02341467000120;Âmbar Amazonas;AMBAR ENERGIA AMAZONAS S.A.;RE;Residencial;;B1;13;AM;2;Norte;1302603;Manaus;69060***;PF;GD.AM.000.024.166;2017-08-22;;Geracao na propria UC;1;UFV;Radiação solar;Microgeracao;16,40;;;
2026-08-19;08/2026;02341467000120;Âmbar Amazonas;AMBAR ENERGIA AMAZONAS S.A.;RE;Residencial;;B1;13;AM;2;Norte;1302603;Manaus;69060***;PF;GD.AM.000.024.171;2018-01-03;;Auto consumo remoto;2;UFV;Radiação solar;Microgeracao;15,00;;;
2026-08-19;08/2026;02341467000120;Âmbar Amazonas;AMBAR ENERGIA AMAZONAS S.A.;RE;Residencial;;B1;13;AM;2;Norte;1302603;Manaus;69060***;PF;GD.AM.000.024.174;2017-10-18;;Geracao na propria UC;1;UFV;Radiação solar;Microgeracao;12,00;;;
2026-08-19;08/2026;02341467000120;Âmbar Amazonas;AMBAR ENERGIA AMAZONAS S.A.;RE;Residencial;;B1;13;AM;2;Norte;1302603;Manaus;69057***;PF;GD.AM.000.025.346;2018-03-02;;Geracao na propria UC;1;UFV;Radiação solar;Microgeracao;20,00;;;
2026-08-19;08/2026;02341467000120;Âmbar Amazonas;AMBAR ENERGIA AMAZONAS S.A.;RE;Residencial;;B1;13;AM;2;Norte;1302603;Manaus;69060***;PF;GD.AM.000.025.371;2018-03-02;;Geracao na propria UC;1;UFV;Radiação solar;Microgeracao;32,80;;;
2026-08-19;08/2026;02341467000120;Âmbar Amazonas;AMBAR ENERGIA AMAZONAS S.A.;RE;Residencial;;B1;13;AM;2;Norte;1302603;Manaus;69050***;PF;GD.AM.000.025.384;2017-09-01;;Geracao na propria UC;1;UFV;Radiação solar;Microgeracao;8,30;;;
2026-08-19;08/2026;02341467000120;Âmbar Amazonas;AMBAR ENERGIA AMAZONAS S.A.;RE;Residencial;;B1;13;AM;2;Norte;1302603;Manaus;69044***;PF;GD.AM.000.025.391;2023-04-26;;Auto consumo remoto;2;UFV;Radiação solar;Microgeracao;8,65;;;
2026-08-19;08/2026;02341467000120;Âmbar Amazonas;AMBAR ENERGIA AMAZONAS S.A.;RE;Residencial;;B1;13;AM;2;Norte;1302603;Manaus;69053***;PF;GD.AM.000.026.789;2017-03-27;;Auto consumo remoto;2;UFV;Radiação solar;Microgeracao;11,47;;;
2026-08-19;08/2026;02341467000120;Âmbar Amazonas;AMBAR ENERGIA AMAZONAS S.A.;RE;Residencial;;B1;13;AM;2;Norte;1302603;Manaus;69058***;PF;GD.AM.000.026.986;2018-03-26;;Geracao na propria UC;1;UFV;Radiação solar;Microgeracao;10,56;;;
2026-08-19;08/2026;02341467000120;Âmbar Amazonas;AMBAR ENERGIA AMAZONAS S.A.;RE;Residencial;;B1;13;AM;2;Norte;1302603;Manaus;69068***;PF;GD.AM.000.026.987;2018-03-16;;Auto consumo remoto;2;UFV;Radiação solar;Microgeracao;4,00;;;
2026-08-19;08/2026;02341467000120;Âmbar Amazonas;AMBAR ENERGIA AMAZONAS S.A.;RE;Residencial;;B1;13;AM;2;Norte;1302603;Manaus;69068***;PF;GD.AM.000.026.989;2018-03-16;;Auto consumo remoto;2;UFV;Radiação solar;Microgeracao;4,00;;;
2026-08-19;08/2026;02341467000120;Âmbar Amazonas;AMBAR ENERGIA AMAZONAS S.A.;RE;Residencial;;B1;13;AM;2;Norte;1302603;Manaus;69050***;PF;GD.AM.000.026.990;2018-04-04;;Geracao na propria UC;1;UFV;Radiação solar;Microgeracao;10,40;;;
2026-08-19;08/2026;02341467000120;Âmbar Amazonas;AMBAR ENERGIA AMAZONAS S.A.;RE;Residencial;;B1;13;AM;2;Norte;1302603;Manaus;69005***;PF;GD.AM.000.027.026;2017-08-08;;Auto consumo remoto;2;UFV;Radiação solar;Microgeracao;6,00;;;
2026-08-19;08/2026;02341467000120;Âmbar Amazonas;AMBAR ENERGIA AMAZONAS S.A.;RE;Residencial;;B1;13;AM;2;Norte;1302603;Manaus;69058***;PF;GD.AM.000.030.736;2018-03-27;;Geracao na propria UC;1;UFV;Radiação solar;Microgeracao;3,00;;;
2026-08-19;08/2026;02341467000120;Âmbar Amazonas;AMBAR ENERGIA AMAZONAS S.A.;RE;Residencial;;B1;13;AM;2;Norte;1302603;Manaus;69057***;PF;GD.AM.000.030.738;2018-04-04;;Geracao na propria UC;1;UFV;Radiação solar;Microgeracao;20,00;;;
2026-08-19;08/2026;02341467000120;Âmbar Amazonas;AMBAR ENERGIA AMAZONAS S.A.;RE;Residencial;;B1;13;AM;2;Norte;1302603;Manaus;69058***;PF;GD.AM.000.030.739;2018-03-27;;Geracao na propria UC;1;UFV;Radiação solar;Microgeracao;5,00;;;
2026-08-19;08/2026;02341467000120;Âmbar Amazonas;AMBAR ENERGIA AMAZONAS S.A.;CO;Comercial;;B3;13;AM;2;Norte;1302603;Manaus;69033***;PF;GD.AM.000.030.859;2018-05-15;;Auto consumo remoto;4;UFV;Radiação solar;Microgeracao;30,00;;;
2026-08-19;08/2026;02341467000120;Âmbar Amazonas;AMBAR ENERGIA AMAZONAS S.A.;RE;Residencial;;B1;13;AM;2;Norte;1302603;Manaus;69090***;PF;GD.AM.000.030.860;2018-05-24;;Geracao na propria UC;1;UFV;Radiação solar;Microgeracao;3,00;;;
2026-08-19;08/2026;02341467000120;Âmbar Amazonas;AMBAR ENERGIA AMAZONAS S.A.;RE;Residencial;;B1;13;AM;2;Norte;1302603;Manaus;69060***;PF;GD.AM.000.030.972;2022-07-28;;Geracao na propria UC;1;UFV;Radiação solar;Microgeracao;16,20;;;
2026-08-19;08/2026;02341467000120;Âmbar Amazonas;AMBAR ENERGIA AMAZONAS S.A.;RE;Residencial;;B1;13;AM;2;Norte;1302603;Manaus;69058***;PF;GD.AM.000.030.973;2017-03-03;;Geracao na propria UC;1;UFV;Radiação solar;Microgeracao;3,00;;;
2026-08-19;08/2026;02341467000120;Âmbar Amazonas;AMBAR ENERGIA AMAZONAS S.A.;RE;Residencial;;B1;13;AM;2;Norte;1302603;Manaus;69073***;PF;GD.AM.000.032.293;2018-04-10;;Auto consumo remoto;3;UFV;Radiação solar;Microgeracao;3,20;;;
2026-08-19;08/2026;02341467000120;Âmbar Amazonas;AMBAR ENERGIA AMAZONAS S.A.;RE;Residencial;;B1;13;AM;2;Norte;1302603;Manaus;64040***;PF;GD.AM.000.033.204;2018-05-15;;Geracao na propria UC;1;UFV;Radiação solar;Microgeracao;3,00;;;
2026-08-19;08/2026;02341467000120;Âmbar Amazonas;AMBAR ENERGIA AMAZONAS S.A.;CO;Comercial;;B3;13;AM;2;Norte;1302603;Manaus;69057050  ;PJ;GD.AM.000.033.208;2022-09-19;;Auto consumo remoto;2;UFV;Radiação solar;Microgeracao;55,00;;;
2026-08-19;08/2026;02341467000120;Âmbar Amazonas;AMBAR ENERGIA AMAZONAS S.A.;RE;Residencial;;B1;13;AM;2;Norte;1302603;Manaus;69065***;PF;GD.AM.000.033.210;2018-05-25;;Geracao na propria UC;1;UFV;Radiação solar;Microgeracao;15,00;;;
2026-08-19;08/2026;02341467000120;Âmbar Amazonas;AMBAR ENERGIA AMAZONAS S.A.;RE;Residencial;;B1;13;AM;2;Norte;1302603;Manaus;69065***;PF;GD.AM.000.033.211;2018-03-23;;Auto consumo remoto;2;UFV;Radiação solar;Microgeracao;15,00;;;
2026-08-19;08/2026;05965546000109;CEA;COMPANHIA DE ELETRICIDADE DO AMAPA CEA;PP;Poder Público;;A4;16;AP;2;Norte;1600303;Macapá;68900000  ;PJ;GD.AP.000.015.127;2017-08-01;;Geracao na propria UC;1;UFV;Radiação solar;Minigeracao;345,00;;;
2026-08-19;08/2026;05965546000109;CEA;COMPANHIA DE ELETRICIDADE DO AMAPA CEA;PP;Poder Público;;B3;16;AP;2;Norte;1600709;Tartarugalzinho;68990000  ;PJ;GD.AP.000.015.144;2017-09-29;;Geracao na propria UC;1;UFV;Radiação solar;Microgeracao;10,00;;;
2026-08-19;08/2026;05965546000109;CEA;COMPANHIA DE ELETRICIDADE DO AMAPA CEA;PP;Poder Público;;B3;16;AP;2;Norte;1600535;Porto Grande;68997000  ;PJ;GD.AP.000.015.146;2017-09-29;;Geracao na propria UC;1;UFV;Radiação solar;Microgeracao;10,00;;;
2026-08-19;08/2026;05965546000109;CEA;COMPANHIA DE ELETRICIDADE DO AMAPA CEA;PP;Poder Público;;B3;16;AP;2;Norte;1600105;Amapá;68950000  ;PJ;GD.AP.000.015.147;2017-09-29;;Geracao na propria UC;1;UFV;Radiação solar;Microgeracao;10,00;;;
2026-08-19;08/2026;05965546000109;CEA;COMPANHIA DE ELETRICIDADE DO AMAPA CEA;PP;Poder Público;;B3;16;AP;2;Norte;1600238;Ferreira Gomes;68915000  ;PJ;GD.AP.000.015.148;2017-09-29;;Geracao na propria UC;1;UFV;Radiação solar;Microgeracao;10,00;;;
2026-08-19;08/2026;05965546000109;CEA;COMPANHIA DE ELETRICIDADE DO AMAPA CEA;PP;Poder Público;;B3;16;AP;2;Norte;1600808;Vitória do Jari;68924000  ;PJ;GD.AP.000.015.149;2017-09-29;;Geracao na propria UC;1;UFV;Radiação solar;Microgeracao;10,00;;;
2026-08-19;08/2026;05965546000109;CEA;COMPANHIA DE ELETRICIDADE DO AMAPA CEA;PP;Poder Público;;B3;16;AP;2;Norte;1600279;Laranjal do Jari;68920000  ;PJ;GD.AP.000.015.151;2017-09-29;;Geracao na propria UC;1;UFV;Radiação solar;Microgeracao;10,00;;;
2026-08-19;08/2026;05965546000109;CEA;COMPANHIA DE ELETRICIDADE DO AMAPA CEA;PP;Poder Público;;A4;16;AP;2;Norte;1600303;Macapá;68900000  ;PJ;GD.AP.000.015.164;2017-05-09;;Geracao na propria UC;1;UFV;Radiação solar;Minigeracao;150,00;;;
2026-08-19;08/2026;05965546000109;CEA;COMPANHIA DE ELETRICIDADE DO AMAPA CEA;RE;Residencial;;B1;16;AP;2;Norte;1600303;Macapá;68900***;PF;GD.AP.000.021.159;2018-01-19;;Geracao na propria UC;1;UFV;Radiação solar;Microgeracao;2,00;;;
2026-08-19;08/2026;05965546000109;CEA;COMPANHIA DE ELETRICIDADE DO AMAPA CEA;RE;Residencial;;B1;16;AP;2;Norte;1600303;Macapá;68906***;PF;GD.AP.000.026.905;2018-04-11;;Geracao na propria UC;1;UFV;Radiação solar;Microgeracao;5,00;;;
2026-08-19;08/2026;05965546000109;CEA;COMPANHIA DE ELETRICIDADE DO AMAPA CEA;RE;Residencial;;B1;16;AP;2;Norte;1600600;Santana;68925***;PF;GD.AP.000.026.909;2018-03-22;;Geracao na propria UC;1;UFV;Radiação solar;Microgeracao;3,00;;;
2026-08-19;08/2026;05965546000109;CEA;COMPANHIA DE ELETRICIDADE DO AMAPA CEA;RE;Residencial;;B1;16;AP;2;Norte;1600303;Macapá;68903***;PF;GD.AP.000.028.368;2018-04-26;;Geracao na propria UC;1;UFV;Radiação solar;Microgeracao;4,87;;;
2026-08-19;08/2026;05965546000109;CEA;COMPANHIA DE ELETRICIDADE DO AMAPA CEA;RE;Residencial;;B1;16;AP;2;Norte;1600808;Vitória do Jari;68924***;PF;GD.AP.000.028.372;2018-05-02;;Geracao na propria UC;1;UFV;Radiação solar;Microgeracao;5,00;;;
2026-08-19;08/2026;05965546000109;CEA;COMPANHIA DE ELETRICIDADE DO AMAPA CEA;RE;Residencial;;B1;16;AP;2;Norte;1600303;Macapá;68900***;PF;GD.AP.000.028.375;2018-04-23;;Auto consumo remoto;2;UFV;Radiação solar;Microgeracao;10,40;;;
2026-08-19;08/2026;05965546000109;CEA;COMPANHIA DE ELETRICIDADE DO AMAPA CEA;RE;Residencial;;B1;16;AP;2;Norte;1600303;Macapá;68903***;PF;GD.AP.000.028.379;2025-06-25;;Auto consumo remoto;2;UFV;Radiação solar;Microgeracao;10,00;;;
2026-08-19;08/2026;05965546000109;CEA;COMPANHIA DE ELETRICIDADE DO AMAPA CEA;RE;Residencial;;B1;16;AP;2;Norte;1600303;Macapá;68903***;PF;GD.AP.000.028.383;2023-02-09;;Geracao na propria UC;1;UFV;Radiação solar;Microgeracao;4,91;;;
2026-08-19;08/2026;05965546000109;CEA;COMPANHIA DE ELETRICIDADE DO AMAPA CEA;RE;Residencial;;B1;16;AP;2;Norte;1600303;Macapá;68907***;PF;GD.AP.000.029.590;2024-03-13;;Geracao na propria UC;1;UFV;Radiação solar;Microgeracao;8,00;;;
2026-08-19;08/2026;05965546000109;CEA;COMPANHIA DE ELETRICIDADE DO AMAPA CEA;RE;Residencial;;B1;16;AP;2;Norte;1600303;Macapá;68901***;PF;GD.AP.000.029.623;2018-05-22;;Geracao na propria UC;1;UFV;Radiação solar;Microgeracao;6,00;;;
2026-08-19;08/2026;05965546000109;CEA;COMPANHIA DE ELETRICIDADE DO AMAPA CEA;RE;Residencial;;B1;16;AP;2;Norte;1600303;Macapá;68901***;PF;GD.AP.000.039.727;2018-05-10;;Geracao na propria UC;1;UFV;Radiação solar;Microgeracao;5,85;;;
2026-08-19;08/2026;05965546000109;CEA;COMPANHIA DE ELETRICIDADE DO AMAPA CEA;RE;Residencial;;B1;16;AP;2;Norte;1600303;Macapá;68900***;PF;GD.AP.000.039.728;2018-07-24;;Geracao na propria UC;1;UFV;Radiação solar;Microgeracao;7,00;;;
2026-08-19;08/2026;05965546000109;CEA;COMPANHIA DE ELETRICIDADE DO AMAPA CEA;RE;Residencial;;B1;16;AP;2;Norte;1600154;Pedra Branca do Amapari;68945***;PF;GD.AP.000.039.729;2018-08-01;;Geracao na propria UC;1;UFV;Radiação solar;Microgeracao;4,86;;;
2026-08-19;08/2026;05965546000109;CEA;COMPANHIA DE ELETRICIDADE DO AMAPA CEA;RE;Residencial;;B1;16;AP;2;Norte;1600303;Macapá;68906***;PF;GD.AP.000.039.765;2018-06-20;;Auto consumo remoto;2;UFV;Radiação solar;Microgeracao;5,00;;;
2026-08-19;08/2026;05965546000109;CEA;COMPANHIA DE ELETRICIDADE DO AMAPA CEA;RE;Residencial;;B1;16;AP;2;Norte;1600303;Macapá;68909***;PF;GD.AP.000.039.773;2018-07-16;;Geracao na propria UC;1;UFV;Radiação solar;Microgeracao;3,00;;;
2026-08-19;08/2026;05965546000109;CEA;COMPANHIA DE ELETRICIDADE DO AMAPA CEA;RE;Residencial;;B1;16;AP;2;Norte;1600303;Macapá;68901***;PF;GD.AP.000.039.787;2018-08-01;;Geracao na propria UC;1;UFV;Radiação solar;Microgeracao;6,00;;;
2026-08-19;08/2026;05965546000109;CEA;COMPANHIA DE ELETRICIDADE DO AMAPA CEA;RE;Residencial;;B1;16;AP;2;Norte;1600600;Santana;68925***;PF;GD.AP.000.039.798;2018-06-04;;Geracao na propria UC;1;UFV;Radiação solar;Microgeracao;8,20;;;
2026-08-19;08/2026;05965546000109;CEA;COMPANHIA DE ELETRICIDADE DO AMAPA CEA;RE;Residencial;;B1;16;AP;2;Norte;1600303;Macapá;68901***;PF;GD.AP.000.039.809;2018-05-01;;Auto consumo remoto;2;UFV;Radiação solar;Microgeracao;5,00;;;
2026-08-19;08/2026;05965546000109;CEA;COMPANHIA DE ELETRICIDADE DO AMAPA CEA;RE;Residencial;;B1;16;AP;2;Norte;1600303;Macapá;68096***;PF;GD.AP.000.039.814;2018-07-04;;Auto consumo remoto;2;UFV;Radiação solar;Microgeracao;4,76;;;
2026-08-19;08/2026;05965546000109;CEA;COMPANHIA DE ELETRICIDADE DO AMAPA CEA;RE;Residencial;;B1;16;AP;2;Norte;1600303;Macapá;68908160  ;PJ;GD.AP.000.042.135;2018-09-26;;Geracao na propria UC;1;UFV;Radiação solar;Microgeracao;4,00;;;
2026-08-19;08/2026;05965546000109;CEA;COMPANHIA DE ELETRICIDADE DO AMAPA CEA;RE;Residencial;;B1;16;AP;2;Norte;1600303;Macapá;68900***;PF;GD.AP.000.045.269;2018-11-06;;Auto consumo remoto;3;UFV;Radiação solar;Microgeracao;5,00;;;
2026-08-19;08/2026;05965546000109;CEA;COMPANHIA DE ELETRICIDADE DO AMAPA CEA;RE;Residencial;;B1;16;AP;2;Norte;1600303;Macapá;68901***;PF;GD.AP.000.045.345;2018-10-05;;Geracao na propria UC;1;UFV;Radiação solar;Microgeracao;8,00;;;
2026-08-19;08/2026;05965546000109;CEA;COMPANHIA DE ELETRICIDADE DO AMAPA CEA;RE;Residencial;;B1;16;AP;2;Norte;1600303;Macapá;68902***;PF;GD.AP.000.045.351;2018-10-30;;Geracao na propria UC;1;UFV;Radiação solar;Microgeracao;1,10;;;
2026-08-19;08/2026;05965546000109;CEA;COMPANHIA DE ELETRICIDADE DO AMAPA CEA;RE;Residencial;;B1;16;AP;2;Norte;1600303;Macapá;68908***;PF;GD.AP.000.045.900;2018-11-19;;Geracao na propria UC;1;UFV;Radiação solar;Microgeracao;6,50;;;
2026-08-19;08/2026;05965546000109;CEA;COMPANHIA DE ELETRICIDADE DO AMAPA CEA;CO;Comercial;;A4;16;AP;2;Norte;1600303;Macapá;68900000  ;PJ;GD.AP.000.046.033;2018-11-12;;Auto consumo remoto;2;UFV;Radiação solar;Minigeracao;99,00;;;
2026-08-19;08/2026;05965546000109;CEA;COMPANHIA DE ELETRICIDADE DO AMAPA CEA;RE;Residencial;;B1;16;AP;2;Norte;1600303;Macapá;68902***;PF;GD.AP.000.046.129;2018-11-27;;Geracao na propria UC;1;UFV;Radiação solar;Microgeracao;5,00;;;
2026-08-19;08/2026;05965546000109;CEA;COMPANHIA DE ELETRICIDADE DO AMAPA CEA;CO;Comercial;;A4;16;AP;2;Norte;1600303;Macapá;68900000  ;PJ;GD.AP.000.048.200;2018-12-06;;Geracao na propria UC;1;UFV;Radiação solar;Minigeracao;149,76;;;
2026-08-19;08/2026;05965546000109;CEA;COMPANHIA DE ELETRICIDADE DO AMAPA CEA;RE;Residencial;;B1;16;AP;2;Norte;1600303;Macapá;68900***;PF;GD.AP.000.048.203;2018-12-07;;Geracao na propria UC;1;UFV;Radiação solar;Microgeracao;12,00;;;
2026-08-19;08/2026;05965546000109;CEA;COMPANHIA DE ELETRICIDADE DO AMAPA CEA;RE;Residencial;;B1;16;AP;2;Norte;1600303;Macapá;68908***;PF;GD.AP.000.048.206;2018-12-05;;Geracao na propria UC;1;UFV;Radiação solar;Microgeracao;8,20;;;
2026-08-19;08/2026;05965546000109;CEA;COMPANHIA DE ELETRICIDADE DO AMAPA CEA;RE;Residencial;;B1;16;AP;2;Norte;1600303;Macapá;68900***;PF;GD.AP.000.048.417;2018-11-28;;Geracao na propria UC;1;UFV;Radiação solar;Microgeracao;8,10;;;
2026-08-19;08/2026;05965546000109;CEA;COMPANHIA DE ELETRICIDADE DO AMAPA CEA;PP;Poder Público;;A4;16;AP;2;Norte;1600303;Macapá;68900020  ;PJ;GD.AP.000.050.821;2019-01-04;;Geracao na propria UC;1;UFV;Radiação solar;Minigeracao;132,00;;;
2026-08-19;08/2026;05965546000109;CEA;COMPANHIA DE ELETRICIDADE DO AMAPA CEA;RE;Residencial;;B1;16;AP;2;Norte;1600303;Macapá;68903***;PF;GD.AP.000.050.823;2018-12-26;;Geracao na propria UC;1;UFV;Radiação solar;Microgeracao;8,20;;;
2026-08-19;08/2026;15139629000194;COELBA;COMPANHIA DE ELETRICIDADE DO ESTADO DA BAHIA COELBA;RE;Residencial;;B1;29;BA;3;Nordeste;2924009;Paulo Afonso;57480***;PF;GD.AL.000.912.512;2022-02-10;;Geracao na propria UC;1;UFV;Radiação solar;Microgeracao;3,00;;;
2026-08-19;08/2026;15139629000194;COELBA;COMPANHIA DE ELETRICIDADE DO ESTADO DA BAHIA COELBA;RE;Residencial;;B1;29;BA;3;Nordeste;2924009;Paulo Afonso;57480***;PF;GD.AL.001.221.536;2022-08-24;;Auto consumo remoto;2;UFV;Radiação solar;Microgeracao;14,00;;;
2026-08-19;08/2026;15139629000194;COELBA;COMPANHIA DE ELETRICIDADE DO ESTADO DA BAHIA COELBA;RE;Residencial;;B1;29;BA;3;Nordeste;2924009;Paulo Afonso;57480***;PF;GD.AL.002.988.322;2024-03-14;;Auto consumo remoto;3;UFV;Radiação solar;Microgeracao;4,00;;;
2026-08-19;08/2026;15139629000194;COELBA;COMPANHIA DE ELETRICIDADE DO ESTADO DA BAHIA COELBA;RE;Residencial;;B1;29;BA;3;Nordeste;2913606;Ilhéus;45655***;PF;GD.BA.000.000.971;2016-09-05;;Geracao na propria UC;1;UFV;Radiação solar;Microgeracao;2,00;;;
2026-08-19;08/2026;15139629000194;COELBA;COMPANHIA DE ELETRICIDADE DO ESTADO DA BAHIA COELBA;RE;Residencial;;B1;29;BA;3;Nordeste;2928901;São Desidério;47820***;PF;GD.BA.000.000.989;2016-09-08;;Geracao na propria UC;1;UFV;Radiação solar;Microgeracao;1,50;;;
2026-08-19;08/2026;15139629000194;COELBA;COMPANHIA DE ELETRICIDADE DO ESTADO DA BAHIA COELBA;RE;Residencial;;B1;29;BA;3;Nordeste;2910727;Eunápolis;45833***;PF;GD.BA.000.001.003;2016-08-08;;Geracao na propria UC;1;UFV;Radiação solar;Microgeracao;3,60;;;
2026-08-19;08/2026;15139629000194;COELBA;COMPANHIA DE ELETRICIDADE DO ESTADO DA BAHIA COELBA;RE;Residencial;;B1;29;BA;3;Nordeste;2921005;Mata de São João;48280***;PF;GD.BA.000.001.011;2016-09-08;;Auto consumo remoto;2;UFV;Radiação solar;Microgeracao;4,50;;;
2026-08-19;08/2026;15139629000194;COELBA;COMPANHIA DE ELETRICIDADE DO ESTADO DA BAHIA COELBA;RE;Residencial;;B1;29;BA;3;Nordeste;2933307;Vitória da Conquista;45000***;PF;GD.BA.000.001.023;2016-09-22;;Auto consumo remoto;2;UFV;Radiação solar;Microgeracao;1,50;;;
2026-08-19;08/2026;15139629000194;COELBA;COMPANHIA DE ELETRICIDADE DO ESTADO DA BAHIA COELBA;CO;Comercial;;B3;29;BA;3;Nordeste;2919207;Lauro de Freitas;42700000  ;PJ;GD.BA.000.001.024;2016-09-30;;Geracao na propria UC;1;UFV;Radiação solar;Microgeracao;65,00;;;
2026-08-19;08/2026;15139629000194;COELBA;COMPANHIA DE ELETRICIDADE DO ESTADO DA BAHIA COELBA;RE;Residencial;;B1;29;BA;3;Nordeste;2907509;Catu;48110***;PF;GD.BA.000.001.039;2016-09-26;;Geracao na propria UC;1;UFV;Radiação solar;Microgeracao;2,00;;;
2026-08-19;08/2026;15139629000194;COELBA;COMPANHIA DE ELETRICIDADE DO ESTADO DA BAHIA COELBA;CO;Comercial;;B3;29;BA;3;Nordeste;2925303;Porto Seguro;45810***;PF;GD.BA.000.001.042;2016-09-09;;Geracao na propria UC;1;UFV;Radiação solar;Microgeracao;8,00;;;
2026-08-19;08/2026;15139629000194;COELBA;COMPANHIA DE ELETRICIDADE DO ESTADO DA BAHIA COELBA;RE;Residencial;;B1;29;BA;3;Nordeste;2905701;Camaçari;42827***;PF;GD.BA.000.001.051;2016-09-02;;Geracao na propria UC;1;UFV;Radiação solar;Microgeracao;6,25;;;
2026-08-19;08/2026;15139629000194;COELBA;COMPANHIA DE ELETRICIDADE DO ESTADO DA BAHIA COELBA;RE;Residencial;;B1;29;BA;3;Nordeste;2928703;Santo Antônio de Jesus;44572***;PF;GD.BA.000.001.055;2016-09-30;;Geracao na propria UC;1;UFV;Radiação solar;Microgeracao;2,50;;;
2026-08-19;08/2026;15139629000194;COELBA;COMPANHIA DE ELETRICIDADE DO ESTADO DA BAHIA COELBA;RE;Residencial;;B1;29;BA;3;Nordeste;2919207;Lauro de Freitas;42701***;PF;GD.BA.000.001.057;2016-09-14;;Geracao na propria UC;1;UFV;Radiação solar;Microgeracao;9,60;;;
2026-08-19;08/2026;15139629000194;COELBA;COMPANHIA DE ELETRICIDADE DO ESTADO DA BAHIA COELBA;CO;Comercial;;B3;29;BA;3;Nordeste;2905701;Camaçari;42807***;PF;GD.BA.000.001.060;2016-09-12;;Auto consumo remoto;2;UFV;Radiação solar;Microgeracao;2,00;;;
2026-08-19;08/2026;15139629000194;COELBA;COMPANHIA DE ELETRICIDADE DO ESTADO DA BAHIA COELBA;RE;Residencial;;B1;29;BA;3;Nordeste;2916302;Itapebi;45855***;PF;GD.BA.000.001.061;2016-09-09;;Geracao na propria UC;1;UFV;Radiação solar;Microgeracao;4,96;;;
2026-08-19;08/2026;15139629000194;COELBA;COMPANHIA DE ELETRICIDADE DO ESTADO DA BAHIA COELBA;RE;Residencial;;B1;29;BA;3;Nordeste;2921005;Mata de São João;48280***;PF;GD.BA.000.001.062;2016-09-21;;Auto consumo remoto;2;UFV;Radiação solar;Microgeracao;7,20;;;
2026-08-19;08/2026;15139629000194;COELBA;COMPANHIA DE ELETRICIDADE DO ESTADO DA BAHIA COELBA;RE;Residencial;;B1;29;BA;3;Nordeste;2913606;Ilhéus;45674***;PF;GD.BA.000.001.065;2016-09-27;;Geracao na propria UC;1;UFV;Radiação solar;Microgeracao;3,72;;;
2026-08-19;08/2026;15139629000194;COELBA;COMPANHIA DE ELETRICIDADE DO ESTADO DA BAHIA COELBA;RE;Residencial;;B1;29;BA;3;Nordeste;2925303;Porto Seguro;45810***;PF;GD.BA.000.001.067;2016-09-30;;Geracao na propria UC;1;UFV;Radiação solar;Microgeracao;10,00;;;
2026-08-19;08/2026;15139629000194;COELBA;COMPANHIA DE ELETRICIDADE DO ESTADO DA BAHIA COELBA;RE;Residencial;;B1;29;BA;3;Nordeste;2925303;Porto Seguro;45810***;PF;GD.BA.000.001.068;2022-03-23;;Geracao na propria UC;1;UFV;Radiação solar;Microgeracao;11,00;;;
2026-08-19;08/2026;15139629000194;COELBA;COMPANHIA DE ELETRICIDADE DO ESTADO DA BAHIA COELBA;RE;Residencial;;B1;29;BA;3;Nordeste;2928703;Santo Antônio de Jesus;44570***;PF;GD.BA.000.001.069;2016-09-30;;Geracao na propria UC;1;UFV;Radiação solar;Microgeracao;12,20;;;
2026-08-19;08/2026;15139629000194;COELBA;COMPANHIA DE ELETRICIDADE DO ESTADO DA BAHIA COELBA;IN;Industrial;;A4;29;BA;3;Nordeste;2927408;Salvador;41740090  ;PJ;GD.BA.000.001.878;2012-02-03;;Geracao na propria UC;1;UFV;Radiação solar;Minigeracao;403,00;;;
2026-08-19;08/2026;15139629000194;COELBA;COMPANHIA DE ELETRICIDADE DO ESTADO DA BAHIA COELBA;RE;Residencial;;B1;29;BA;3;Nordeste;2914802;Itabuna;45605***;PF;GD.BA.000.001.893;2016-10-18;;Geracao na propria UC;1;UFV;Radiação solar;Microgeracao;2,45;;;
2026-08-19;08/2026;15139629000194;COELBA;COMPANHIA DE ELETRICIDADE DO ESTADO DA BAHIA COELBA;RE;Residencial;;B1;29;BA;3;Nordeste;2905701;Camaçari;42827***;PF;GD.BA.000.001.897;2016-10-28;;Auto consumo remoto;2;UFV;Radiação solar;Microgeracao;6,24;;;
2026-08-19;08/2026;15139629000194;COELBA;COMPANHIA DE ELETRICIDADE DO ESTADO DA BAHIA COELBA;CO;Comercial;;B3;29;BA;3;Nordeste;2925303;Porto Seguro;45810000  ;PJ;GD.BA.000.001.899;2016-10-10;;Geracao na propria UC;1;UFV;Radiação solar;Microgeracao;3,00;;;
2026-08-19;08/2026;15139629000194;COELBA;COMPANHIA DE ELETRICIDADE DO ESTADO DA BAHIA COELBA;RE;Residencial;;B1;29;BA;3;Nordeste;2925303;Porto Seguro;45818***;PF;GD.BA.000.001.902;2016-10-05;;Geracao na propria UC;1;UFV;Radiação solar;Microgeracao;3,00;;;
2026-08-19;08/2026;15139629000194;COELBA;COMPANHIA DE ELETRICIDADE DO ESTADO DA BAHIA COELBA;RE;Residencial;;B1;29;BA;3;Nordeste;2905701;Camaçari;42820***;PF;GD.BA.000.001.916;2014-12-09;;Geracao na propria UC;1;UFV;Radiação solar;Microgeracao;1,20;;;
2026-08-19;08/2026;15139629000194;COELBA;COMPANHIA DE ELETRICIDADE DO ESTADO DA BAHIA COELBA;CO;Comercial;;B3;29;BA;3;Nordeste;2917706;Jaguarari;48960***;PF;GD.BA.000.001.917;2014-07-08;;Geracao na propria UC;1;UFV;Radiação solar;Microgeracao;20,00;NUCLEO PILAR / MINERACAO CARAIBA;-39,89;-9,87
2026-08-19;08/2026;15139629000194;COELBA;COMPANHIA DE ELETRICIDADE DO ESTADO DA BAHIA COELBA;CO;Comercial;;B3;29;BA;3;Nordeste;2918407;Juazeiro;48918***;PF;GD.BA.000.001.918;2014-07-08;;Geracao na propria UC;1;UFV;Radiação solar;Microgeracao;15,00;;;
2026-08-19;08/2026;15139629000194;COELBA;COMPANHIA DE ELETRICIDADE DO ESTADO DA BAHIA COELBA;RE;Residencial;;B3;29;BA;3;Nordeste;2918407;Juazeiro;48918000  ;PJ;GD.BA.000.001.919;2014-09-09;;Geracao na propria UC;1;UFV;Radiação solar;Microgeracao;75,00;SENHOR DO BONFIM;-40,19;-10,45
2026-08-19;08/2026;15139629000194;COELBA;COMPANHIA DE ELETRICIDADE DO ESTADO DA BAHIA COELBA;CO;Comercial;;B3;29;BA;3;Nordeste;2921005;Mata de São João;48280000  ;PJ;GD.BA.000.001.920;2014-06-05;;Geracao na propria UC;1;UFV;Radiação solar;Microgeracao;10,00;;;
2026-08-19;08/2026;15139629000194;COELBA;COMPANHIA DE ELETRICIDADE DO ESTADO DA BAHIA COELBA;RE;Residencial;;B1;29;BA;3;Nordeste;2927408;Salvador;40000***;PF;GD.BA.000.001.922;2014-02-05;;Geracao na propria UC;1;UFV;Radiação solar;Microgeracao;4,40;;;
2026-08-19;08/2026;15139629000194;COELBA;COMPANHIA DE ELETRICIDADE DO ESTADO DA BAHIA COELBA;CO;Comercial;;B3;29;BA;3;Nordeste;2919553;Luís Eduardo Magalhães;47850000  ;PJ;GD.BA.000.001.935;2014-07-22;;Geracao na propria UC;1;UFV;Radiação solar;Microgeracao;15,00;;;
2026-08-19;08/2026;15139629000194;COELBA;COMPANHIA DE ELETRICIDADE DO ESTADO DA BAHIA COELBA;RE;Residencial;;B1;29;BA;3;Nordeste;2919553;Luís Eduardo Magalhães;47850000  ;PJ;GD.BA.000.001.942;2014-07-22;;Geracao na propria UC;1;UFV;Radiação solar;Microgeracao;9,00;;;
2026-08-19;08/2026;15139629000194;COELBA;COMPANHIA DE ELETRICIDADE DO ESTADO DA BAHIA COELBA;RE;Residencial;;B1;29;BA;3;Nordeste;2905701;Camaçari;42840***;PF;GD.BA.000.001.945;2014-10-30;;Auto consumo remoto;3;UFV;Radiação solar;Microgeracao;3,00;;;
2026-08-19;08/2026;15139629000194;COELBA;COMPANHIA DE ELETRICIDADE DO ESTADO DA BAHIA COELBA;CO;Comercial;;B3;29;BA;3;Nordeste;2927408;Salvador;41830020  ;PJ;GD.BA.000.001.946;2015-03-20;;Geracao na propria UC;1;UFV;Radiação solar;Microgeracao;2,94;;;
2026-08-19;08/2026;15139629000194;COELBA;COMPANHIA DE ELETRICIDADE DO ESTADO DA BAHIA COELBA;IN;Industrial;;A4;29;BA;3;Nordeste;2903201;Barreiras;47813010  ;PJ;GD.BA.000.001.948;2014-09-29;;Geracao na propria UC;1;UFV;Radiação solar;Microgeracao;12,00;;;
2026-08-19;08/2026;15139629000194;COELBA;COMPANHIA DE ELETRICIDADE DO ESTADO DA BAHIA COELBA;RE;Residencial;;B1;29;BA;3;Nordeste;2925303;Porto Seguro;45810***;PF;GD.BA.000.001.949;2015-01-13;;Geracao na propria UC;1;UFV;Radiação solar;Microgeracao;12,00;;;
2026-08-19;08/2026;15139629000194;COELBA;COMPANHIA DE ELETRICIDADE DO ESTADO DA BAHIA COELBA;RE;Residencial;;B1;29;BA;3;Nordeste;2919207;Lauro de Freitas;42700***;PF;GD.BA.000.001.950;2014-11-05;;Geracao na propria UC;1;UFV;Radiação solar;Microgeracao;3,00;;;
2026-08-19;08/2026;15139629000194;COELBA;COMPANHIA DE ELETRICIDADE DO ESTADO DA BAHIA COELBA;RE;Residencial;;B1;29;BA;3;Nordeste;2932903;Valença;45400***;PF;GD.BA.000.001.954;2015-01-06;;Geracao na propria UC;1;UFV;Radiação solar;Microgeracao;1,50;;;
2026-08-19;08/2026;07047251000170;ENEL CE;COMPANHIA ENERGETICA DO CEARA;RE;Residencial;;B1;23;CE;3;Nordeste;2304400;Fortaleza;60860130  ;PJ;GD.CE.000.004.119;2015-01-13;;Geracao na propria UC;1;UFV;Radiação solar;Microgeracao;1,20;;;
2026-08-19;08/2026;07047251000170;ENEL CE;COMPANHIA ENERGETICA DO CEARA;RE;Residencial;;B1;23;CE;3;Nordeste;2304400;Fortaleza;60835***;PF;GD.CE.000.004.120;2015-01-26;;Geracao na propria UC;1;UFV;Radiação solar;Microgeracao;5,88;;;
2026-08-19;08/2026;07047251000170;ENEL CE;COMPANHIA ENERGETICA DO CEARA;RE;Residencial;;B1;23;CE;3;Nordeste;2304285;Eusébio;61760***;PF;GD.CE.000.004.280;2022-07-04;;Auto consumo remoto;2;UFV;Radiação solar;Microgeracao;15,00;;;
2026-08-19;08/2026;07047251000170;ENEL CE;COMPANHIA ENERGETICA DO CEARA;RE;Residencial;;B1;23;CE;3;Nordeste;2301109;Aracati;62800***;PF;GD.CE.000.004.281;2015-01-26;;Geracao na propria UC;1;UFV;Radiação solar;Microgeracao;6,00;;;
2026-08-19;08/2026;07047251000170;ENEL CE;COMPANHIA ENERGETICA DO CEARA;RE;Residencial;;B1;23;CE;3;Nordeste;2304285;Eusébio;61760***;PF;GD.CE.000.004.282;2015-01-20;;Geracao na propria UC;1;UFV;Radiação solar;Microgeracao;3,92;;;
2026-08-19;08/2026;07047251000170;ENEL CE;COMPANHIA ENERGETICA DO CEARA;RE;Residencial;;B1;23;CE;3;Nordeste;2304285;Eusébio;61760***;PF;GD.CE.000.004.283;2015-01-20;;Geracao na propria UC;1;UFV;Radiação solar;Microgeracao;7,10;;;
2026-08-19;08/2026;07047251000170;ENEL CE;COMPANHIA ENERGETICA DO CEARA;RE;Residencial;;B1;23;CE;3;Nordeste;2304285;Eusébio;61760***;PF;GD.CE.000.004.285;2015-01-20;;Geracao na propria UC;1;UFV;Radiação solar;Microgeracao;3,92;;;
2026-08-19;08/2026;07047251000170;ENEL CE;COMPANHIA ENERGETICA DO CEARA;RE;Residencial;;B1;23;CE;3;Nordeste;2304400;Fortaleza;60411***;PF;GD.CE.000.004.286;2015-02-06;;Geracao na propria UC;1;UFV;Radiação solar;Microgeracao;2,88;;;
2026-08-19;08/2026;07047251000170;ENEL CE;COMPANHIA ENERGETICA DO CEARA;RE;Residencial;;B1;23;CE;3;Nordeste;2304400;Fortaleza;60181***;PF;GD.CE.000.004.287;2015-02-06;;Geracao na propria UC;1;UFV;Radiação solar;Microgeracao;5,00;;;
2026-08-19;08/2026;07047251000170;ENEL CE;COMPANHIA ENERGETICA DO CEARA;RE;Residencial;;B1;23;CE;3;Nordeste;2301000;Aquiraz;61700***;PF;GD.CE.000.004.288;2015-02-06;;Geracao na propria UC;1;UFV;Radiação solar;Microgeracao;6,00;;;
2026-08-19;08/2026;07047251000170;ENEL CE;COMPANHIA ENERGETICA DO CEARA;IN;Industrial;;B3;23;CE;3;Nordeste;2304400;Fortaleza;60741***;PF;GD.CE.000.004.289;2015-02-06;;Geracao na propria UC;1;UFV;Radiação solar;Microgeracao;11,76;;;
2026-08-19;08/2026;07047251000170;ENEL CE;COMPANHIA ENERGETICA DO CEARA;RE;Residencial;;B1;23;CE;3;Nordeste;2309607;Pacajus;62870***;PF;GD.CE.000.004.290;2015-04-17;;Geracao na propria UC;1;UFV;Radiação solar;Microgeracao;2,45;;;
2026-08-19;08/2026;07047251000170;ENEL CE;COMPANHIA ENERGETICA DO CEARA;IN;Industrial;;B3;23;CE;3;Nordeste;2309607;Pacajus;62870000  ;PJ;GD.CE.000.004.291;2015-04-17;;Geracao na propria UC;1;UFV;Radiação solar;Microgeracao;3,92;;;
2026-08-19;08/2026;07047251000170;ENEL CE;COMPANHIA ENERGETICA DO CEARA;RE;Residencial;;B1;23;CE;3;Nordeste;2303709;Caucaia;61619***;PF;GD.CE.000.004.292;2015-04-16;;Geracao na propria UC;1;UFV;Radiação solar;Microgeracao;2,94;;;
2026-08-19;08/2026;07047251000170;ENEL CE;COMPANHIA ENERGETICA DO CEARA;CO;Comercial;;B3;23;CE;3;Nordeste;2304400;Fortaleza;60135260  ;PJ;GD.CE.000.004.293;2015-04-16;;Geracao na propria UC;1;UFV;Radiação solar;Microgeracao;7,84;;;
2026-08-19;08/2026;07047251000170;ENEL CE;COMPANHIA ENERGETICA DO CEARA;RE;Residencial;;B1;23;CE;3;Nordeste;2304400;Fortaleza;60181***;PF;GD.CE.000.004.295;2023-01-09;;Geracao na propria UC;1;UFV;Radiação solar;Microgeracao;17,50;;;
2026-08-19;08/2026;07047251000170;ENEL CE;COMPANHIA ENERGETICA DO CEARA;RE;Residencial;;B1;23;CE;3;Nordeste;2304400;Fortaleza;60175***;PF;GD.CE.000.004.296;2015-04-15;;Geracao na propria UC;1;UFV;Radiação solar;Microgeracao;5,88;;;
2026-08-19;08/2026;07047251000170;ENEL CE;COMPANHIA ENERGETICA DO CEARA;CO;Comercial;;B3;23;CE;3;Nordeste;2304400;Fortaleza;60175415  ;PJ;GD.CE.000.004.297;2015-04-15;;Geracao na propria UC;1;UFV;Radiação solar;Microgeracao;11,76;;;
2026-08-19;08/2026;07047251000170;ENEL CE;COMPANHIA ENERGETICA DO CEARA;CO;Comercial;;B3;23;CE;3;Nordeste;2311405;Quixeramobim;63800000  ;PJ;GD.CE.000.004.298;2015-05-05;;Geracao na propria UC;1;UFV;Radiação solar;Microgeracao;8,82;;;
2026-08-19;08/2026;07047251000170;ENEL CE;COMPANHIA ENERGETICA DO CEARA;CO;Comercial;;B3;23;CE;3;Nordeste;2304285;Eusébio;61600000  ;PJ;GD.CE.000.004.299;2015-05-12;;Geracao na propria UC;1;EOL;Cinética do vento;Microgeracao;3,30;;;
2026-08-19;08/2026;07047251000170;ENEL CE;COMPANHIA ENERGETICA DO CEARA;RE;Residencial;;B1;23;CE;3;Nordeste;2304285;Eusébio;61760***;PF;GD.CE.000.004.300;2015-05-12;;Geracao na propria UC;1;UFV;Radiação solar;Microgeracao;2,94;;;
2026-08-19;08/2026;07047251000170;ENEL CE;COMPANHIA ENERGETICA DO CEARA;RE;Residencial;;B1;23;CE;3;Nordeste;2304285;Eusébio;61760***;PF;GD.CE.000.004.337;2015-05-12;;Geracao na propria UC;1;UFV;Radiação solar;Microgeracao;4,16;;;
2026-08-19;08/2026;07047251000170;ENEL CE;COMPANHIA ENERGETICA DO CEARA;RE;Residencial;;B1;23;CE;3;Nordeste;2304400;Fortaleza;60822***;PF;GD.CE.000.004.346;2015-05-15;;Geracao na propria UC;1;UFV;Radiação solar;Microgeracao;3,92;;;
2026-08-19;08/2026;07047251000170;ENEL CE;COMPANHIA ENERGETICA DO CEARA;RE;Residencial;;B1;23;CE;3;Nordeste;2304400;Fortaleza;60455300  ;PJ;GD.CE.000.004.349;2015-05-22;;Geracao na propria UC;1;UFV;Radiação solar;Microgeracao;3,12;;;
2026-08-19;08/2026;07047251000170;ENEL CE;COMPANHIA ENERGETICA DO CEARA;CO;Comercial;;B3;23;CE;3;Nordeste;2304400;Fortaleza;60115***;PF;GD.CE.000.004.352;2015-05-21;;Geracao na propria UC;1;UFV;Radiação solar;Microgeracao;11,76;;;
2026-08-19;08/2026;07047251000170;ENEL CE;COMPANHIA ENERGETICA DO CEARA;RE;Residencial;;B1;23;CE;3;Nordeste;2304400;Fortaleza;60183***;PF;GD.CE.000.004.361;2015-06-18;;Geracao na propria UC;1;UFV;Radiação solar;Microgeracao;8,82;;;
2026-08-19;08/2026;07047251000170;ENEL CE;COMPANHIA ENERGETICA DO CEARA;RE;Residencial;;B1;23;CE;3;Nordeste;2304400;Fortaleza;60874***;PF;GD.CE.000.004.364;2015-06-19;;Geracao na propria UC;1;UFV;Radiação solar;Microgeracao;4,41;;;
2026-08-19;08/2026;07047251000170;ENEL CE;COMPANHIA ENERGETICA DO CEARA;RE;Residencial;;B1;23;CE;3;Nordeste;2301000;Aquiraz;61700***;PF;GD.CE.000.004.366;2015-06-18;;Geracao na propria UC;1;UFV;Radiação solar;Microgeracao;3,43;;;
2026-08-19;08/2026;07047251000170;ENEL CE;COMPANHIA ENERGETICA DO CEARA;RE;Residencial;;B1;23;CE;3;Nordeste;2301000;Aquiraz;61700***;PF;GD.CE.000.004.367;2015-06-18;;Geracao na propria UC;1;EOL;Cinética do vento;Microgeracao;1,70;;;
2026-08-19;08/2026;07047251000170;ENEL CE;COMPANHIA ENERGETICA DO CEARA;RE;Residencial;;B1;23;CE;3;Nordeste;2304285;Eusébio;61760***;PF;GD.CE.000.004.369;2015-06-18;;Geracao na propria UC;1;UFV;Radiação solar;Microgeracao;1,47;;;
2026-08-19;08/2026;07047251000170;ENEL CE;COMPANHIA ENERGETICA DO CEARA;CO;Comercial;;B3;23;CE;3;Nordeste;2304400;Fortaleza;60130060  ;PJ;GD.CE.000.004.372;2015-06-16;;Geracao na propria UC;1;UFV;Radiação solar;Microgeracao;6,00;;;
2026-08-19;08/2026;07047251000170;ENEL CE;COMPANHIA ENERGETICA DO CEARA;RE;Residencial;;B1;23;CE;3;Nordeste;2304400;Fortaleza;60822***;PF;GD.CE.000.004.373;2015-06-16;;Geracao na propria UC;1;UFV;Radiação solar;Microgeracao;5,88;;;
2026-08-19;08/2026;07047251000170;ENEL CE;COMPANHIA ENERGETICA DO CEARA;RE;Residencial;;B1;23;CE;3;Nordeste;2313500;Trairi;60000***;PF;GD.CE.000.004.375;2015-06-30;;Geracao na propria UC;1;EOL;Cinética do vento;Microgeracao;1,40;;;
2026-08-19;08/2026;07047251000170;ENEL CE;COMPANHIA ENERGETICA DO CEARA;CO;Comercial;;B3;23;CE;3;Nordeste;2301109;Aracati;62800000  ;PJ;GD.CE.000.004.377;2015-07-01;;Geracao na propria UC;1;UFV;Radiação solar;Microgeracao;2,50;;;
2026-08-19;08/2026;07047251000170;ENEL CE;COMPANHIA ENERGETICA DO CEARA;RE;Residencial;;B1;23;CE;3;Nordeste;2304400;Fortaleza;60521***;PF;GD.CE.000.004.379;2023-01-19;;Geracao na propria UC;1;UFV;Radiação solar;Microgeracao;11,39;;;
2026-08-19;08/2026;07047251000170;ENEL CE;COMPANHIA ENERGETICA DO CEARA;RE;Residencial;;B1;23;CE;3;Nordeste;2304400;Fortaleza;60160090  ;PJ;GD.CE.000.004.382;2015-08-07;;Geracao na propria UC;1;UFV;Radiação solar;Microgeracao;1,23;;;
2026-08-19;08/2026;07047251000170;ENEL CE;COMPANHIA ENERGETICA DO CEARA;RE;Residencial;;B1;23;CE;3;Nordeste;2304285;Eusébio;61760***;PF;GD.CE.000.004.385;2015-08-07;;Geracao na propria UC;1;UFV;Radiação solar;Microgeracao;5,88;;;
2026-08-19;08/2026;07047251000170;ENEL CE;COMPANHIA ENERGETICA DO CEARA;RE;Residencial;;B1;23;CE;3;Nordeste;2304400;Fortaleza;60821***;PF;GD.CE.000.004.388;2022-08-22;;Geracao na propria UC;1;UFV;Radiação solar;Microgeracao;10,00;;;
2026-08-19;08/2026;07047251000170;ENEL CE;COMPANHIA ENERGETICA DO CEARA;RE;Residencial;;B1;23;CE;3;Nordeste;2304400;Fortaleza;60830***;PF;GD.CE.000.004.389;2026-04-06;;Geracao na propria UC;1;UFV;Radiação solar;Microgeracao;15,00;;;
2026-08-19;08/2026;07047251000170;ENEL CE;COMPANHIA ENERGETICA DO CEARA;RE;Residencial;;B1;23;CE;3;Nordeste;2304400;Fortaleza;60442***;PF;GD.CE.000.004.392;2025-03-12;;Geracao na propria UC;1;UFV;Radiação solar;Microgeracao;6,35;;;
2026-08-19;08/2026;07522669000192;Neoenergia Brasília;NEOENERGIA DISTRIBUICAO BRASILIA S.A.;RE;Residencial;;B1;53;DF;1;Centro Oeste;5300108;Brasília;70736***;PF;GD.DF.000.003.005;2015-01-06;;Geracao na propria UC;1;UFV;Radiação solar;Microgeracao;5,52;;;
2026-08-19;08/2026;07522669000192;Neoenergia Brasília;NEOENERGIA DISTRIBUICAO BRASILIA S.A.;RE;Residencial;;B1;53;DF;1;Centro Oeste;5300108;Brasília;71515***;PF;GD.DF.000.003.255;2015-02-03;;Geracao na propria UC;1;UFV;Radiação solar;Microgeracao;8,00;;;
2026-08-19;08/2026;07522669000192;Neoenergia Brasília;NEOENERGIA DISTRIBUICAO BRASILIA S.A.;RE;Residencial;;B1;53;DF;1;Centro Oeste;5300108;Brasília;71505***;PF;GD.DF.000.003.341;2015-05-29;;Geracao na propria UC;1;UFV;Radiação solar;Microgeracao;5,00;;;
2026-08-19;08/2026;07522669000192;Neoenergia Brasília;NEOENERGIA DISTRIBUICAO BRASILIA S.A.;RE;Residencial;;B1;53;DF;1;Centro Oeste;5300108;Brasília;71600***;PF;GD.DF.000.003.342;2015-05-29;;Geracao na propria UC;1;UFV;Radiação solar;Microgeracao;8,50;;;
2026-08-19;08/2026;07522669000192;Neoenergia Brasília;NEOENERGIA DISTRIBUICAO BRASILIA S.A.;RE;Residencial;;B1;53;DF;1;Centro Oeste;5300108;Brasília;71680***;PF;GD.DF.000.003.343;2015-05-05;;Geracao na propria UC;1;UFV;Radiação solar;Microgeracao;4,60;;;
2026-08-19;08/2026;07522669000192;Neoenergia Brasília;NEOENERGIA DISTRIBUICAO BRASILIA S.A.;RE;Residencial;;B1;53;DF;1;Centro Oeste;5300108;Brasília;71515***;PF;GD.DF.000.003.347;2015-06-10;;Geracao na propria UC;1;UFV;Radiação solar;Microgeracao;4,00;;;
2026-08-19;08/2026;07522669000192;Neoenergia Brasília;NEOENERGIA DISTRIBUICAO BRASILIA S.A.;RE;Residencial;;B1;53;DF;1;Centro Oeste;5300108;Brasília;71065***;PF;GD.DF.000.003.348;2015-06-10;;Geracao na propria UC;1;UFV;Radiação solar;Microgeracao;3,00;;;
2026-08-19;08/2026;07522669000192;Neoenergia Brasília;NEOENERGIA DISTRIBUICAO BRASILIA S.A.;RE;Residencial;;B1;53;DF;1;Centro Oeste;5300108;Brasília;71525***;PF;GD.DF.000.003.353;2015-07-24;;Geracao na propria UC;1;UFV;Radiação solar;Microgeracao;8,50;;;
2026-08-19;08/2026;07522669000192;Neoenergia Brasília;NEOENERGIA DISTRIBUICAO BRASILIA S.A.;RE;Residencial;;B1;53;DF;1;Centro Oeste;5300108;Brasília;71520***;PF;GD.DF.000.003.355;2015-08-20;;Geracao na propria UC;1;UFV;Radiação solar;Microgeracao;4,00;;;
2026-08-19;08/2026;07522669000192;Neoenergia Brasília;NEOENERGIA DISTRIBUICAO BRASILIA S.A.;RE;Residencial;;B1;53;DF;1;Centro Oeste;5300108;Brasília;71665***;PF;GD.DF.000.003.358;2015-08-19;;Geracao na propria UC;1;UFV;Radiação solar;Microgeracao;5,00;;;
2026-08-19;08/2026;07522669000192;Neoenergia Brasília;NEOENERGIA DISTRIBUICAO BRASILIA S.A.;RE;Residencial;;B1;53;DF;1;Centro Oeste;5300108;Brasília;71635***;PF;GD.DF.000.003.361;2015-08-05;;Auto consumo remoto;2;UFV;Radiação solar;Microgeracao;6,00;;;
2026-08-19;08/2026;07522669000192;Neoenergia Brasília;NEOENERGIA DISTRIBUICAO BRASILIA S.A.;RE;Residencial;;B1;53;DF;1;Centro Oeste;5300108;Brasília;71530***;PF;GD.DF.000.003.362;2015-08-12;;Geracao na propria UC;1;UFV;Radiação solar;Microgeracao;4,00;;;
2026-08-19;08/2026;07522669000192;Neoenergia Brasília;NEOENERGIA DISTRIBUICAO BRASILIA S.A.;RE;Residencial;;B1;53;DF;1;Centro Oeste;5300108;Brasília;71680***;PF;GD.DF.000.003.363;2015-08-12;;Geracao na propria UC;1;UFV;Radiação solar;Microgeracao;2,00;;;
2026-08-19;08/2026;07522669000192;Neoenergia Brasília;NEOENERGIA DISTRIBUICAO BRASILIA S.A.;RE;Residencial;;B1;53;DF;1;Centro Oeste;5300108;Brasília;71515***;PF;GD.DF.000.003.364;2015-08-26;;Geracao na propria UC;1;UFV;Radiação solar;Microgeracao;3,00;;;
2026-08-19;08/2026;07522669000192;Neoenergia Brasília;NEOENERGIA DISTRIBUICAO BRASILIA S.A.;RE;Residencial;;B1;53;DF;1;Centro Oeste;5300108;Brasília;71525***;PF;GD.DF.000.003.365;2015-08-28;;Geracao na propria UC;1;UFV;Radiação solar;Microgeracao;2,80;;;
2026-08-19;08/2026;07522669000192;Neoenergia Brasília;NEOENERGIA DISTRIBUICAO BRASILIA S.A.;RE;Residencial;;B1;53;DF;1;Centro Oeste;5300108;Brasília;71670***;PF;GD.DF.000.003.367;2015-09-01;;Geracao na propria UC;1;UFV;Radiação solar;Microgeracao;7,14;;;
2026-08-19;08/2026;07522669000192;Neoenergia Brasília;NEOENERGIA DISTRIBUICAO BRASILIA S.A.;CO;Comercial;;B3;53;DF;1;Centro Oeste;5300108;Brasília;71615300  ;PJ;GD.DF.000.003.368;2015-09-10;;Geracao na propria UC;1;UFV;Radiação solar;Microgeracao;7,14;;;
2026-08-19;08/2026;07522669000192;Neoenergia Brasília;NEOENERGIA DISTRIBUICAO BRASILIA S.A.;RE;Residencial;;B1;53;DF;1;Centro Oeste;5300108;Brasília;71630***;PF;GD.DF.000.003.372;2015-12-10;;Geracao na propria UC;1;UFV;Radiação solar;Microgeracao;18,36;;;
2026-08-19;08/2026;07522669000192;Neoenergia Brasília;NEOENERGIA DISTRIBUICAO BRASILIA S.A.;RE;Residencial;;B1;53;DF;1;Centro Oeste;5300108;Brasília;71540***;PF;GD.DF.000.003.373;2015-12-10;;Geracao na propria UC;1;UFV;Radiação solar;Microgeracao;3,00;;;
2026-08-19;08/2026;07522669000192;Neoenergia Brasília;NEOENERGIA DISTRIBUICAO BRASILIA S.A.;RU;Rural;;B2;53;DF;1;Centro Oeste;5300108;Brasília;72428***;PF;GD.DF.000.003.375;2015-12-23;;Geracao na propria UC;1;UFV;Radiação solar;Microgeracao;10,00;;;
2026-08-19;08/2026;07522669000192;Neoenergia Brasília;NEOENERGIA DISTRIBUICAO BRASILIA S.A.;RE;Residencial;;B1;53;DF;1;Centro Oeste;5300108;Brasília;71735***;PF;GD.DF.000.003.376;2015-12-04;;Geracao na propria UC;1;UFV;Radiação solar;Microgeracao;3,00;;;
2026-08-19;08/2026;07522669000192;Neoenergia Brasília;NEOENERGIA DISTRIBUICAO BRASILIA S.A.;RE;Residencial;;B1;53;DF;1;Centro Oeste;5300108;Brasília;71525***;PF;GD.DF.000.003.397;2016-01-08;;Geracao na propria UC;1;UFV;Radiação solar;Microgeracao;10,00;;;
2026-08-19;08/2026;07522669000192;Neoenergia Brasília;NEOENERGIA DISTRIBUICAO BRASILIA S.A.;RE;Residencial;;B1;53;DF;1;Centro Oeste;5300108;Brasília;71680***;PF;GD.DF.000.003.398;2016-01-12;;Geracao na propria UC;1;UFV;Radiação solar;Microgeracao;4,08;;;
2026-08-19;08/2026;07522669000192;Neoenergia Brasília;NEOENERGIA DISTRIBUICAO BRASILIA S.A.;RE;Residencial;;B1;53;DF;1;Centro Oeste;5300108;Brasília;71610***;PF;GD.DF.000.003.400;2016-01-12;;Auto consumo remoto;2;UFV;Radiação solar;Microgeracao;10,00;;;
2026-08-19;08/2026;07522669000192;Neoenergia Brasília;NEOENERGIA DISTRIBUICAO BRASILIA S.A.;RE;Residencial;;B1;53;DF;1;Centro Oeste;5300108;Brasília;71680***;PF;GD.DF.000.003.401;2016-01-19;;Geracao na propria UC;1;UFV;Radiação solar;Microgeracao;5,00;;;
2026-08-19;08/2026;07522669000192;Neoenergia Brasília;NEOENERGIA DISTRIBUICAO BRASILIA S.A.;RE;Residencial;;B1;53;DF;1;Centro Oeste;5300108;Brasília;71615***;PF;GD.DF.000.003.402;2016-01-19;;Geracao na propria UC;1;UFV;Radiação solar;Microgeracao;10,00;;;
2026-08-19;08/2026;07522669000192;Neoenergia Brasília;NEOENERGIA DISTRIBUICAO BRASILIA S.A.;RE;Residencial;;B1;53;DF;1;Centro Oeste;5300108;Brasília;72001***;PF;GD.DF.000.003.403;2026-03-17;;Geracao na propria UC;1;UFV;Radiação solar;Microgeracao;13,50;;;
2026-08-19;08/2026;07522669000192;Neoenergia Brasília;NEOENERGIA DISTRIBUICAO BRASILIA S.A.;RE;Residencial;;B1;53;DF;1;Centro Oeste;5300108;Brasília;72007***;PF;GD.DF.000.003.405;2016-01-30;;Geracao na propria UC;1;UFV;Radiação solar;Microgeracao;3,00;;;
2026-08-19;08/2026;07522669000192;Neoenergia Brasília;NEOENERGIA DISTRIBUICAO BRASILIA S.A.;RE;Residencial;;B1;53;DF;1;Centro Oeste;5300108;Brasília;71680***;PF;GD.DF.000.003.407;2016-02-01;;Geracao na propria UC;1;UFV;Radiação solar;Microgeracao;4,08;;;
2026-08-19;08/2026;07522669000192;Neoenergia Brasília;NEOENERGIA DISTRIBUICAO BRASILIA S.A.;RE;Residencial;;B1;53;DF;1;Centro Oeste;5300108;Brasília;71500***;PF;GD.DF.000.003.410;2016-02-15;;Geracao na propria UC;1;UFV;Radiação solar;Microgeracao;2,50;;;
2026-08-19;08/2026;07522669000192;Neoenergia Brasília;NEOENERGIA DISTRIBUICAO BRASILIA S.A.;RE;Residencial;;B1;53;DF;1;Centro Oeste;5300108;Brasília;72115***;PF;GD.DF.000.003.412;2026-03-17;;Compartilhada;2;UFV;Radiação solar;Microgeracao;6,75;;;
2026-08-19;08/2026;07522669000192;Neoenergia Brasília;NEOENERGIA DISTRIBUICAO BRASILIA S.A.;RE;Residencial;;B1;53;DF;1;Centro Oeste;5300108;Brasília;72725***;PF;GD.DF.000.003.413;2016-02-26;;Geracao na propria UC;1;UFV;Radiação solar;Microgeracao;5,00;;;
2026-08-19;08/2026;07522669000192;Neoenergia Brasília;NEOENERGIA DISTRIBUICAO BRASILIA S.A.;RE;Residencial;;B1;53;DF;1;Centro Oeste;5300108;Brasília;71670***;PF;GD.DF.000.003.414;2016-03-03;;Geracao na propria UC;1;UFV;Radiação solar;Microgeracao;4,08;;;
2026-08-19;08/2026;07522669000192;Neoenergia Brasília;NEOENERGIA DISTRIBUICAO BRASILIA S.A.;RE;Residencial;;B1;53;DF;1;Centro Oeste;5300108;Brasília;73010***;PF;GD.DF.000.003.415;2016-03-15;;Geracao na propria UC;1;UFV;Radiação solar;Microgeracao;1,80;;;
2026-08-19;08/2026;07522669000192;Neoenergia Brasília;NEOENERGIA DISTRIBUICAO BRASILIA S.A.;RE;Residencial;;B1;53;DF;1;Centro Oeste;5300108;Brasília;71625***;PF;GD.DF.000.003.416;2016-03-15;;Geracao na propria UC;1;UFV;Radiação solar;Microgeracao;3,60;;;
2026-08-19;08/2026;07522669000192;Neoenergia Brasília;NEOENERGIA DISTRIBUICAO BRASILIA S.A.;RE;Residencial;;B1;53;DF;1;Centro Oeste;5300108;Brasília;71680***;PF;GD.DF.000.003.418;2016-04-18;;Geracao na propria UC;1;UFV;Radiação solar;Microgeracao;6,00;;;
2026-08-19;08/2026;07522669000192;Neoenergia Brasília;NEOENERGIA DISTRIBUICAO BRASILIA S.A.;RE;Residencial;;B1;53;DF;1;Centro Oeste;5300108;Brasília;71050***;PF;GD.DF.000.003.420;2016-05-03;;Geracao na propria UC;1;UFV;Radiação solar;Microgeracao;2,50;;;
2026-08-19;08/2026;07522669000192;Neoenergia Brasília;NEOENERGIA DISTRIBUICAO BRASILIA S.A.;CO;Comercial;;B3;53;DF;1;Centro Oeste;5300108;Brasília;70680519  ;PJ;GD.DF.000.003.430;2016-05-05;;Geracao na propria UC;1;UFV;Radiação solar;Microgeracao;20,00;;;
2026-08-19;08/2026;07522669000192;Neoenergia Brasília;NEOENERGIA DISTRIBUICAO BRASILIA S.A.;RE;Residencial;;B1;53;DF;1;Centro Oeste;5300108;Brasília;71681***;PF;GD.DF.000.003.473;2016-05-11;;Geracao na propria UC;1;UFV;Radiação solar;Microgeracao;5,00;;;
2026-08-19;08/2026;07522669000192;Neoenergia Brasília;NEOENERGIA DISTRIBUICAO BRASILIA S.A.;RE;Residencial;;B1;53;DF;1;Centro Oeste;5300108;Brasília;71510***;PF;GD.DF.000.003.485;2026-04-22;;Geracao na propria UC;1;UFV;Radiação solar;Microgeracao;29,00;;;
2026-08-19;08/2026;28152650000171;EDP ES;EDP ESPIRITO SANTO DISTRIBUICAO DE ENERGIA S.A.;CO;Comercial;;B3;32;ES;5;Sudeste;3205002;Serra;29160***;PF;GD.ES.000.000.835;2016-09-01;;Auto consumo remoto;2;UFV;Radiação solar;Microgeracao;7,42;;;
2026-08-19;08/2026;28152650000171;EDP ES;EDP ESPIRITO SANTO DISTRIBUICAO DE ENERGIA S.A.;RE;Residencial;;B1;32;ES;5;Sudeste;3200607;Aracruz;29190***;PF;GD.ES.000.000.839;2016-09-01;;Geracao na propria UC;1;UFV;Radiação solar;Microgeracao;3,25;;;
2026-08-19;08/2026;28152650000171;EDP ES;EDP ESPIRITO SANTO DISTRIBUICAO DE ENERGIA S.A.;RE;Residencial;;B1;32;ES;5;Sudeste;3205200;Vila Velha;29128***;PF;GD.ES.000.000.844;2016-09-02;;Geracao na propria UC;1;UFV;Radiação solar;Microgeracao;3,50;;;
2026-08-19;08/2026;28152650000171;EDP ES;EDP ESPIRITO SANTO DISTRIBUICAO DE ENERGIA S.A.;RE;Residencial;;B1;32;ES;5;Sudeste;3201209;Cachoeiro de Itapemirim;29301***;PF;GD.ES.000.000.845;2016-09-13;;Auto consumo remoto;2;UFV;Radiação solar;Microgeracao;6,00;;;
2026-08-19;08/2026;28152650000171;EDP ES;EDP ESPIRITO SANTO DISTRIBUICAO DE ENERGIA S.A.;RU;Rural;;B2;32;ES;5;Sudeste;3204906;São Mateus;29944***;PF;GD.ES.000.000.846;2016-09-14;;Geracao na propria UC;1;UFV;Radiação solar;Microgeracao;2,00;;;
2026-08-19;08/2026;28152650000171;EDP ES;EDP ESPIRITO SANTO DISTRIBUICAO DE ENERGIA S.A.;RE;Residencial;;B1;32;ES;5;Sudeste;3205200;Vila Velha;29128***;PF;GD.ES.000.000.847;2016-09-20;;Geracao na propria UC;1;UFV;Radiação solar;Microgeracao;5,00;;;
2026-08-19;08/2026;28152650000171;EDP ES;EDP ESPIRITO SANTO DISTRIBUICAO DE ENERGIA S.A.;RE;Residencial;;B1;32;ES;5;Sudeste;3201308;Cariacica;29145***;PF;GD.ES.000.000.848;2016-09-26;;Geracao na propria UC;1;UFV;Radiação solar;Microgeracao;2,92;;;
2026-08-19;08/2026;28152650000171;EDP ES;EDP ESPIRITO SANTO DISTRIBUICAO DE ENERGIA S.A.;RE;Residencial;;B1;32;ES;5;Sudeste;3201308;Cariacica;29148***;PF;GD.ES.000.000.849;2016-09-28;;Geracao na propria UC;1;UFV;Radiação solar;Microgeracao;6,00;;;
2026-08-19;08/2026;28152650000171;EDP ES;EDP ESPIRITO SANTO DISTRIBUICAO DE ENERGIA S.A.;CO;Comercial;;B3;32;ES;5;Sudeste;3205002;Serra;29165610  ;PJ;GD.ES.000.000.850;2016-09-30;;Geracao na propria UC;1;UFV;Radiação solar;Microgeracao;8,00;;;
2026-08-19;08/2026;28152650000171;EDP ES;EDP ESPIRITO SANTO DISTRIBUICAO DE ENERGIA S.A.;RE;Residencial;;B1;32;ES;5;Sudeste;3205002;Serra;29163***;PF;GD.ES.000.001.690;2013-12-09;;Auto consumo remoto;2;UFV;Radiação solar;Microgeracao;2,00;;;
2026-08-19;08/2026;28152650000171;EDP ES;EDP ESPIRITO SANTO DISTRIBUICAO DE ENERGIA S.A.;PP;Poder Público;;A4;32;ES;5;Sudeste;3205200;Vila Velha;29101040  ;PJ;GD.ES.000.001.692;2020-02-20;;Geracao na propria UC;1;UFV;Radiação solar;Microgeracao;2,40;;;
2026-08-19;08/2026;28152650000171;EDP ES;EDP ESPIRITO SANTO DISTRIBUICAO DE ENERGIA S.A.;REBR;REBR;;B1;32;ES;5;Sudeste;3205002;Serra;29167***;PF;GD.ES.000.001.695;2014-01-27;;Geracao na propria UC;1;UFV;Radiação solar;Microgeracao;1,50;;;
2026-08-19;08/2026;28152650000171;EDP ES;EDP ESPIRITO SANTO DISTRIBUICAO DE ENERGIA S.A.;RE;Residencial;;B1;32;ES;5;Sudeste;3205309;Vitória;29060***;PF;GD.ES.000.001.697;2014-08-27;;Auto consumo remoto;2;UFV;Radiação solar;Microgeracao;6,00;;;
2026-08-19;08/2026;28152650000171;EDP ES;EDP ESPIRITO SANTO DISTRIBUICAO DE ENERGIA S.A.;RE;Residencial;;B1;32;ES;5;Sudeste;3205309;Vitória;29057***;PF;GD.ES.000.001.699;2014-10-06;;Geracao na propria UC;1;UFV;Radiação solar;Microgeracao;20,20;;;
2026-08-19;08/2026;28152650000171;EDP ES;EDP ESPIRITO SANTO DISTRIBUICAO DE ENERGIA S.A.;CO;Comercial;;B3;32;ES;5;Sudeste;3205309;Vitória;29092170  ;PJ;GD.ES.000.001.700;2014-10-10;;Geracao na propria UC;1;UFV;Radiação solar;Microgeracao;2,00;;;
2026-08-19;08/2026;28152650000171;EDP ES;EDP ESPIRITO SANTO DISTRIBUICAO DE ENERGIA S.A.;RE;Residencial;;B1;32;ES;5;Sudeste;3204500;Santa Leopoldina;29640***;PF;GD.ES.000.001.701;2014-11-28;;Geracao na propria UC;1;UFV;Radiação solar;Microgeracao;3,36;;;
2026-08-19;08/2026;28152650000171;EDP ES;EDP ESPIRITO SANTO DISTRIBUICAO DE ENERGIA S.A.;CO;Comercial;;B3;32;ES;5;Sudeste;3205200;Vila Velha;29111300  ;PJ;GD.ES.000.001.702;2014-12-04;;Auto consumo remoto;2;UFV;Radiação solar;Microgeracao;2,00;;;
2026-08-19;08/2026;28152650000171;EDP ES;EDP ESPIRITO SANTO DISTRIBUICAO DE ENERGIA S.A.;RE;Residencial;;B1;32;ES;5;Sudeste;3200607;Aracruz;29198***;PF;GD.ES.000.001.707;2014-12-02;;Geracao na propria UC;1;UFV;Radiação solar;Microgeracao;1,50;;;
2026-08-19;08/2026;28152650000171;EDP ES;EDP ESPIRITO SANTO DISTRIBUICAO DE ENERGIA S.A.;RE;Residencial;;B1;32;ES;5;Sudeste;3200706;Atilio Vivacqua;29490***;PF;GD.ES.000.001.708;2014-12-18;;Auto consumo remoto;2;UFV;Radiação solar;Microgeracao;9,00;;;
2026-08-19;08/2026;28152650000171;EDP ES;EDP ESPIRITO SANTO DISTRIBUICAO DE ENERGIA S.A.;RE;Residencial;;B1;32;ES;5;Sudeste;3205309;Vitória;29042***;PF;GD.ES.000.001.753;2015-05-04;;Geracao na propria UC;1;UFV;Radiação solar;Microgeracao;3,50;;;
2026-08-19;08/2026;28152650000171;EDP ES;EDP ESPIRITO SANTO DISTRIBUICAO DE ENERGIA S.A.;CO;Comercial;;B3;32;ES;5;Sudeste;3205309;Vitória;29090230  ;PJ;GD.ES.000.001.755;2015-06-30;;Auto consumo remoto;3;UFV;Radiação solar;Microgeracao;12,24;;;
2026-08-19;08/2026;28152650000171;EDP ES;EDP ESPIRITO SANTO DISTRIBUICAO DE ENERGIA S.A.;RE;Residencial;;B1;32;ES;5;Sudeste;3201209;Cachoeiro de Itapemirim;29304***;PF;GD.ES.000.001.756;2015-08-14;;Auto consumo remoto;2;UFV;Radiação solar;Microgeracao;2,50;;;
2026-08-19;08/2026;28152650000171;EDP ES;EDP ESPIRITO SANTO DISTRIBUICAO DE ENERGIA S.A.;RE;Residencial;;B1;32;ES;5;Sudeste;3205002;Serra;29166***;PF;GD.ES.000.001.757;2015-09-21;;Geracao na propria UC;1;UFV;Radiação solar;Microgeracao;3,00;;;
2026-08-19;08/2026;28152650000171;EDP ES;EDP ESPIRITO SANTO DISTRIBUICAO DE ENERGIA S.A.;RE;Residencial;;B1;32;ES;5;Sudeste;3205200;Vila Velha;29124***;PF;GD.ES.000.001.909;2016-10-24;;Auto consumo remoto;2;UFV;Radiação solar;Microgeracao;6,00;;;
2026-08-19;08/2026;28152650000171;EDP ES;EDP ESPIRITO SANTO DISTRIBUICAO DE ENERGIA S.A.;RE;Residencial;;B1;32;ES;5;Sudeste;3205309;Vitória;29065***;PF;GD.ES.000.001.911;2016-10-04;;Geracao na propria UC;1;UFV;Radiação solar;Microgeracao;4,96;;;
2026-08-19;08/2026;28152650000171;EDP ES;EDP ESPIRITO SANTO DISTRIBUICAO DE ENERGIA S.A.;RE;Residencial;;B1;32;ES;5;Sudeste;3204906;São Mateus;29946***;PF;GD.ES.000.001.912;2016-10-19;;Geracao na propria UC;1;UFV;Radiação solar;Microgeracao;1,60;;;
2026-08-19;08/2026;28152650000171;EDP ES;EDP ESPIRITO SANTO DISTRIBUICAO DE ENERGIA S.A.;RE;Residencial;;B1;32;ES;5;Sudeste;3205002;Serra;29173***;PF;GD.ES.000.001.914;2016-10-13;;Geracao na propria UC;1;UFV;Radiação solar;Microgeracao;2,55;;;
2026-08-19;08/2026;28152650000171;EDP ES;EDP ESPIRITO SANTO DISTRIBUICAO DE ENERGIA S.A.;RE;Residencial;;B1;32;ES;5;Sudeste;3201308;Cariacica;29140***;PF;GD.ES.000.001.924;2016-10-24;;Geracao na propria UC;1;UFV;Radiação solar;Microgeracao;2,00;;;
2026-08-19;08/2026;28152650000171;EDP ES;EDP ESPIRITO SANTO DISTRIBUICAO DE ENERGIA S.A.;RE;Residencial;;B1;32;ES;5;Sudeste;3205069;Venda Nova do Imigrante;29375***;PF;GD.ES.000.002.015;2016-10-26;;Auto consumo remoto;2;UFV;Radiação solar;Microgeracao;20,00;;;
2026-08-19;08/2026;28152650000171;EDP ES;EDP ESPIRITO SANTO DISTRIBUICAO DE ENERGIA S.A.;RE;Residencial;;B1;32;ES;5;Sudeste;3200201;Alegre;29500***;PF;GD.ES.000.002.016;2016-10-26;;Auto consumo remoto;2;UFV;Radiação solar;Microgeracao;2,25;;;
2026-08-19;08/2026;28152650000171;EDP ES;EDP ESPIRITO SANTO DISTRIBUICAO DE ENERGIA S.A.;CO;Comercial;;B3;32;ES;5;Sudeste;3204906;São Mateus;29930240  ;PJ;GD.ES.000.002.018;2016-10-31;;Geracao na propria UC;1;UFV;Radiação solar;Microgeracao;36,00;;;
2026-08-19;08/2026;27485069000109;ELFSM;EMPRESA LUZ E FORCA SANTA MARIA S A;RE;Residencial;;B1;32;ES;5;Sudeste;3201506;Colatina;29701***;PF;GD.ES.000.002.044;2016-09-29;;Auto consumo remoto;2;UFV;Radiação solar;Microgeracao;5,20;;;
2026-08-19;08/2026;28152650000171;EDP ES;EDP ESPIRITO SANTO DISTRIBUICAO DE ENERGIA S.A.;RE;Residencial;;B1;32;ES;5;Sudeste;3205309;Vitória;29042***;PF;GD.ES.000.002.045;2016-10-04;;Geracao na propria UC;1;UFV;Radiação solar;Microgeracao;2,50;;;
2026-08-19;08/2026;27485069000109;ELFSM;EMPRESA LUZ E FORCA SANTA MARIA S A;RE;Residencial;;B1;32;ES;5;Sudeste;3201506;Colatina;29700***;PF;GD.ES.000.002.050;2016-10-24;;Geracao na propria UC;1;UFV;Radiação solar;Microgeracao;2,65;;;
2026-08-19;08/2026;27485069000109;ELFSM;EMPRESA LUZ E FORCA SANTA MARIA S A;RE;Residencial;;B1;32;ES;5;Sudeste;3201506;Colatina;29703***;PF;GD.ES.000.002.052;2016-11-07;;Geracao na propria UC;1;UFV;Radiação solar;Microgeracao;2,08;;;
2026-08-19;08/2026;27485069000109;ELFSM;EMPRESA LUZ E FORCA SANTA MARIA S A;RE;Residencial;;B1;32;ES;5;Sudeste;3201506;Colatina;29707***;PF;GD.ES.000.002.056;2016-10-27;;Geracao na propria UC;1;UFV;Radiação solar;Microgeracao;12,50;;;
2026-08-19;08/2026;27485069000109;ELFSM;EMPRESA LUZ E FORCA SANTA MARIA S A;RE;Residencial;;B1;32;ES;5;Sudeste;3201506;Colatina;29704***;PF;GD.ES.000.002.057;2016-10-27;;Geracao na propria UC;1;UFV;Radiação solar;Microgeracao;2,50;;;
2026-08-19;08/2026;27485069000109;ELFSM;EMPRESA LUZ E FORCA SANTA MARIA S A;RE;Residencial;;B1;32;ES;5;Sudeste;3201506;Colatina;29700***;PF;GD.ES.000.002.086;2016-04-01;;Geracao na propria UC;1;UFV;Radiação solar;Microgeracao;10,05;;;
2026-08-19;08/2026;27485069000109;ELFSM;EMPRESA LUZ E FORCA SANTA MARIA S A;RE;Residencial;;B1;32;ES;5;Sudeste;3201506;Colatina;29705***;PF;GD.ES.000.002.088;2016-04-20;;Auto consumo remoto;3;UFV;Radiação solar;Microgeracao;7,00;;;
2026-08-19;08/2026;27485069000109;ELFSM;EMPRESA LUZ E FORCA SANTA MARIA S A;RE;Residencial;;B1;32;ES;5;Sudeste;3201506;Colatina;29700***;PF;GD.ES.000.002.090;2016-04-01;;Geracao na propria UC;1;UFV;Radiação solar;Microgeracao;9,75;;;
2026-08-19;08/2026;01543032000104;EQUATORIAL GO;EQUATORIAL GOIAS DISTRIBUIDORA DE ENERGIA S/A;RE;Residencial;;B1;52;GO;1;Centro Oeste;5211503;Itumbiara;75524***;PF;GD.GO.000.000.828;2016-09-14;;Geracao na propria UC;1;UFV;Radiação solar;Microgeracao;3,30;;;
2026-08-19;08/2026;01543032000104;EQUATORIAL GO;EQUATORIAL GOIAS DISTRIBUIDORA DE ENERGIA S/A;RE;Residencial;;B1;52;GO;1;Centro Oeste;5211503;Itumbiara;75500***;PF;GD.GO.000.000.832;2016-09-14;;Geracao na propria UC;1;UFV;Radiação solar;Microgeracao;3,60;;;
2026-08-19;08/2026;01543032000104;EQUATORIAL GO;EQUATORIAL GOIAS DISTRIBUIDORA DE ENERGIA S/A;RE;Residencial;;B1;52;GO;1;Centro Oeste;5211503;Itumbiara;75524***;PF;GD.GO.000.000.841;2016-09-14;;Geracao na propria UC;1;UFV;Radiação solar;Microgeracao;5,00;;;
2026-08-19;08/2026;01543032000104;EQUATORIAL GO;EQUATORIAL GOIAS DISTRIBUIDORA DE ENERGIA S/A;RE;Residencial;;B1;52;GO;1;Centro Oeste;5201108;Anápolis;75080***;PF;GD.GO.000.000.947;2016-09-20;;Geracao na propria UC;1;UFV;Radiação solar;Microgeracao;1,50;;;
2026-08-19;08/2026;01543032000104;EQUATORIAL GO;EQUATORIAL GOIAS DISTRIBUIDORA DE ENERGIA S/A;RE;Residencial;;B1;52;GO;1;Centro Oeste;5201108;Anápolis;75093***;PF;GD.GO.000.000.949;2016-09-20;;Geracao na propria UC;1;UFV;Radiação solar;Microgeracao;1,25;;;
2026-08-19;08/2026;01543032000104;EQUATORIAL GO;EQUATORIAL GOIAS DISTRIBUIDORA DE ENERGIA S/A;RE;Residencial;;B1;52;GO;1;Centro Oeste;5217708;Pontalina;75620***;PF;GD.GO.000.000.952;2019-05-21;;Geracao na propria UC;1;UFV;Radiação solar;Microgeracao;9,00;;;
2026-08-19;08/2026;01543032000104;EQUATORIAL GO;EQUATORIAL GOIAS DISTRIBUIDORA DE ENERGIA S/A;RE;Residencial;;B1;52;GO;1;Centro Oeste;5208707;Goiânia;74503***;PF;GD.GO.000.001.032;2016-09-17;;Geracao na propria UC;1;UFV;Radiação solar;Microgeracao;4,00;;;
2026-08-19;08/2026;01543032000104;EQUATORIAL GO;EQUATORIAL GOIAS DISTRIBUIDORA DE ENERGIA S/A;RE;Residencial;;B1;52;GO;1;Centro Oeste;5208707;Goiânia;74885***;PF;GD.GO.000.001.034;2022-11-23;;Geracao na propria UC;1;UFV;Radiação solar;Microgeracao;4,50;;;
2026-08-19;08/2026;01543032000104;EQUATORIAL GO;EQUATORIAL GOIAS DISTRIBUIDORA DE ENERGIA S/A;RE;Residencial;;B1;52;GO;1;Centro Oeste;5208707;Goiânia;74655***;PF;GD.GO.000.001.037;2016-09-09;;Geracao na propria UC;1;UFV;Radiação solar;Microgeracao;1,56;;;
2026-08-19;08/2026;01543032000104;EQUATORIAL GO;EQUATORIAL GOIAS DISTRIBUIDORA DE ENERGIA S/A;RE;Residencial;;B1;52;GO;1;Centro Oeste;5208707;Goiânia;74884***;PF;GD.GO.000.001.040;2016-09-22;;Geracao na propria UC;1;UFV;Radiação solar;Microgeracao;8,40;;;
2026-08-19;08/2026;01543032000104;EQUATORIAL GO;EQUATORIAL GOIAS DISTRIBUIDORA DE ENERGIA S/A;RE;Residencial;;B1;52;GO;1;Centro Oeste;5208707;Goiânia;74680***;PF;GD.GO.000.001.043;2016-09-12;;Geracao na propria UC;1;UFV;Radiação solar;Microgeracao;3,12;;;
2026-08-19;08/2026;01543032000104;EQUATORIAL GO;EQUATORIAL GOIAS DISTRIBUIDORA DE ENERGIA S/A;RE;Residencial;;B1;52;GO;1;Centro Oeste;5208707;Goiânia;74.27***;PF;GD.GO.000.001.133;2016-09-13;;Geracao na propria UC;1;UFV;Radiação solar;Microgeracao;5,00;;;
2026-08-19;08/2026;01543032000104;EQUATORIAL GO;EQUATORIAL GOIAS DISTRIBUIDORA DE ENERGIA S/A;RE;Residencial;;B1;52;GO;1;Centro Oeste;5208707;Goiânia;74.36***;PF;GD.GO.000.001.135;2016-09-09;;Geracao na propria UC;1;UFV;Radiação solar;Microgeracao;2,00;;;
2026-08-19;08/2026;01543032000104;EQUATORIAL GO;EQUATORIAL GOIAS DISTRIBUIDORA DE ENERGIA S/A;RE;Residencial;;B1;52;GO;1;Centro Oeste;5208707;Goiânia;74680***;PF;GD.GO.000.001.136;2016-09-14;;Geracao na propria UC;1;UFV;Radiação solar;Microgeracao;3,00;;;
2026-08-19;08/2026;01543032000104;EQUATORIAL GO;EQUATORIAL GOIAS DISTRIBUIDORA DE ENERGIA S/A;RE;Residencial;;B1;52;GO;1;Centro Oeste;5220207;São Miguel do Araguaia;76.59***;PF;GD.GO.000.001.138;2016-09-20;;Geracao na propria UC;1;UFV;Radiação solar;Microgeracao;5,00;;;
2026-08-19;08/2026;01543032000104;EQUATORIAL GO;EQUATORIAL GOIAS DISTRIBUIDORA DE ENERGIA S/A;RE;Residencial;;B1;52;GO;1;Centro Oeste;5208707;Goiânia;74.00***;PF;GD.GO.000.001.140;2016-09-28;;Geracao na propria UC;1;UFV;Radiação solar;Microgeracao;9,20;;;
2026-08-19;08/2026;01543032000104;EQUATORIAL GO;EQUATORIAL GOIAS DISTRIBUIDORA DE ENERGIA S/A;RE;Residencial;;B1;52;GO;1;Centro Oeste;5208707;Goiânia;74.35***;PF;GD.GO.000.001.141;2016-09-27;;Geracao na propria UC;1;UFV;Radiação solar;Microgeracao;10,00;;;
2026-08-19;08/2026;01543032000104;EQUATORIAL GO;EQUATORIAL GOIAS DISTRIBUIDORA DE ENERGIA S/A;CO;Comercial;;A3a;52;GO;1;Centro Oeste;5211909;Jataí;75800***;PF;GD.GO.000.001.288;2016-09-29;;Geracao na propria UC;1;UFV;Radiação solar;Minigeracao;198,00;;;
2026-08-19;08/2026;01543032000104;EQUATORIAL GO;EQUATORIAL GOIAS DISTRIBUIDORA DE ENERGIA S/A;PP;Poder Público;;A4;52;GO;1;Centro Oeste;5208707;Goiânia;74255240  ;PJ;GD.GO.000.001.290;2020-03-18;;Geracao na propria UC;1;UFV;Radiação solar;Microgeracao;52,50;;;
2026-08-19;08/2026;01543032000104;EQUATORIAL GO;EQUATORIAL GOIAS DISTRIBUIDORA DE ENERGIA S/A;RE;Residencial;;B1;52;GO;1;Centro Oeste;5219308;Santa Helena de Goiás;75920***;PF;GD.GO.000.001.291;2016-09-29;;Geracao na propria UC;1;UFV;Radiação solar;Microgeracao;7,00;;;
2026-08-19;08/2026;01543032000104;EQUATORIAL GO;EQUATORIAL GOIAS DISTRIBUIDORA DE ENERGIA S/A;RE;Residencial;;B1;52;GO;1;Centro Oeste;5211503;Itumbiara;75524***;PF;GD.GO.000.001.292;2016-09-23;;Geracao na propria UC;1;UFV;Radiação solar;Microgeracao;4,16;;;
2026-08-19;08/2026;01543032000104;EQUATORIAL GO;EQUATORIAL GOIAS DISTRIBUIDORA DE ENERGIA S/A;RE;Residencial;;B1;52;GO;1;Centro Oeste;5208707;Goiânia;74330***;PF;GD.GO.000.001.293;2016-09-16;;Geracao na propria UC;1;UFV;Radiação solar;Microgeracao;2,60;;;
2026-08-19;08/2026;01543032000104;EQUATORIAL GO;EQUATORIAL GOIAS DISTRIBUIDORA DE ENERGIA S/A;RE;Residencial;;B1;52;GO;1;Centro Oeste;5208707;Goiânia;74000***;PF;GD.GO.000.001.295;2022-07-18;;Geracao na propria UC;1;UFV;Radiação solar;Microgeracao;6,00;;;
2026-08-19;08/2026;01543032000104;EQUATORIAL GO;EQUATORIAL GOIAS DISTRIBUIDORA DE ENERGIA S/A;RE;Residencial;;B1;52;GO;1;Centro Oeste;5205109;Catalão;75709***;PF;GD.GO.000.001.296;2016-09-30;;Geracao na propria UC;1;UFV;Radiação solar;Microgeracao;2,08;;;
2026-08-19;08/2026;01543032000104;EQUATORIAL GO;EQUATORIAL GOIAS DISTRIBUIDORA DE ENERGIA S/A;RE;Residencial;;B1;52;GO;1;Centro Oeste;5205109;Catalão;75.70***;PF;GD.GO.000.001.341;2023-04-06;;Geracao na propria UC;1;UFV;Radiação solar;Microgeracao;9,60;;;
2026-08-19;08/2026;01543032000104;EQUATORIAL GO;EQUATORIAL GOIAS DISTRIBUIDORA DE ENERGIA S/A;RE;Residencial;;B1;52;GO;1;Centro Oeste;5208707;Goiânia;74350***;PF;GD.GO.000.001.343;2016-09-06;;Geracao na propria UC;1;UFV;Radiação solar;Microgeracao;1,50;;;
2026-08-19;08/2026;01543032000104;EQUATORIAL GO;EQUATORIAL GOIAS DISTRIBUIDORA DE ENERGIA S/A;RE;Residencial;;B1;52;GO;1;Centro Oeste;5208707;Goiânia;74.35***;PF;GD.GO.000.001.345;2016-09-28;;Geracao na propria UC;1;UFV;Radiação solar;Microgeracao;3,00;;;
2026-08-19;08/2026;01543032000104;EQUATORIAL GO;EQUATORIAL GOIAS DISTRIBUIDORA DE ENERGIA S/A;RE;Residencial;;B1;52;GO;1;Centro Oeste;5208707;Goiânia;74820***;PF;GD.GO.000.001.346;2020-01-10;;Geracao na propria UC;1;UFV;Radiação solar;Microgeracao;3,00;;;
2026-08-19;08/2026;01543032000104;EQUATORIAL GO;EQUATORIAL GOIAS DISTRIBUIDORA DE ENERGIA S/A;RE;Residencial;;B1;52;GO;1;Centro Oeste;5208707;Goiânia;74680***;PF;GD.GO.000.001.348;2016-10-03;;Geracao na propria UC;1;UFV;Radiação solar;Microgeracao;7,50;;;
2026-08-19;08/2026;01543032000104;EQUATORIAL GO;EQUATORIAL GOIAS DISTRIBUIDORA DE ENERGIA S/A;CO;Comercial;;B3;52;GO;1;Centro Oeste;5205109;Catalão;75.70***;PF;GD.GO.000.001.350;2016-09-30;;Geracao na propria UC;1;UFV;Radiação solar;Microgeracao;6,00;;;
2026-08-19;08/2026;01543032000104;EQUATORIAL GO;EQUATORIAL GOIAS DISTRIBUIDORA DE ENERGIA S/A;CO;Comercial;;B3;52;GO;1;Centro Oeste;5208707;Goiânia;74.78080  ;PJ;GD.GO.000.001.498;2016-09-29;;Geracao na propria UC;1;UFV;Radiação solar;Microgeracao;,50;;;
2026-08-19;08/2026;01543032000104;EQUATORIAL GO;EQUATORIAL GOIAS DISTRIBUIDORA DE ENERGIA S/A;RE;Residencial;;B1;52;GO;1;Centro Oeste;5201405;Aparecida de Goiânia;74922***;PF;GD.GO.000.001.502;2016-07-13;;Geracao na propria UC;1;UFV;Radiação solar;Microgeracao;1,83;;;
2026-08-19;08/2026;01543032000104;EQUATORIAL GO;EQUATORIAL GOIAS DISTRIBUIDORA DE ENERGIA S/A;CO;Comercial;;A4;52;GO;1;Centro Oeste;5209705;Hidrolândia;75340000  ;PJ;GD.GO.000.001.503;2016-07-21;;Geracao na propria UC;1;UFV;Radiação solar;Minigeracao;351,00;;;
2026-08-19;08/2026;01543032000104;EQUATORIAL GO;EQUATORIAL GOIAS DISTRIBUIDORA DE ENERGIA S/A;RE;Residencial;;B1;52;GO;1;Centro Oeste;5211503;Itumbiara;75523***;PF;GD.GO.000.001.504;2016-06-15;;Geracao na propria UC;1;UFV;Radiação solar;Microgeracao;2,04;;;
2026-08-19;08/2026;01543032000104;EQUATORIAL GO;EQUATORIAL GOIAS DISTRIBUIDORA DE ENERGIA S/A;CO;Comercial;;A4;52;GO;1;Centro Oeste;5208707;Goiânia;74.84301  ;PJ;GD.GO.000.001.506;2016-06-29;;Geracao na propria UC;1;UFV;Radiação solar;Microgeracao;37,60;;;
2026-08-19;08/2026;01543032000104;EQUATORIAL GO;EQUATORIAL GOIAS DISTRIBUIDORA DE ENERGIA S/A;RE;Residencial;;B1;52;GO;1;Centro Oeste;5208707;Goiânia;74275***;PF;GD.GO.000.001.508;2016-06-30;;Geracao na propria UC;1;UFV;Radiação solar;Microgeracao;2,50;;;
2026-08-19;08/2026;01543032000104;EQUATORIAL GO;EQUATORIAL GOIAS DISTRIBUIDORA DE ENERGIA S/A;RE;Residencial;;B1;52;GO;1;Centro Oeste;5208707;Goiânia;75881***;PF;GD.GO.000.001.747;2024-05-10;;Geracao na propria UC;1;UFV;Radiação solar;Microgeracao;20,22;;;
2026-08-19;08/2026;01543032000104;EQUATORIAL GO;EQUATORIAL GOIAS DISTRIBUIDORA DE ENERGIA S/A;RE;Residencial;;B1;52;GO;1;Centro Oeste;5208707;Goiânia;74000***;PF;GD.GO.000.001.749;2016-09-16;;Geracao na propria UC;1;UFV;Radiação solar;Microgeracao;5,00;;;
2026-08-19;08/2026;01543032000104;EQUATORIAL GO;EQUATORIAL GOIAS DISTRIBUIDORA DE ENERGIA S/A;RE;Residencial;;B1;52;GO;1;Centro Oeste;5208707;Goiânia;74255***;PF;GD.GO.000.001.751;2016-09-05;;Geracao na propria UC;1;UFV;Radiação solar;Microgeracao;3,00;;;
2026-08-19;08/2026;01543032000104;EQUATORIAL GO;EQUATORIAL GOIAS DISTRIBUIDORA DE ENERGIA S/A;RE;Residencial;;B1;52;GO;1;Centro Oeste;5201108;Anápolis;75.06***;PF;GD.GO.000.001.836;2016-10-03;;Geracao na propria UC;1;UFV;Radiação solar;Microgeracao;1,68;;;
2026-08-19;08/2026;06272793000184;EQUATORIAL MA;EQUATORIAL MARANHAO DISTRIBUIDORA DE ENERGIA S.A;CO;Comercial;;B3;21;MA;3;Nordeste;2101400;Balsas;65800000  ;PJ;GD.MA.000.001.044;2016-09-03;;Geracao na propria UC;1;UFV;Radiação solar;Microgeracao;32,50;;;
2026-08-19;08/2026;06272793000184;EQUATORIAL MA;EQUATORIAL MARANHAO DISTRIBUIDORA DE ENERGIA S.A;CO;Comercial;;B3;21;MA;3;Nordeste;2105302;Imperatriz;65916095  ;PJ;GD.MA.000.001.053;2016-09-15;;Geracao na propria UC;1;UFV;Radiação solar;Microgeracao;2,00;;;
2026-08-19;08/2026;06272793000184;EQUATORIAL MA;EQUATORIAL MARANHAO DISTRIBUIDORA DE ENERGIA S.A;RE;Residencial;;B1;21;MA;3;Nordeste;2105302;Imperatriz;65919***;PF;GD.MA.000.001.056;2024-02-07;;Geracao na propria UC;1;UFV;Radiação solar;Microgeracao;10,00;;;
2026-08-19;08/2026;06272793000184;EQUATORIAL MA;EQUATORIAL MARANHAO DISTRIBUIDORA DE ENERGIA S.A;CO;Comercial;;B3;21;MA;3;Nordeste;2111201;São José de Ribamar;65110***;PF;GD.MA.000.005.904;2015-01-29;;Geracao na propria UC;1;UFV;Radiação solar;Microgeracao;3,00;;;
2026-08-19;08/2026;06272793000184;EQUATORIAL MA;EQUATORIAL MARANHAO DISTRIBUIDORA DE ENERGIA S.A;IN;Industrial;;B3;21;MA;3;Nordeste;2111300;São Luís;65071390  ;PJ;GD.MA.000.005.907;2015-02-02;;Geracao na propria UC;1;UFV;Radiação solar;Microgeracao;4,00;;;
2026-08-19;08/2026;06272793000184;EQUATORIAL MA;EQUATORIAL MARANHAO DISTRIBUIDORA DE ENERGIA S.A;RE;Residencial;;B1;21;MA;3;Nordeste;2111201;São José de Ribamar;65110***;PF;GD.MA.000.006.074;2015-03-10;;Geracao na propria UC;1;UFV;Radiação solar;Microgeracao;3,70;;;
2026-08-19;08/2026;06272793000184;EQUATORIAL MA;EQUATORIAL MARANHAO DISTRIBUIDORA DE ENERGIA S.A;RE;Residencial;;B1;21;MA;3;Nordeste;2109452;Raposa;65138***;PF;GD.MA.000.006.075;2015-01-08;;Geracao na propria UC;1;UFV;Radiação solar;Microgeracao;2,00;;;
2026-08-19;08/2026;06272793000184;EQUATORIAL MA;EQUATORIAL MARANHAO DISTRIBUIDORA DE ENERGIA S.A;RE;Residencial;;B1;21;MA;3;Nordeste;2111300;São Luís;65068***;PF;GD.MA.000.006.077;2015-03-10;;Geracao na propria UC;1;UFV;Radiação solar;Microgeracao;2,00;;;
2026-08-19;08/2026;06272793000184;EQUATORIAL MA;EQUATORIAL MARANHAO DISTRIBUIDORA DE ENERGIA S.A;RE;Residencial;;B1;21;MA;3;Nordeste;2112209;Timon;65630***;PF;GD.MA.000.006.082;2015-03-05;;Geracao na propria UC;1;UFV;Radiação solar;Microgeracao;3,68;;;
2026-08-19;08/2026;06272793000184;EQUATORIAL MA;EQUATORIAL MARANHAO DISTRIBUIDORA DE ENERGIA S.A;IN;Industrial;;A4;21;MA;3;Nordeste;2106755;Miranda do Norte;65495000  ;PJ;GD.MA.000.006.086;2015-02-06;;Geracao na propria UC;1;UFV;Radiação solar;Minigeracao;182,70;;;
2026-08-19;08/2026;06272793000184;EQUATORIAL MA;EQUATORIAL MARANHAO DISTRIBUIDORA DE ENERGIA S.A;RE;Residencial;;B1;21;MA;3;Nordeste;2107506;Paço do Lumiar;65137***;PF;GD.MA.000.006.088;2015-04-23;;Geracao na propria UC;1;UFV;Radiação solar;Microgeracao;6,60;;;
2026-08-19;08/2026;06272793000184;EQUATORIAL MA;EQUATORIAL MARANHAO DISTRIBUIDORA DE ENERGIA S.A;RE;Residencial;;B1;21;MA;3;Nordeste;2111300;São Luís;65072***;PF;GD.MA.000.006.090;2015-02-03;;Geracao na propria UC;1;UFV;Radiação solar;Microgeracao;2,00;;;
2026-08-19;08/2026;06272793000184;EQUATORIAL MA;EQUATORIAL MARANHAO DISTRIBUIDORA DE ENERGIA S.A;RE;Residencial;;B1;21;MA;3;Nordeste;2111300;São Luís;65065***;PF;GD.MA.000.006.093;2015-04-23;;Auto consumo remoto;2;UFV;Radiação solar;Microgeracao;17,50;;;
2026-08-19;08/2026;06272793000184;EQUATORIAL MA;EQUATORIAL MARANHAO DISTRIBUIDORA DE ENERGIA S.A;RE;Residencial;;B1;21;MA;3;Nordeste;2107506;Paço do Lumiar;65137***;PF;GD.MA.000.006.097;2015-02-03;;Auto consumo remoto;3;UFV;Radiação solar;Microgeracao;5,00;;;
2026-08-19;08/2026;06272793000184;EQUATORIAL MA;EQUATORIAL MARANHAO DISTRIBUIDORA DE ENERGIA S.A;RE;Residencial;;B1;21;MA;3;Nordeste;2111300;São Luís;65065***;PF;GD.MA.000.006.249;2015-06-24;;Geracao na propria UC;1;UFV;Radiação solar;Microgeracao;3,06;;;
2026-08-19;08/2026;06272793000184;EQUATORIAL MA;EQUATORIAL MARANHAO DISTRIBUIDORA DE ENERGIA S.A;RE;Residencial;;B1;21;MA;3;Nordeste;2111300;São Luís;65000***;PF;GD.MA.000.006.250;2015-08-28;;Geracao na propria UC;1;UFV;Radiação solar;Microgeracao;3,92;;;
2026-08-19;08/2026;06272793000184;EQUATORIAL MA;EQUATORIAL MARANHAO DISTRIBUIDORA DE ENERGIA S.A;RE;Residencial;;B1;21;MA;3;Nordeste;2111201;São José de Ribamar;65048***;PF;GD.MA.000.006.251;2015-10-20;;Geracao na propria UC;1;UFV;Radiação solar;Microgeracao;2,94;;;
2026-08-19;08/2026;06272793000184;EQUATORIAL MA;EQUATORIAL MARANHAO DISTRIBUIDORA DE ENERGIA S.A;RE;Residencial;;B1;21;MA;3;Nordeste;2111201;São José de Ribamar;65110***;PF;GD.MA.000.006.252;2015-11-06;;Auto consumo remoto;2;UFV;Radiação solar;Microgeracao;27,60;;;
2026-08-19;08/2026;06272793000184;EQUATORIAL MA;EQUATORIAL MARANHAO DISTRIBUIDORA DE ENERGIA S.A;RE;Residencial;;B1;21;MA;3;Nordeste;2111300;São Luís;65020***;PF;GD.MA.000.006.253;2015-12-14;;Auto consumo remoto;2;UFV;Radiação solar;Microgeracao;8,00;;;
2026-08-19;08/2026;06272793000184;EQUATORIAL MA;EQUATORIAL MARANHAO DISTRIBUIDORA DE ENERGIA S.A;RE;Residencial;;B1;21;MA;3;Nordeste;2111300;São Luís;65065***;PF;GD.MA.000.006.254;2015-06-25;;Geracao na propria UC;1;UFV;Radiação solar;Microgeracao;3,83;;;
2026-08-19;08/2026;06272793000184;EQUATORIAL MA;EQUATORIAL MARANHAO DISTRIBUIDORA DE ENERGIA S.A;RE;Residencial;;B1;21;MA;3;Nordeste;2111300;São Luís;65068***;PF;GD.MA.000.006.255;2015-10-20;;Geracao na propria UC;1;UFV;Radiação solar;Microgeracao;3,00;;;
2026-08-19;08/2026;06272793000184;EQUATORIAL MA;EQUATORIAL MARANHAO DISTRIBUIDORA DE ENERGIA S.A;CO;Comercial;;B3;21;MA;3;Nordeste;2111300;São Luís;65025840  ;PJ;GD.MA.000.006.256;2015-09-22;;Geracao na propria UC;1;UFV;Radiação solar;Microgeracao;3,43;COCAL DA ESTAÇÃO;-41,58;-3,46
2026-08-19;08/2026;06272793000184;EQUATORIAL MA;EQUATORIAL MARANHAO DISTRIBUIDORA DE ENERGIA S.A;CO;Comercial;;B3;21;MA;3;Nordeste;2111300;São Luís;65071380  ;PJ;GD.MA.000.006.257;2015-11-29;;Geracao na propria UC;1;UFV;Radiação solar;Microgeracao;31,20;;;
2026-08-19;08/2026;06272793000184;EQUATORIAL MA;EQUATORIAL MARANHAO DISTRIBUIDORA DE ENERGIA S.A;CO;Comercial;;B3;21;MA;3;Nordeste;2105302;Imperatriz;65900575  ;PJ;GD.MA.000.006.258;2016-04-08;;Geracao na propria UC;1;UFV;Radiação solar;Microgeracao;12,50;;;
2026-08-19;08/2026;06272793000184;EQUATORIAL MA;EQUATORIAL MARANHAO DISTRIBUIDORA DE ENERGIA S.A;RE;Residencial;;B1;21;MA;3;Nordeste;2111300;São Luís;65072***;PF;GD.MA.000.006.259;2022-02-15;;Geracao na propria UC;1;UFV;Radiação solar;Microgeracao;15,00;;;
2026-08-19;08/2026;06272793000184;EQUATORIAL MA;EQUATORIAL MARANHAO DISTRIBUIDORA DE ENERGIA S.A;CO;Comercial;;B3;21;MA;3;Nordeste;2103000;Caxias;65608***;PF;GD.MA.000.006.260;2016-02-19;;Geracao na propria UC;1;UFV;Radiação solar;Microgeracao;7,50;;;
2026-08-19;08/2026;06272793000184;EQUATORIAL MA;EQUATORIAL MARANHAO DISTRIBUIDORA DE ENERGIA S.A;CO;Comercial;;B3;21;MA;3;Nordeste;2103000;Caxias;65608460  ;PJ;GD.MA.000.006.261;2016-02-22;;Geracao na propria UC;1;UFV;Radiação solar;Microgeracao;48,00;;;
2026-08-19;08/2026;06272793000184;EQUATORIAL MA;EQUATORIAL MARANHAO DISTRIBUIDORA DE ENERGIA S.A;CO;Comercial;;B3;21;MA;3;Nordeste;2111300;São Luís;65048180  ;PJ;GD.MA.000.006.262;2016-04-01;;Auto consumo remoto;3;UFV;Radiação solar;Microgeracao;15,00;;;
2026-08-19;08/2026;06272793000184;EQUATORIAL MA;EQUATORIAL MARANHAO DISTRIBUIDORA DE ENERGIA S.A;CO;Comercial;;B3;21;MA;3;Nordeste;2112209;Timon;65636740  ;PJ;GD.MA.000.006.263;2016-03-08;;Geracao na propria UC;1;UFV;Radiação solar;Microgeracao;75,00;TEXTIL BEZERRA DE MENEZES II;-38,60;-3,85
2026-08-19;08/2026;06272793000184;EQUATORIAL MA;EQUATORIAL MARANHAO DISTRIBUIDORA DE ENERGIA S.A;CO;Comercial;;B3;21;MA;3;Nordeste;2103000;Caxias;65608420  ;PJ;GD.MA.000.006.264;2016-02-22;;Geracao na propria UC;1;UFV;Radiação solar;Microgeracao;14,40;;;
2026-08-19;08/2026;06272793000184;EQUATORIAL MA;EQUATORIAL MARANHAO DISTRIBUIDORA DE ENERGIA S.A;IN;Industrial;;B3;21;MA;3;Nordeste;2103307;Codó;65400***;PF;GD.MA.000.006.265;2016-06-30;;Geracao na propria UC;1;UFV;Radiação solar;Microgeracao;17,50;;;
2026-08-19;08/2026;06272793000184;EQUATORIAL MA;EQUATORIAL MARANHAO DISTRIBUIDORA DE ENERGIA S.A;RE;Residencial;;B1;21;MA;3;Nordeste;2111201;São José de Ribamar;65110***;PF;GD.MA.000.006.266;2016-04-19;;Geracao na propria UC;1;UFV;Radiação solar;Microgeracao;3,00;;;
2026-08-19;08/2026;06272793000184;EQUATORIAL MA;EQUATORIAL MARANHAO DISTRIBUIDORA DE ENERGIA S.A;RE;Residencial;;B1;21;MA;3;Nordeste;2111300;São Luís;65085***;PF;GD.MA.000.006.267;2016-03-16;;Geracao na propria UC;1;UFV;Radiação solar;Microgeracao;9,60;;;
2026-08-19;08/2026;06272793000184;EQUATORIAL MA;EQUATORIAL MARANHAO DISTRIBUIDORA DE ENERGIA S.A;RE;Residencial;;B1;21;MA;3;Nordeste;2111300;São Luís;65072***;PF;GD.MA.000.006.268;2016-03-07;;Geracao na propria UC;1;UFV;Radiação solar;Microgeracao;6,00;;;
2026-08-19;08/2026;06272793000184;EQUATORIAL MA;EQUATORIAL MARANHAO DISTRIBUIDORA DE ENERGIA S.A;CO;Comercial;;B3;21;MA;3;Nordeste;2103000;Caxias;65600160  ;PJ;GD.MA.000.006.269;2018-09-25;;Geracao na propria UC;1;UFV;Radiação solar;Microgeracao;9,90;;;
2026-08-19;08/2026;06272793000184;EQUATORIAL MA;EQUATORIAL MARANHAO DISTRIBUIDORA DE ENERGIA S.A;RE;Residencial;;B1;21;MA;3;Nordeste;2105302;Imperatriz;65900***;PF;GD.MA.000.006.270;2016-04-12;;Geracao na propria UC;1;UFV;Radiação solar;Microgeracao;4,00;;;
2026-08-19;08/2026;06272793000184;EQUATORIAL MA;EQUATORIAL MARANHAO DISTRIBUIDORA DE ENERGIA S.A;CO;Comercial;;B3;21;MA;3;Nordeste;2103000;Caxias;65606530  ;PJ;GD.MA.000.006.271;2016-02-19;;Geracao na propria UC;1;UFV;Radiação solar;Microgeracao;7,20;;;
2026-08-19;08/2026;06272793000184;EQUATORIAL MA;EQUATORIAL MARANHAO DISTRIBUIDORA DE ENERGIA S.A;CO;Comercial;;B3;21;MA;3;Nordeste;2111300;São Luís;65065180  ;PJ;GD.MA.000.006.272;2016-05-23;;Geracao na propria UC;1;UFV;Radiação solar;Microgeracao;4,80;;;
2026-08-19;08/2026;06272793000184;EQUATORIAL MA;EQUATORIAL MARANHAO DISTRIBUIDORA DE ENERGIA S.A;CO;Comercial;;B3;21;MA;3;Nordeste;2111300;São Luís;65046660  ;PJ;GD.MA.000.006.861;2016-06-21;;Geracao na propria UC;1;UFV;Radiação solar;Microgeracao;5,00;;;
2026-08-19;08/2026;06272793000184;EQUATORIAL MA;EQUATORIAL MARANHAO DISTRIBUIDORA DE ENERGIA S.A;CO;Comercial;;B3;21;MA;3;Nordeste;2111300;São Luís;65010***;PF;GD.MA.000.006.862;2021-01-08;;Geracao na propria UC;1;UFV;Radiação solar;Microgeracao;20,00;;;
2026-08-19;08/2026;06981180000116;CEMIG-D;CEMIG DISTRIBUICAO S.A;RE;Residencial;;B1;31;MG;5;Sudeste;3138203;Lavras;37203***;PF;GD.CE.002.478.125;2022-10-27;;Geracao na propria UC;1;UFV;Radiação solar;Microgeracao;4,36;;;
2026-08-19;08/2026;06981180000116;CEMIG-D;CEMIG DISTRIBUICAO S.A;CO;Comercial;;B3;31;MG;5;Sudeste;3171303;Viçosa;36576***;PF;GD.CE.002.478.183;2022-09-26;;Geracao na propria UC;1;UFV;Radiação solar;Microgeracao;10,00;;;
2026-08-19;08/2026;06981180000116;CEMIG-D;CEMIG DISTRIBUICAO S.A;RU;Rural;;B2;31;MG;5;Sudeste;3129608;Ibiaí;38950***;PF;GD.CE.002.478.186;2022-09-26;;Geracao na propria UC;1;UFV;Radiação solar;Microgeracao;1,20;;;
2026-08-19;08/2026;06981180000116;CEMIG-D;CEMIG DISTRIBUICAO S.A;RE;Residencial;;B1;31;MG;5;Sudeste;3106705;Betim;32600***;PF;GD.MG.000.000.172;2016-08-16;;Geracao na propria UC;1;UFV;Radiação solar;Microgeracao;2,08;;;
2026-08-19;08/2026;06981180000116;CEMIG-D;CEMIG DISTRIBUICAO S.A;CO;Comercial;;B3;31;MG;5;Sudeste;3136306;João Pinheiro;38770***;PF;GD.MG.000.000.297;2016-09-08;;Geracao na propria UC;1;UFV;Radiação solar;Microgeracao;3,00;;;
2026-08-19;08/2026;06981180000116;CEMIG-D;CEMIG DISTRIBUICAO S.A;RE;Residencial;;B1;31;MG;5;Sudeste;3143302;Montes Claros;39402***;PF;GD.MG.000.000.303;2016-09-05;;Auto consumo remoto;2;UFV;Radiação solar;Microgeracao;8,19;;;
2026-08-19;08/2026;06981180000116;CEMIG-D;CEMIG DISTRIBUICAO S.A;CO;Comercial;;B3;31;MG;5;Sudeste;3143302;Montes Claros;39402***;PF;GD.MG.000.000.309;2016-09-05;;Geracao na propria UC;1;UFV;Radiação solar;Microgeracao;12,00;;;
2026-08-19;08/2026;06981180000116;CEMIG-D;CEMIG DISTRIBUICAO S.A;RE;Residencial;;B1;31;MG;5;Sudeste;3104007;Araxá;38182***;PF;GD.MG.000.000.314;2016-09-08;;Geracao na propria UC;1;UFV;Radiação solar;Microgeracao;3,00;;;
2026-08-19;08/2026;06981180000116;CEMIG-D;CEMIG DISTRIBUICAO S.A;RE;Residencial;;B1;31;MG;5;Sudeste;3165206;São Thomé das Letras;39205***;PF;GD.MG.000.000.496;2016-08-10;;Geracao na propria UC;1;UFV;Radiação solar;Microgeracao;1,50;;;
2026-08-19;08/2026;06981180000116;CEMIG-D;CEMIG DISTRIBUICAO S.A;RE;Residencial;;B1;31;MG;5;Sudeste;3147006;Paracatu;38600***;PF;GD.MG.000.000.497;2016-08-16;;Geracao na propria UC;1;UFV;Radiação solar;Microgeracao;2,60;;;
2026-08-19;08/2026;06981180000116;CEMIG-D;CEMIG DISTRIBUICAO S.A;RE;Residencial;;B1;31;MG;5;Sudeste;3169356;Três Marias;39205***;PF;GD.MG.000.000.500;2016-08-10;;Geracao na propria UC;1;UFV;Radiação solar;Microgeracao;3,00;;;
2026-08-19;08/2026;06981180000116;CEMIG-D;CEMIG DISTRIBUICAO S.A;RE;Residencial;;B1;31;MG;5;Sudeste;3147006;Paracatu;38600***;PF;GD.MG.000.000.510;2016-08-16;;Geracao na propria UC;1;UFV;Radiação solar;Microgeracao;4,16;;;
2026-08-19;08/2026;06981180000116;CEMIG-D;CEMIG DISTRIBUICAO S.A;RU;Rural;;B2;31;MG;5;Sudeste;3169356;Três Marias;39205000  ;PJ;GD.MG.000.000.515;2016-08-10;;Geracao na propria UC;1;UFV;Radiação solar;Microgeracao;13,80;;;
2026-08-19;08/2026;06981180000116;CEMIG-D;CEMIG DISTRIBUICAO S.A;RE;Residencial;;B1;31;MG;5;Sudeste;3169356;Três Marias;39205***;PF;GD.MG.000.000.516;2016-08-10;;Geracao na propria UC;1;UFV;Radiação solar;Microgeracao;10,60;;;
2026-08-19;08/2026;06981180000116;CEMIG-D;CEMIG DISTRIBUICAO S.A;RE;Residencial;;B1;31;MG;5;Sudeste;3151206;Pirapora;39270***;PF;GD.MG.000.000.520;2016-08-09;;Geracao na propria UC;1;UFV;Radiação solar;Microgeracao;3,50;;;
2026-08-19;08/2026;06981180000116;CEMIG-D;CEMIG DISTRIBUICAO S.A;RE;Residencial;;B1;31;MG;5;Sudeste;3170503;Urucânia;35380***;PF;GD.MG.000.000.522;2016-08-02;;Geracao na propria UC;1;UFV;Radiação solar;Microgeracao;4,50;;;
2026-08-19;08/2026;06981180000116;CEMIG-D;CEMIG DISTRIBUICAO S.A;CO;Comercial;;B3;31;MG;5;Sudeste;3152501;Pouso Alegre;37550000  ;PJ;GD.MG.000.000.523;2016-08-08;;Geracao na propria UC;1;UFV;Radiação solar;Microgeracao;5,00;;;
2026-08-19;08/2026;06981180000116;CEMIG-D;CEMIG DISTRIBUICAO S.A;RE;Residencial;;B1;31;MG;5;Sudeste;3169356;Três Marias;39205***;PF;GD.MG.000.000.524;2016-08-10;;Geracao na propria UC;1;UFV;Radiação solar;Microgeracao;10,00;;;
2026-08-19;08/2026;06981180000116;CEMIG-D;CEMIG DISTRIBUICAO S.A;RE;Residencial;;B1;31;MG;5;Sudeste;3127107;Frutal;38200***;PF;GD.MG.000.000.525;2016-08-01;;Geracao na propria UC;1;UFV;Radiação solar;Microgeracao;2,00;;;
2026-08-19;08/2026;06981180000116;CEMIG-D;CEMIG DISTRIBUICAO S.A;RU;Rural;;B2;31;MG;5;Sudeste;3111002;Campestre;37730***;PF;GD.MG.000.000.530;2016-09-08;;Geracao na propria UC;1;UFV;Radiação solar;Microgeracao;8,32;;;
2026-08-19;08/2026;06981180000116;CEMIG-D;CEMIG DISTRIBUICAO S.A;RE;Residencial;;B1;31;MG;5;Sudeste;3106200;Belo Horizonte;30220***;PF;GD.MG.000.000.533;2016-09-06;;Geracao na propria UC;1;UFV;Radiação solar;Microgeracao;1,89;;;
2026-08-19;08/2026;06981180000116;CEMIG-D;CEMIG DISTRIBUICAO S.A;RE;Residencial;;B1;31;MG;5;Sudeste;3122306;Divinópolis;35500***;PF;GD.MG.000.000.536;2016-09-08;;Geracao na propria UC;1;UFV;Radiação solar;Microgeracao;1,50;;;
2026-08-19;08/2026;06981180000116;CEMIG-D;CEMIG DISTRIBUICAO S.A;IN;Industrial;;B3;31;MG;5;Sudeste;3140159;Mário Campos;32470***;PF;GD.MG.000.000.538;2016-09-13;;Compartilhada;2;UFV;Radiação solar;Microgeracao;15,00;;;
2026-08-19;08/2026;06981180000116;CEMIG-D;CEMIG DISTRIBUICAO S.A;RE;Residencial;;B1;31;MG;5;Sudeste;3135100;Janaúba;39440***;PF;GD.MG.000.000.539;2016-09-08;;Geracao na propria UC;1;UFV;Radiação solar;Microgeracao;5,89;;;
2026-08-19;08/2026;06981180000116;CEMIG-D;CEMIG DISTRIBUICAO S.A;RE;Residencial;;B1;31;MG;5;Sudeste;3108552;Brasilândia de Minas;38779***;PF;GD.MG.000.000.546;2016-08-10;;Geracao na propria UC;1;UFV;Radiação solar;Microgeracao;3,00;;;
2026-08-19;08/2026;06981180000116;CEMIG-D;CEMIG DISTRIBUICAO S.A;RE;Residencial;;B1;31;MG;5;Sudeste;3131307;Ipatinga;35160***;PF;GD.MG.000.000.547;2016-08-08;;Geracao na propria UC;1;UFV;Radiação solar;Microgeracao;3,00;;;
2026-08-19;08/2026;06981180000116;CEMIG-D;CEMIG DISTRIBUICAO S.A;RE;Residencial;;B1;31;MG;5;Sudeste;3108552;Brasilândia de Minas;38779***;PF;GD.MG.000.000.548;2016-08-10;;Geracao na propria UC;1;UFV;Radiação solar;Microgeracao;3,00;;;
2026-08-19;08/2026;06981180000116;CEMIG-D;CEMIG DISTRIBUICAO S.A;RE;Residencial;;B1;31;MG;5;Sudeste;3107109;Boa Esperança;37170***;PF;GD.MG.000.000.549;2016-08-02;;Geracao na propria UC;1;UFV;Radiação solar;Microgeracao;3,00;;;
2026-08-19;08/2026;06981180000116;CEMIG-D;CEMIG DISTRIBUICAO S.A;RE;Residencial;;B1;31;MG;5;Sudeste;3170206;Uberlândia;38401***;PF;GD.MG.000.000.550;2016-08-01;;Geracao na propria UC;1;UFV;Radiação solar;Microgeracao;3,00;;;
2026-08-19;08/2026;06981180000116;CEMIG-D;CEMIG DISTRIBUICAO S.A;RE;Residencial;;B1;31;MG;5;Sudeste;3127701;Governador Valadares;35020***;PF;GD.MG.000.000.551;2016-08-02;;Geracao na propria UC;1;UFV;Radiação solar;Microgeracao;3,00;;;
2026-08-19;08/2026;06981180000116;CEMIG-D;CEMIG DISTRIBUICAO S.A;RE;Residencial;;B1;31;MG;5;Sudeste;3169356;Três Marias;39205***;PF;GD.MG.000.000.552;2016-08-10;;Geracao na propria UC;1;UFV;Radiação solar;Microgeracao;28,00;;;
2026-08-19;08/2026;06981180000116;CEMIG-D;CEMIG DISTRIBUICAO S.A;RE;Residencial;;B1;31;MG;5;Sudeste;3140001;Mariana;35420***;PF;GD.MG.000.000.596;2016-08-02;;Geracao na propria UC;1;UFV;Radiação solar;Microgeracao;2,08;;;
2026-08-19;08/2026;06981180000116;CEMIG-D;CEMIG DISTRIBUICAO S.A;RE;Residencial;;B1;31;MG;5;Sudeste;3106200;Belo Horizonte;31310***;PF;GD.MG.000.000.597;2016-08-01;;Geracao na propria UC;1;UFV;Radiação solar;Microgeracao;3,00;;;
2026-08-19;08/2026;06981180000116;CEMIG-D;CEMIG DISTRIBUICAO S.A;RE;Residencial;;B1;31;MG;5;Sudeste;3135100;Janaúba;39440***;PF;GD.MG.000.000.631;2016-09-09;;Geracao na propria UC;1;UFV;Radiação solar;Microgeracao;3,00;;;
2026-08-19;08/2026;06981180000116;CEMIG-D;CEMIG DISTRIBUICAO S.A;RE;Residencial;;B1;31;MG;5;Sudeste;3109006;Brumadinho;30460***;PF;GD.MG.000.000.632;2016-09-13;;Geracao na propria UC;1;UFV;Radiação solar;Microgeracao;2,12;;;
2026-08-19;08/2026;06981180000116;CEMIG-D;CEMIG DISTRIBUICAO S.A;RE;Residencial;;B1;31;MG;5;Sudeste;3132404;Itajubá;37500***;PF;GD.MG.000.000.634;2016-09-06;;Geracao na propria UC;1;UFV;Radiação solar;Microgeracao;6,00;;;
2026-08-19;08/2026;06981180000116;CEMIG-D;CEMIG DISTRIBUICAO S.A;RE;Residencial;;B1;31;MG;5;Sudeste;3153608;Prudente de Morais;35715***;PF;GD.MG.000.000.635;2016-09-06;;Auto consumo remoto;2;UFV;Radiação solar;Microgeracao;17,50;;;
2026-08-19;08/2026;06981180000116;CEMIG-D;CEMIG DISTRIBUICAO S.A;CO;Comercial;;B3;31;MG;5;Sudeste;3136306;João Pinheiro;38770000  ;PJ;GD.MG.000.000.637;2016-09-08;;Geracao na propria UC;1;UFV;Radiação solar;Microgeracao;3,00;;;
2026-08-19;08/2026;06981180000116;CEMIG-D;CEMIG DISTRIBUICAO S.A;IN;Industrial;;B3;31;MG;5;Sudeste;3147006;Paracatu;38600***;PF;GD.MG.000.000.643;2016-09-13;;Geracao na propria UC;1;UFV;Radiação solar;Microgeracao;4,16;;;
2026-08-19;08/2026;06981180000116;CEMIG-D;CEMIG DISTRIBUICAO S.A;RE;Residencial;;B1;31;MG;5;Sudeste;3148103;Patrocínio;38740***;PF;GD.MG.000.000.649;2016-09-06;;Auto consumo remoto;2;UFV;Radiação solar;Microgeracao;8,16;;;
2026-08-19;08/2026;02328280000197;ELEKTRO;ELEKTRO REDES S.A.;RE;Residencial;;B1;50;MS;1;Centro Oeste;5008305;Três Lagoas;79654***;PF;GD.MG.002.048.845;2023-10-09;;Geracao na propria UC;1;UFV;Radiação solar;Microgeracao;7,00;;;
2026-08-19;08/2026;02328280000197;ELEKTRO;ELEKTRO REDES S.A.;RE;Residencial;;B1;50;MS;1;Centro Oeste;5008305;Três Lagoas;79640***;PF;GD.MS.000.002.127;2016-10-28;;Geracao na propria UC;1;UFV;Radiação solar;Microgeracao;4,00;;;
2026-08-19;08/2026;02328280000197;ELEKTRO;ELEKTRO REDES S.A.;RE;Residencial;;B1;50;MS;1;Centro Oeste;5008305;Três Lagoas;79622***;PF;GD.MS.000.004.027;2022-02-02;;Geracao na propria UC;1;UFV;Radiação solar;Microgeracao;5,00;;;
2026-08-19;08/2026;02328280000197;ELEKTRO;ELEKTRO REDES S.A.;RE;Residencial;;B1;50;MS;1;Centro Oeste;5008305;Três Lagoas;79600***;PF;GD.MS.000.004.108;2016-05-31;;Geracao na propria UC;1;UFV;Radiação solar;Microgeracao;4,00;;;
2026-08-19;08/2026;02328280000197;ELEKTRO;ELEKTRO REDES S.A.;RE;Residencial;;B1;50;MS;1;Centro Oeste;5008305;Três Lagoas;79600***;PF;GD.MS.000.005.985;2016-12-24;;Auto consumo remoto;2;UFV;Radiação solar;Microgeracao;2,00;;;
2026-08-19;08/2026;02328280000197;ELEKTRO;ELEKTRO REDES S.A.;RE;Residencial;;B1;50;MS;1;Centro Oeste;5008305;Três Lagoas;79611***;PF;GD.MS.000.006.017;2014-10-09;;Auto consumo remoto;2;UFV;Radiação solar;Microgeracao;2,00;;;
2026-08-19;08/2026;02328280000197;ELEKTRO;ELEKTRO REDES S.A.;RE;Residencial;;B1;50;MS;1;Centro Oeste;5002308;Brasilândia;79670***;PF;GD.MS.000.006.024;2016-04-08;;Geracao na propria UC;1;UFV;Radiação solar;Microgeracao;5,00;;;
2026-08-19;08/2026;02328280000197;ELEKTRO;ELEKTRO REDES S.A.;RE;Residencial;;B1;50;MS;1;Centro Oeste;5008305;Três Lagoas;79600***;PF;GD.MS.000.006.027;2016-01-29;;Geracao na propria UC;1;UFV;Radiação solar;Microgeracao;3,00;;;
2026-08-19;08/2026;02328280000197;ELEKTRO;ELEKTRO REDES S.A.;RE;Residencial;;B1;50;MS;1;Centro Oeste;5008305;Três Lagoas;79604***;PF;GD.MS.000.006.039;2016-01-12;;Auto consumo remoto;2;UFV;Radiação solar;Microgeracao;6,00;;;
2026-08-19;08/2026;02328280000197;ELEKTRO;ELEKTRO REDES S.A.;RE;Residencial;;B1;50;MS;1;Centro Oeste;5008305;Três Lagoas;79622***;PF;GD.MS.000.006.041;2016-03-01;;Geracao na propria UC;1;UFV;Radiação solar;Microgeracao;4,00;;;
2026-08-19;08/2026;15413826000150;EMS;ENERGISA MATO GROSSO DO SUL - DISTRIBUIDORA DE ENERGIA S.A.;RE;Residencial;;B1;50;MS;1;Centro Oeste;5006200;Nova Andradina;79750***;PF;GD.MS.000.006.788;2024-06-27;;Geracao na propria UC;1;UFV;Radiação solar;Microgeracao;4,00;;;
2026-08-19;08/2026;15413826000150;EMS;ENERGISA MATO GROSSO DO SUL - DISTRIBUIDORA DE ENERGIA S.A.;RE;Residencial;;B1;50;MS;1;Centro Oeste;5007406;Rio Verde de Mato Grosso;79480***;PF;GD.MS.000.006.821;2018-07-02;;Geracao na propria UC;1;UFV;Radiação solar;Microgeracao;,48;;;
2026-08-19;08/2026;02328280000197;ELEKTRO;ELEKTRO REDES S.A.;CO;Comercial;;B3;50;MS;1;Centro Oeste;5008305;Três Lagoas;79601***;PF;GD.MS.000.008.250;2021-10-06;;Geracao na propria UC;1;UFV;Radiação solar;Microgeracao;2,00;;;
2026-08-19;08/2026;02328280000197;ELEKTRO;ELEKTRO REDES S.A.;RE;Residencial;;B1;50;MS;1;Centro Oeste;5008305;Três Lagoas;79600***;PF;GD.MS.000.008.984;2017-03-01;;Geracao na propria UC;1;UFV;Radiação solar;Microgeracao;1,00;;;
2026-08-19;08/2026;02328280000197;ELEKTRO;ELEKTRO REDES S.A.;RE;Residencial;;B1;50;MS;1;Centro Oeste;5008305;Três Lagoas;79601***;PF;GD.MS.000.009.900;2017-04-18;;Geracao na propria UC;1;UFV;Radiação solar;Microgeracao;3,00;;;
2026-08-19;08/2026;15413826000150;EMS;ENERGISA MATO GROSSO DO SUL - DISTRIBUIDORA DE ENERGIA S.A.;RE;Residencial;;B1;50;MS;1;Centro Oeste;5005004;Jardim;79240***;PF;GD.MS.000.011.167;2022-04-27;;Geracao na propria UC;1;UFV;Radiação solar;Microgeracao;8,00;;;
2026-08-19;08/2026;02328280000197;ELEKTRO;ELEKTRO REDES S.A.;CO;Comercial;;B3;50;MS;1;Centro Oeste;5008305;Três Lagoas;79602***;PF;GD.MS.000.012.847;2017-07-14;;Geracao na propria UC;1;UFV;Radiação solar;Microgeracao;25,00;;;
2026-08-19;08/2026;02328280000197;ELEKTRO;ELEKTRO REDES S.A.;RE;Residencial;;B1;50;MS;1;Centro Oeste;5008305;Três Lagoas;79641***;PF;GD.MS.000.012.903;2021-09-23;;Geracao na propria UC;1;UFV;Radiação solar;Microgeracao;5,00;;;
2026-08-19;08/2026;02328280000197;ELEKTRO;ELEKTRO REDES S.A.;RE;Residencial;;B1;50;MS;1;Centro Oeste;5008305;Três Lagoas;07961***;PF;GD.MS.000.014.928;2017-09-13;;Geracao na propria UC;1;UFV;Radiação solar;Microgeracao;20,00;;;
2026-08-19;08/2026;02328280000197;ELEKTRO;ELEKTRO REDES S.A.;RE;Residencial;;B1;50;MS;1;Centro Oeste;5008305;Três Lagoas;79640***;PF;GD.MS.000.015.581;2017-09-25;;Geracao na propria UC;1;UFV;Radiação solar;Microgeracao;3,00;;;
2026-08-19;08/2026;15413826000150;EMS;ENERGISA MATO GROSSO DO SUL - DISTRIBUIDORA DE ENERGIA S.A.;RE;Residencial;;B1;50;MS;1;Centro Oeste;5003751;Eldorado;79878***;PF;GD.MS.000.016.849;2025-02-10;;Geracao na propria UC;1;UFV;Radiação solar;Microgeracao;5,00;;;
2026-08-19;08/2026;02328280000197;ELEKTRO;ELEKTRO REDES S.A.;RE;Residencial;;B1;50;MS;1;Centro Oeste;5008305;Três Lagoas;79600***;PF;GD.MS.000.016.940;2017-10-30;;Geracao na propria UC;1;UFV;Radiação solar;Microgeracao;8,20;;;
2026-08-19;08/2026;02328280000197;ELEKTRO;ELEKTRO REDES S.A.;RE;Residencial;;B1;50;MS;1;Centro Oeste;5008305;Três Lagoas;79604***;PF;GD.MS.000.018.244;2017-11-22;;Geracao na propria UC;1;UFV;Radiação solar;Microgeracao;3,00;;;
2026-08-19;08/2026;15413826000150;EMS;ENERGISA MATO GROSSO DO SUL - DISTRIBUIDORA DE ENERGIA S.A.;RE;Residencial;;B1;50;MS;1;Centro Oeste;5002704;Campo Grande;79032***;PF;GD.MS.000.019.961;2024-12-04;;Geracao na propria UC;1;UFV;Radiação solar;Microgeracao;5,70;;;
2026-08-19;08/2026;15413826000150;EMS;ENERGISA MATO GROSSO DO SUL - DISTRIBUIDORA DE ENERGIA S.A.;RE;Residencial;;B1;50;MS;1;Centro Oeste;5002704;Campo Grande;79904***;PF;GD.MS.000.020.236;2021-11-23;;Auto consumo remoto;3;UFV;Radiação solar;Microgeracao;8,00;;;
2026-08-19;08/2026;15413826000150;EMS;ENERGISA MATO GROSSO DO SUL - DISTRIBUIDORA DE ENERGIA S.A.;RE;Residencial;;B1;50;MS;1;Centro Oeste;5002902;Cassilândia;79070***;PF;GD.MS.000.020.244;2022-01-18;;Geracao na propria UC;1;UFV;Radiação solar;Microgeracao;5,00;;;
2026-08-19;08/2026;02328280000197;ELEKTRO;ELEKTRO REDES S.A.;RE;Residencial;;B1;50;MS;1;Centro Oeste;5008305;Três Lagoas;79600***;PF;GD.MS.000.022.398;2018-01-10;;Geracao na propria UC;1;UFV;Radiação solar;Microgeracao;3,00;;;
2026-08-19;08/2026;02328280000197;ELEKTRO;ELEKTRO REDES S.A.;CO;Comercial;;B3;50;MS;1;Centro Oeste;5008305;Três Lagoas;79600***;PF;GD.MS.000.022.553;2022-05-04;;Geracao na propria UC;1;UFV;Radiação solar;Microgeracao;8,20;;;
2026-08-19;08/2026;02328280000197;ELEKTRO;ELEKTRO REDES S.A.;RE;Residencial;;B1;50;MS;1;Centro Oeste;5008305;Três Lagoas;79620***;PF;GD.MS.000.023.057;2018-02-20;;Geracao na propria UC;1;UFV;Radiação solar;Microgeracao;7,80;;;
2026-08-19;08/2026;02328280000197;ELEKTRO;ELEKTRO REDES S.A.;CO;Comercial;;B3;50;MS;1;Centro Oeste;5008305;Três Lagoas;79630290  ;PJ;GD.MS.000.023.379;2018-02-26;;Geracao na propria UC;1;UFV;Radiação solar;Microgeracao;75,00;;;
2026-08-19;08/2026;15413826000150;EMS;ENERGISA MATO GROSSO DO SUL - DISTRIBUIDORA DE ENERGIA S.A.;CO;Comercial;;B3;50;MS;1;Centro Oeste;5005202;Ladário;79970***;PF;GD.MS.000.023.957;2023-04-19;;Geracao na propria UC;1;UFV;Radiação solar;Microgeracao;3,00;;;
2026-08-19;08/2026;15413826000150;EMS;ENERGISA MATO GROSSO DO SUL - DISTRIBUIDORA DE ENERGIA S.A.;CO;Comercial;;B3;50;MS;1;Centro Oeste;5004403;Inocência;79580***;PF;GD.MS.000.024.047;2023-04-13;;Geracao na propria UC;1;UFV;Radiação solar;Microgeracao;8,00;;;
2026-08-19;08/2026;02328280000197;ELEKTRO;ELEKTRO REDES S.A.;RE;Residencial;;B1;50;MS;1;Centro Oeste;5008305;Três Lagoas;79602***;PF;GD.MS.000.024.668;2018-03-09;;Geracao na propria UC;1;UFV;Radiação solar;Microgeracao;4,00;;;
2026-08-19;08/2026;02328280000197;ELEKTRO;ELEKTRO REDES S.A.;RE;Residencial;;B1;50;MS;1;Centro Oeste;5008305;Três Lagoas;79610***;PF;GD.MS.000.025.004;2019-07-30;;Geracao na propria UC;1;UFV;Radiação solar;Microgeracao;5,00;;;
2026-08-19;08/2026;02328280000197;ELEKTRO;ELEKTRO REDES S.A.;RE;Residencial;;B1;50;MS;1;Centro Oeste;5008305;Três Lagoas;79603***;PF;GD.MS.000.025.008;2018-03-19;;Geracao na propria UC;1;UFV;Radiação solar;Microgeracao;6,00;;;
2026-08-19;08/2026;02328280000197;ELEKTRO;ELEKTRO REDES S.A.;RE;Residencial;;B1;50;MS;1;Centro Oeste;5008305;Três Lagoas;79600***;PF;GD.MS.000.025.750;2018-03-27;;Geracao na propria UC;1;UFV;Radiação solar;Microgeracao;6,00;;;
2026-08-19;08/2026;02328280000197;ELEKTRO;ELEKTRO REDES S.A.;RE;Residencial;;B1;50;MS;1;Centro Oeste;5008305;Três Lagoas;79600040  ;PJ;GD.MS.000.026.119;2018-03-26;;Geracao na propria UC;1;UFV;Radiação solar;Microgeracao;15,00;;;
2026-08-19;08/2026;02328280000197;ELEKTRO;ELEKTRO REDES S.A.;PP;Poder Público;;B3;50;MS;1;Centro Oeste;5008305;Três Lagoas;79641162  ;PJ;GD.MS.000.027.332;2018-04-18;;Geracao na propria UC;1;UFV;Radiação solar;Microgeracao;70,20;;;
2026-08-19;08/2026;02328280000197;ELEKTRO;ELEKTRO REDES S.A.;RE;Residencial;;B1;50;MS;1;Centro Oeste;5008305;Três Lagoas;79645***;PF;GD.MS.000.027.337;2018-04-25;;Geracao na propria UC;1;UFV;Radiação solar;Microgeracao;3,96;;;
2026-08-19;08/2026;02328280000197;ELEKTRO;ELEKTRO REDES S.A.;RE;Residencial;;B1;50;MS;1;Centro Oeste;5000807;Anaurilândia;79770***;PF;GD.MS.000.029.437;2018-04-26;;Geracao na propria UC;1;UFV;Radiação solar;Microgeracao;1,50;;;
2026-08-19;08/2026;03467321000199;EMT;ENERGISA MATO GROSSO - DISTRIBUIDORA DE ENERGIA S.A.;RE;Residencial;;B1;51;MT;1;Centro Oeste;5101803;Barra do Garças;78600***;PF;GD.MT.000.001.703;2016-04-08;;Auto consumo remoto;2;UFV;Radiação solar;Microgeracao;3,00;;;
2026-08-19;08/2026;03467321000199;EMT;ENERGISA MATO GROSSO - DISTRIBUIDORA DE ENERGIA S.A.;RE;Residencial;;B1;51;MT;1;Centro Oeste;5107909;Sinop;78550***;PF;GD.MT.000.001.721;2016-03-23;;Geracao na propria UC;1;UFV;Radiação solar;Microgeracao;8,67;;;
2026-08-19;08/2026;03467321000199;EMT;ENERGISA MATO GROSSO - DISTRIBUIDORA DE ENERGIA S.A.;RE;Residencial;;B1;51;MT;1;Centro Oeste;5108402;Várzea Grande;78118***;PF;GD.MT.000.001.728;2016-05-04;;Geracao na propria UC;1;UFV;Radiação solar;Microgeracao;3,90;;;
2026-08-19;08/2026;03467321000199;EMT;ENERGISA MATO GROSSO - DISTRIBUIDORA DE ENERGIA S.A.;RE;Residencial;;B1;51;MT;1;Centro Oeste;5107925;Sorriso;78890***;PF;GD.MT.000.001.730;2016-03-24;;Geracao na propria UC;1;UFV;Radiação solar;Microgeracao;3,12;;;
2026-08-19;08/2026;03467321000199;EMT;ENERGISA MATO GROSSO - DISTRIBUIDORA DE ENERGIA S.A.;RE;Residencial;;B1;51;MT;1;Centro Oeste;5101308;Arenápolis;78420***;PF;GD.MT.000.001.731;2016-03-28;;Geracao na propria UC;1;UFV;Radiação solar;Microgeracao;5,00;;;
2026-08-19;08/2026;03467321000199;EMT;ENERGISA MATO GROSSO - DISTRIBUIDORA DE ENERGIA S.A.;RE;Residencial;;B1;51;MT;1;Centro Oeste;5103403;Cuiabá;78000000  ;PJ;GD.MT.000.001.732;2016-04-28;;Geracao na propria UC;1;UFV;Radiação solar;Microgeracao;5,00;;;
2026-08-19;08/2026;03467321000199;EMT;ENERGISA MATO GROSSO - DISTRIBUIDORA DE ENERGIA S.A.;RE;Residencial;;B1;51;MT;1;Centro Oeste;5107958;Tangará da Serra;78300***;PF;GD.MT.000.001.733;2016-06-14;;Geracao na propria UC;1;UFV;Radiação solar;Microgeracao;8,00;;;
2026-08-19;08/2026;03467321000199;EMT;ENERGISA MATO GROSSO - DISTRIBUIDORA DE ENERGIA S.A.;CO;Comercial;;A4;51;MT;1;Centro Oeste;5103403;Cuiabá;78025000  ;PJ;GD.MT.000.001.740;2016-05-23;;Geracao na propria UC;1;UFV;Radiação solar;Microgeracao;45,00;;;
2026-08-19;08/2026;03467321000199;EMT;ENERGISA MATO GROSSO - DISTRIBUIDORA DE ENERGIA S.A.;RE;Residencial;;B1;51;MT;1;Centro Oeste;5103403;Cuiabá;78000***;PF;GD.MT.000.001.744;2016-05-24;;Geracao na propria UC;1;UFV;Radiação solar;Microgeracao;6,00;;;
2026-08-19;08/2026;03467321000199;EMT;ENERGISA MATO GROSSO - DISTRIBUIDORA DE ENERGIA S.A.;CO;Comercial;;B3;51;MT;1;Centro Oeste;5107602;Rondonópolis;78740028  ;PJ;GD.MT.000.001.745;2016-09-06;;Geracao na propria UC;1;UFV;Radiação solar;Microgeracao;4,94;;;
2026-08-19;08/2026;03467321000199;EMT;ENERGISA MATO GROSSO - DISTRIBUIDORA DE ENERGIA S.A.;RE;Residencial;;B1;51;MT;1;Centro Oeste;5103403;Cuiabá;78060***;PF;GD.MT.000.001.748;2016-10-11;;Geracao na propria UC;1;UFV;Radiação solar;Microgeracao;8,32;;;
2026-08-19;08/2026;03467321000199;EMT;ENERGISA MATO GROSSO - DISTRIBUIDORA DE ENERGIA S.A.;IN;Industrial;;B3;51;MT;1;Centro Oeste;5103403;Cuiabá;78025000  ;PJ;GD.MT.000.001.752;2016-10-28;;Geracao na propria UC;1;UFV;Radiação solar;Microgeracao;45,90;;;
2026-08-19;08/2026;03467321000199;EMT;ENERGISA MATO GROSSO - DISTRIBUIDORA DE ENERGIA S.A.;RE;Residencial;;B1;51;MT;1;Centro Oeste;5105259;Lucas do Rio Verde;78455***;PF;GD.MT.000.001.759;2016-09-02;;Geracao na propria UC;1;UFV;Radiação solar;Microgeracao;5,50;;;
2026-08-19;08/2026;03467321000199;EMT;ENERGISA MATO GROSSO - DISTRIBUIDORA DE ENERGIA S.A.;RE;Residencial;;B1;51;MT;1;Centro Oeste;5105259;Lucas do Rio Verde;78455***;PF;GD.MT.000.001.760;2016-08-05;;Auto consumo remoto;2;UFV;Radiação solar;Microgeracao;5,50;;;
2026-08-19;08/2026;03467321000199;EMT;ENERGISA MATO GROSSO - DISTRIBUIDORA DE ENERGIA S.A.;RU;Rural;;B2;51;MT;1;Centro Oeste;5103007;Chapada dos Guimarães;78195***;PF;GD.MT.000.001.761;2016-10-17;;Geracao na propria UC;1;UFV;Radiação solar;Microgeracao;,47;;;
2026-08-19;08/2026;03467321000199;EMT;ENERGISA MATO GROSSO - DISTRIBUIDORA DE ENERGIA S.A.;RE;Residencial;;B1;51;MT;1;Centro Oeste;5107909;Sinop;78000000  ;PJ;GD.MT.000.001.764;2016-09-21;;Auto consumo remoto;2;UFV;Radiação solar;Microgeracao;9,45;;;
2026-08-19;08/2026;03467321000199;EMT;ENERGISA MATO GROSSO - DISTRIBUIDORA DE ENERGIA S.A.;IN;Industrial;;B3;51;MT;1;Centro Oeste;5107909;Sinop;78550***;PF;GD.MT.000.001.766;2016-09-29;;Geracao na propria UC;1;UFV;Radiação solar;Microgeracao;5,20;;;
2026-08-19;08/2026;03467321000199;EMT;ENERGISA MATO GROSSO - DISTRIBUIDORA DE ENERGIA S.A.;RE;Residencial;;B1;51;MT;1;Centro Oeste;5100250;Alta Floresta;78580***;PF;GD.MT.000.001.767;2016-10-07;;Geracao na propria UC;1;UFV;Radiação solar;Microgeracao;6,36;;;
2026-08-19;08/2026;03467321000199;EMT;ENERGISA MATO GROSSO - DISTRIBUIDORA DE ENERGIA S.A.;RE;Residencial;;B1;51;MT;1;Centro Oeste;5101902;Brasnorte;78350***;PF;GD.MT.000.001.768;2016-10-21;;Geracao na propria UC;1;UFV;Radiação solar;Microgeracao;7,75;;;
2026-08-19;08/2026;03467321000199;EMT;ENERGISA MATO GROSSO - DISTRIBUIDORA DE ENERGIA S.A.;CO;Comercial;;B3;51;MT;1;Centro Oeste;5107925;Sorriso;78890***;PF;GD.MT.000.001.769;2016-10-20;;Auto consumo remoto;5;UFV;Radiação solar;Microgeracao;25,00;;;
2026-08-19;08/2026;03467321000199;EMT;ENERGISA MATO GROSSO - DISTRIBUIDORA DE ENERGIA S.A.;RE;Residencial;;B1;51;MT;1;Centro Oeste;5108402;Várzea Grande;78118***;PF;GD.MT.000.001.770;2016-09-30;;Geracao na propria UC;1;UFV;Radiação solar;Microgeracao;4,41;;;
2026-08-19;08/2026;03467321000199;EMT;ENERGISA MATO GROSSO - DISTRIBUIDORA DE ENERGIA S.A.;RE;Residencial;;B1;51;MT;1;Centro Oeste;5107925;Sorriso;78890***;PF;GD.MT.000.001.771;2016-09-23;;Geracao na propria UC;1;UFV;Radiação solar;Microgeracao;6,50;;;
2026-08-19;08/2026;03467321000199;EMT;ENERGISA MATO GROSSO - DISTRIBUIDORA DE ENERGIA S.A.;RE;Residencial;;B1;51;MT;1;Centro Oeste;5102504;Cáceres;78200***;PF;GD.MT.000.004.012;2016-04-22;;Geracao na propria UC;1;UFV;Radiação solar;Microgeracao;10,50;;;
2026-08-19;08/2026;03467321000199;EMT;ENERGISA MATO GROSSO - DISTRIBUIDORA DE ENERGIA S.A.;RE;Residencial;;B1;51;MT;1;Centro Oeste;5103403;Cuiabá;78000***;PF;GD.MT.000.004.015;2016-08-23;;Geracao na propria UC;1;UFV;Radiação solar;Microgeracao;6,76;;;
2026-08-19;08/2026;03467321000199;EMT;ENERGISA MATO GROSSO - DISTRIBUIDORA DE ENERGIA S.A.;RE;Residencial;;B1;51;MT;1;Centro Oeste;5107925;Sorriso;78890***;PF;GD.MT.000.004.018;2016-03-24;;Geracao na propria UC;1;UFV;Radiação solar;Microgeracao;5,00;;;
2026-08-19;08/2026;03467321000199;EMT;ENERGISA MATO GROSSO - DISTRIBUIDORA DE ENERGIA S.A.;RE;Residencial;;B1;51;MT;1;Centro Oeste;5103403;Cuiabá;78068000  ;PJ;GD.MT.000.004.090;2016-03-14;;Auto consumo remoto;3;UFV;Radiação solar;Microgeracao;15,40;;;
2026-08-19;08/2026;03467321000199;EMT;ENERGISA MATO GROSSO - DISTRIBUIDORA DE ENERGIA S.A.;RU;Rural;;B2;51;MT;1;Centro Oeste;5103007;Chapada dos Guimarães;78195***;PF;GD.MT.000.004.092;2016-09-14;;Geracao na propria UC;1;UFV;Radiação solar;Microgeracao;2,25;;;
2026-08-19;08/2026;03467321000199;EMT;ENERGISA MATO GROSSO - DISTRIBUIDORA DE ENERGIA S.A.;RE;Residencial;;B1;51;MT;1;Centro Oeste;5100250;Alta Floresta;78580***;PF;GD.MT.000.004.093;2016-02-10;;Geracao na propria UC;1;UFV;Radiação solar;Microgeracao;2,08;;;
2026-08-19;08/2026;03467321000199;EMT;ENERGISA MATO GROSSO - DISTRIBUIDORA DE ENERGIA S.A.;RE;Residencial;;B1;51;MT;1;Centro Oeste;5103403;Cuiabá;78060***;PF;GD.MT.000.004.094;2016-04-27;;Geracao na propria UC;1;UFV;Radiação solar;Microgeracao;16,00;;;
2026-08-19;08/2026;03467321000199;EMT;ENERGISA MATO GROSSO - DISTRIBUIDORA DE ENERGIA S.A.;RE;Residencial;;B1;51;MT;1;Centro Oeste;5105259;Lucas do Rio Verde;78455***;PF;GD.MT.000.004.096;2016-06-10;;Geracao na propria UC;1;UFV;Radiação solar;Microgeracao;4,16;;;
2026-08-19;08/2026;03467321000199;EMT;ENERGISA MATO GROSSO - DISTRIBUIDORA DE ENERGIA S.A.;CO;Comercial;;B3;51;MT;1;Centro Oeste;5107909;Sinop;78550***;PF;GD.MT.000.004.414;2016-08-15;;Geracao na propria UC;1;UFV;Radiação solar;Microgeracao;20,80;;;
2026-08-19;08/2026;03467321000199;EMT;ENERGISA MATO GROSSO - DISTRIBUIDORA DE ENERGIA S.A.;RE;Residencial;;B1;51;MT;1;Centro Oeste;5103403;Cuiabá;78075***;PF;GD.MT.000.004.585;2016-03-23;;Auto consumo remoto;2;UFV;Radiação solar;Microgeracao;6,00;;;
2026-08-19;08/2026;03467321000199;EMT;ENERGISA MATO GROSSO - DISTRIBUIDORA DE ENERGIA S.A.;RE;Residencial;;B1;51;MT;1;Centro Oeste;5106828;Porto Esperidião;78240***;PF;GD.MT.000.004.586;2016-03-24;;Geracao na propria UC;1;UFV;Radiação solar;Microgeracao;8,00;;;
2026-08-19;08/2026;03467321000199;EMT;ENERGISA MATO GROSSO - DISTRIBUIDORA DE ENERGIA S.A.;IN;Industrial;;A4;51;MT;1;Centro Oeste;5108402;Várzea Grande;78150000  ;PJ;GD.MT.000.004.595;2016-10-21;;Geracao na propria UC;1;UFV;Radiação solar;Minigeracao;149,76;;;
2026-08-19;08/2026;03467321000199;EMT;ENERGISA MATO GROSSO - DISTRIBUIDORA DE ENERGIA S.A.;RE;Residencial;;B1;51;MT;1;Centro Oeste;5103403;Cuiabá;78000***;PF;GD.MT.000.004.601;2016-11-16;;Geracao na propria UC;1;UFV;Radiação solar;Microgeracao;4,08;;;
2026-08-19;08/2026;03467321000199;EMT;ENERGISA MATO GROSSO - DISTRIBUIDORA DE ENERGIA S.A.;CO;Comercial;;B3;51;MT;1;Centro Oeste;5108402;Várzea Grande;78125***;PF;GD.MT.000.004.612;2016-05-12;;Geracao na propria UC;1;UFV;Radiação solar;Microgeracao;5,00;;;
2026-08-19;08/2026;03467321000199;EMT;ENERGISA MATO GROSSO - DISTRIBUIDORA DE ENERGIA S.A.;RE;Residencial;;B1;51;MT;1;Centro Oeste;5100300;Alto Araguaia;78780***;PF;GD.MT.000.004.613;2016-06-16;;Auto consumo remoto;3;UFV;Radiação solar;Microgeracao;5,98;;;
2026-08-19;08/2026;03467321000199;EMT;ENERGISA MATO GROSSO - DISTRIBUIDORA DE ENERGIA S.A.;RE;Residencial;;B1;51;MT;1;Centro Oeste;5103403;Cuiabá;78075***;PF;GD.MT.000.004.714;2016-11-18;;Geracao na propria UC;1;UFV;Radiação solar;Microgeracao;8,00;;;
2026-08-19;08/2026;03467321000199;EMT;ENERGISA MATO GROSSO - DISTRIBUIDORA DE ENERGIA S.A.;RE;Residencial;;B1;51;MT;1;Centro Oeste;5107909;Sinop;78550***;PF;GD.MT.000.004.719;2016-06-06;;Geracao na propria UC;1;UFV;Radiação solar;Microgeracao;8,32;;;
2026-08-19;08/2026;03467321000199;EMT;ENERGISA MATO GROSSO - DISTRIBUIDORA DE ENERGIA S.A.;RE;Residencial;;B1;51;MT;1;Centro Oeste;5107909;Sinop;78555***;PF;GD.MT.000.004.722;2016-05-25;;Geracao na propria UC;1;UFV;Radiação solar;Microgeracao;20,28;;;
2026-08-19;08/2026;04895728000180;EQUATORIAL PA;EQUATORIAL PARA DISTRIBUIDORA DE ENERGIA S.A.;RE;Residencial;;B1;15;PA;2;Norte;1501402;Belém;66055***;PF;GD.AL.002.756.130;2025-12-01;;Geracao na propria UC;1;UFV;Radiação solar;Microgeracao;7,50;;;
2026-08-19;08/2026;04895728000180;EQUATORIAL PA;EQUATORIAL PARA DISTRIBUIDORA DE ENERGIA S.A.;RE;Residencial;;B1;15;PA;2;Norte;1501402;Belém;66670***;PF;GD.PA.000.001.189;2016-09-20;;Geracao na propria UC;1;UFV;Radiação solar;Microgeracao;1,75;;;
2026-08-19;08/2026;04895728000180;EQUATORIAL PA;EQUATORIAL PARA DISTRIBUIDORA DE ENERGIA S.A.;RE;Residencial;;B1;15;PA;2;Norte;1505502;Paragominas;68626***;PF;GD.PA.000.004.427;2016-11-11;;Geracao na propria UC;1;UFV;Radiação solar;Microgeracao;3,00;;;
2026-08-19;08/2026;04895728000180;EQUATORIAL PA;EQUATORIAL PARA DISTRIBUIDORA DE ENERGIA S.A.;RE;Residencial;;B1;15;PA;2;Norte;1502400;Castanhal;68445***;PF;GD.PA.000.004.428;2016-11-14;;Geracao na propria UC;1;UFV;Radiação solar;Microgeracao;9,80;;;
2026-08-19;08/2026;04895728000180;EQUATORIAL PA;EQUATORIAL PARA DISTRIBUIDORA DE ENERGIA S.A.;CO;Comercial;;A4;15;PA;2;Norte;1501402;Belém;66093050  ;PJ;GD.PA.000.006.835;2014-08-13;;Geracao na propria UC;1;UFV;Radiação solar;Microgeracao;24,00;;;
2026-08-19;08/2026;04895728000180;EQUATORIAL PA;EQUATORIAL PARA DISTRIBUIDORA DE ENERGIA S.A.;RE;Residencial;;B1;15;PA;2;Norte;1501402;Belém;66825***;PF;GD.PA.000.006.836;2014-09-09;;Geracao na propria UC;1;UFV;Radiação solar;Microgeracao;1,00;;;
2026-08-19;08/2026;04895728000180;EQUATORIAL PA;EQUATORIAL PARA DISTRIBUIDORA DE ENERGIA S.A.;CO;Comercial;;A4;15;PA;2;Norte;1501402;Belém;66085220  ;PJ;GD.PA.000.006.837;2015-02-13;;Geracao na propria UC;1;UFV;Radiação solar;Microgeracao;2,50;;;
2026-08-19;08/2026;04895728000180;EQUATORIAL PA;EQUATORIAL PARA DISTRIBUIDORA DE ENERGIA S.A.;RE;Residencial;;B1;15;PA;2;Norte;1501402;Belém;66615***;PF;GD.PA.000.006.838;2024-12-26;;Geracao na propria UC;1;UFV;Radiação solar;Microgeracao;5,00;;;
2026-08-19;08/2026;04895728000180;EQUATORIAL PA;EQUATORIAL PARA DISTRIBUIDORA DE ENERGIA S.A.;RE;Residencial;;B1;15;PA;2;Norte;1501402;Belém;66075***;PF;GD.PA.000.006.839;2016-01-04;;Geracao na propria UC;1;UFV;Radiação solar;Microgeracao;2,50;;;
2026-08-19;08/2026;04895728000180;EQUATORIAL PA;EQUATORIAL PARA DISTRIBUIDORA DE ENERGIA S.A.;RE;Residencial;;B1;15;PA;2;Norte;1501402;Belém;66075***;PF;GD.PA.000.006.840;2016-01-04;;Geracao na propria UC;1;UFV;Radiação solar;Microgeracao;2,50;;;
2026-08-19;08/2026;04895728000180;EQUATORIAL PA;EQUATORIAL PARA DISTRIBUIDORA DE ENERGIA S.A.;RE;Residencial;;B1;15;PA;2;Norte;1501402;Belém;66075***;PF;GD.PA.000.006.841;2023-05-11;;Geracao na propria UC;1;UFV;Radiação solar;Microgeracao;8,00;;;
2026-08-19;08/2026;04895728000180;EQUATORIAL PA;EQUATORIAL PARA DISTRIBUIDORA DE ENERGIA S.A.;RE;Residencial;;B1;15;PA;2;Norte;1501402;Belém;66075***;PF;GD.PA.000.006.842;2022-12-06;;Geracao na propria UC;1;UFV;Radiação solar;Microgeracao;5,00;;;
2026-08-19;08/2026;04895728000180;EQUATORIAL PA;EQUATORIAL PARA DISTRIBUIDORA DE ENERGIA S.A.;RE;Residencial;;B1;15;PA;2;Norte;1501402;Belém;66075***;PF;GD.PA.000.006.843;2016-01-13;;Geracao na propria UC;1;UFV;Radiação solar;Microgeracao;2,50;;;
2026-08-19;08/2026;04895728000180;EQUATORIAL PA;EQUATORIAL PARA DISTRIBUIDORA DE ENERGIA S.A.;RE;Residencial;;B1;15;PA;2;Norte;1501402;Belém;66075***;PF;GD.PA.000.006.844;2016-01-13;;Geracao na propria UC;1;UFV;Radiação solar;Microgeracao;2,50;;;
2026-08-19;08/2026;04895728000180;EQUATORIAL PA;EQUATORIAL PARA DISTRIBUIDORA DE ENERGIA S.A.;RE;Residencial;;B1;15;PA;2;Norte;1501402;Belém;66075***;PF;GD.PA.000.006.845;2016-01-13;;Geracao na propria UC;1;UFV;Radiação solar;Microgeracao;2,50;;;
2026-08-19;08/2026;04895728000180;EQUATORIAL PA;EQUATORIAL PARA DISTRIBUIDORA DE ENERGIA S.A.;RE;Residencial;;B1;15;PA;2;Norte;1501402;Belém;66075***;PF;GD.PA.000.006.846;2022-12-05;;Geracao na propria UC;1;UFV;Radiação solar;Microgeracao;8,50;;;
2026-08-19;08/2026;04895728000180;EQUATORIAL PA;EQUATORIAL PARA DISTRIBUIDORA DE ENERGIA S.A.;RE;Residencial;;B1;15;PA;2;Norte;1501402;Belém;66075***;PF;GD.PA.000.006.847;2016-01-04;;Geracao na propria UC;1;UFV;Radiação solar;Microgeracao;2,50;;;
2026-08-19;08/2026;04895728000180;EQUATORIAL PA;EQUATORIAL PARA DISTRIBUIDORA DE ENERGIA S.A.;RE;Residencial;;B1;15;PA;2;Norte;1501402;Belém;66075***;PF;GD.PA.000.006.848;2015-10-30;;Geracao na propria UC;1;UFV;Radiação solar;Microgeracao;2,50;;;
2026-08-19;08/2026;04895728000180;EQUATORIAL PA;EQUATORIAL PARA DISTRIBUIDORA DE ENERGIA S.A.;RE;Residencial;;B1;15;PA;2;Norte;1501402;Belém;66075***;PF;GD.PA.000.006.849;2023-03-30;;Geracao na propria UC;1;UFV;Radiação solar;Microgeracao;10,50;;;
2026-08-19;08/2026;04895728000180;EQUATORIAL PA;EQUATORIAL PARA DISTRIBUIDORA DE ENERGIA S.A.;RE;Residencial;;B1;15;PA;2;Norte;1501402;Belém;66075***;PF;GD.PA.000.006.850;2016-01-04;;Geracao na propria UC;1;UFV;Radiação solar;Microgeracao;2,50;;;
2026-08-19;08/2026;04895728000180;EQUATORIAL PA;EQUATORIAL PARA DISTRIBUIDORA DE ENERGIA S.A.;RE;Residencial;;B1;15;PA;2;Norte;1501402;Belém;66075***;PF;GD.PA.000.006.851;2016-01-13;;Geracao na propria UC;1;UFV;Radiação solar;Microgeracao;2,50;;;
2026-08-19;08/2026;04895728000180;EQUATORIAL PA;EQUATORIAL PARA DISTRIBUIDORA DE ENERGIA S.A.;RE;Residencial;;B1;15;PA;2;Norte;1501402;Belém;66075***;PF;GD.PA.000.006.852;2016-01-13;;Geracao na propria UC;1;UFV;Radiação solar;Microgeracao;2,50;;;
2026-08-19;08/2026;04895728000180;EQUATORIAL PA;EQUATORIAL PARA DISTRIBUIDORA DE ENERGIA S.A.;RE;Residencial;;B1;15;PA;2;Norte;1501402;Belém;66075***;PF;GD.PA.000.006.853;2016-01-13;;Geracao na propria UC;1;UFV;Radiação solar;Microgeracao;2,50;;;
2026-08-19;08/2026;04895728000180;EQUATORIAL PA;EQUATORIAL PARA DISTRIBUIDORA DE ENERGIA S.A.;RE;Residencial;;B1;15;PA;2;Norte;1501402;Belém;66075***;PF;GD.PA.000.006.854;2016-01-04;;Geracao na propria UC;1;UFV;Radiação solar;Microgeracao;2,50;;;
2026-08-19;08/2026;04895728000180;EQUATORIAL PA;EQUATORIAL PARA DISTRIBUIDORA DE ENERGIA S.A.;RE;Residencial;;B1;15;PA;2;Norte;1501402;Belém;66075***;PF;GD.PA.000.006.855;2016-01-13;;Geracao na propria UC;1;UFV;Radiação solar;Microgeracao;2,50;;;
2026-08-19;08/2026;04895728000180;EQUATORIAL PA;EQUATORIAL PARA DISTRIBUIDORA DE ENERGIA S.A.;RE;Residencial;;B1;15;PA;2;Norte;1501402;Belém;66075***;PF;GD.PA.000.006.856;2016-01-04;;Geracao na propria UC;1;UFV;Radiação solar;Microgeracao;2,50;;;
2026-08-19;08/2026;04895728000180;EQUATORIAL PA;EQUATORIAL PARA DISTRIBUIDORA DE ENERGIA S.A.;RE;Residencial;;B1;15;PA;2;Norte;1501402;Belém;66075***;PF;GD.PA.000.006.857;2016-01-04;;Geracao na propria UC;1;UFV;Radiação solar;Microgeracao;2,50;;;
2026-08-19;08/2026;04895728000180;EQUATORIAL PA;EQUATORIAL PARA DISTRIBUIDORA DE ENERGIA S.A.;RE;Residencial;;B1;15;PA;2;Norte;1501402;Belém;66075***;PF;GD.PA.000.006.858;2016-01-13;;Geracao na propria UC;1;UFV;Radiação solar;Microgeracao;2,50;;;
2026-08-19;08/2026;04895728000180;EQUATORIAL PA;EQUATORIAL PARA DISTRIBUIDORA DE ENERGIA S.A.;RE;Residencial;;B1;15;PA;2;Norte;1501402;Belém;66075***;PF;GD.PA.000.006.859;2016-01-13;;Geracao na propria UC;1;UFV;Radiação solar;Microgeracao;2,50;;;
2026-08-19;08/2026;04895728000180;EQUATORIAL PA;EQUATORIAL PARA DISTRIBUIDORA DE ENERGIA S.A.;RE;Residencial;;B1;15;PA;2;Norte;1501402;Belém;66075***;PF;GD.PA.000.006.860;2016-01-04;;Geracao na propria UC;1;UFV;Radiação solar;Microgeracao;2,50;;;
2026-08-19;08/2026;04895728000180;EQUATORIAL PA;EQUATORIAL PARA DISTRIBUIDORA DE ENERGIA S.A.;RE;Residencial;;B1;15;PA;2;Norte;1508001;Tomé-Açu;68682***;PF;GD.PA.000.006.865;2016-09-21;;Geracao na propria UC;1;UFV;Radiação solar;Microgeracao;4,00;;;
2026-08-19;08/2026;04895728000180;EQUATORIAL PA;EQUATORIAL PARA DISTRIBUIDORA DE ENERGIA S.A.;CO;Comercial;;B3;15;PA;2;Norte;1505502;Paragominas;68625***;PF;GD.PA.000.006.867;2016-08-17;;Geracao na propria UC;1;UFV;Radiação solar;Microgeracao;12,00;;;
2026-08-19;08/2026;04895728000180;EQUATORIAL PA;EQUATORIAL PARA DISTRIBUIDORA DE ENERGIA S.A.;CO;Comercial;;B3;15;PA;2;Norte;1502202;Capanema;68700***;PF;GD.PA.000.006.868;2016-07-12;;Geracao na propria UC;1;UFV;Radiação solar;Microgeracao;6,00;CAPIVARI 1;-47,50;-22,99
2026-08-19;08/2026;04895728000180;EQUATORIAL PA;EQUATORIAL PARA DISTRIBUIDORA DE ENERGIA S.A.;RE;Residencial;;B1;15;PA;2;Norte;1501402;Belém;66813***;PF;GD.PA.000.006.870;2016-03-10;;Geracao na propria UC;1;UFV;Radiação solar;Microgeracao;3,00;;;
2026-08-19;08/2026;04895728000180;EQUATORIAL PA;EQUATORIAL PARA DISTRIBUIDORA DE ENERGIA S.A.;RE;Residencial;;B1;15;PA;2;Norte;1501402;Belém;66063***;PF;GD.PA.000.006.872;2016-08-22;;Geracao na propria UC;1;UFV;Radiação solar;Microgeracao;8,32;;;
2026-08-19;08/2026;04895728000180;EQUATORIAL PA;EQUATORIAL PARA DISTRIBUIDORA DE ENERGIA S.A.;RE;Residencial;;B1;15;PA;2;Norte;1501303;Barcarena;68445***;PF;GD.PA.000.006.873;2023-09-28;;Geracao na propria UC;1;UFV;Radiação solar;Microgeracao;10,00;;;
2026-08-19;08/2026;04895728000180;EQUATORIAL PA;EQUATORIAL PARA DISTRIBUIDORA DE ENERGIA S.A.;RE;Residencial;;B1;15;PA;2;Norte;1501402;Belém;66620***;PF;GD.PA.000.006.876;2023-02-24;;Geracao na propria UC;1;UFV;Radiação solar;Microgeracao;3,00;;;
2026-08-19;08/2026;04895728000180;EQUATORIAL PA;EQUATORIAL PARA DISTRIBUIDORA DE ENERGIA S.A.;RE;Residencial;;B1;15;PA;2;Norte;1506807;Santarém;68005***;PF;GD.PA.000.006.878;2016-09-12;;Geracao na propria UC;1;UFV;Radiação solar;Microgeracao;10,00;;;
2026-08-19;08/2026;04895728000180;EQUATORIAL PA;EQUATORIAL PARA DISTRIBUIDORA DE ENERGIA S.A.;CO;Comercial;;B1;15;PA;2;Norte;1505502;Paragominas;68626000  ;PJ;GD.PA.000.006.881;2016-10-01;;Compartilhada;17;UFV;Radiação solar;Microgeracao;15,00;;;
2026-08-19;08/2026;04895728000180;EQUATORIAL PA;EQUATORIAL PARA DISTRIBUIDORA DE ENERGIA S.A.;RE;Residencial;;B1;15;PA;2;Norte;1501402;Belém;66080***;PF;GD.PA.000.006.883;2016-07-22;;Geracao na propria UC;1;UFV;Radiação solar;Microgeracao;1,20;;;
2026-08-19;08/2026;09095183000140;EPB;ENERGISA PARAIBA - DISTRIBUIDORA DE ENERGIA S.A;RE;Residencial;;B1;25;PB;3;Nordeste;2507507;João Pessoa;58046***;PF;GD.PB.000.000.600;2016-09-16;;Auto consumo remoto;2;UFV;Radiação solar;Microgeracao;12,50;;;
2026-08-19;08/2026;09095183000140;EPB;ENERGISA PARAIBA - DISTRIBUIDORA DE ENERGIA S.A;RE;Residencial;;B1;25;PB;3;Nordeste;2507507;João Pessoa;58051***;PF;GD.PB.000.001.351;2016-07-26;;Auto consumo remoto;2;UFV;Radiação solar;Microgeracao;2,08;;;
2026-08-19;08/2026;09095183000140;EPB;ENERGISA PARAIBA - DISTRIBUIDORA DE ENERGIA S.A;RE;Residencial;;B1;25;PB;3;Nordeste;2512101;Pombal;58840000  ;PJ;GD.PB.000.001.352;2016-07-23;;Auto consumo remoto;2;UFV;Radiação solar;Microgeracao;4,00;;;
2026-08-19;08/2026;09095183000140;EPB;ENERGISA PARAIBA - DISTRIBUIDORA DE ENERGIA S.A;RU;Rural;;B2;25;PB;3;Nordeste;2502102;Boa Ventura;58993***;PF;GD.PB.000.001.382;2016-06-30;;Geracao na propria UC;1;UFV;Radiação solar;Microgeracao;8,32;;;
2026-08-19;08/2026;09095183000140;EPB;ENERGISA PARAIBA - DISTRIBUIDORA DE ENERGIA S.A;RE;Residencial;;B1;25;PB;3;Nordeste;2503209;Cabedelo;58102***;PF;GD.PB.000.001.544;2016-10-21;;Geracao na propria UC;1;UFV;Radiação solar;Microgeracao;5,00;;;
2026-08-19;08/2026;09095183000140;EPB;ENERGISA PARAIBA - DISTRIBUIDORA DE ENERGIA S.A;RE;Residencial;;B1;25;PB;3;Nordeste;2514503;São José de Piranhas;58940***;PF;GD.PB.000.001.545;2016-06-10;;Geracao na propria UC;1;UFV;Radiação solar;Microgeracao;18,50;;;
2026-08-19;08/2026;09095183000140;EPB;ENERGISA PARAIBA - DISTRIBUIDORA DE ENERGIA S.A;RE;Residencial;;B1;25;PB;3;Nordeste;2514503;São José de Piranhas;58940***;PF;GD.PB.000.001.547;2016-06-10;;Auto consumo remoto;3;UFV;Radiação solar;Microgeracao;15,00;;;
2026-08-19;08/2026;09095183000140;EPB;ENERGISA PARAIBA - DISTRIBUIDORA DE ENERGIA S.A;RE;Residencial;;B1;25;PB;3;Nordeste;2507507;João Pessoa;58030***;PF;GD.PB.000.003.719;2016-06-01;;Geracao na propria UC;1;UFV;Radiação solar;Microgeracao;2,50;;;
2026-08-19;08/2026;09095183000140;EPB;ENERGISA PARAIBA - DISTRIBUIDORA DE ENERGIA S.A;RE;Residencial;;B1;25;PB;3;Nordeste;2512101;Pombal;58888***;PF;GD.PB.000.003.754;2016-08-06;;Geracao na propria UC;1;UFV;Radiação solar;Microgeracao;4,00;;;
2026-08-19;08/2026;09095183000140;EPB;ENERGISA PARAIBA - DISTRIBUIDORA DE ENERGIA S.A;CO;Comercial;;B3;25;PB;3;Nordeste;2507507;João Pessoa;58071510  ;PJ;GD.PB.000.003.765;2016-06-07;;Geracao na propria UC;1;UFV;Radiação solar;Microgeracao;8,20;;;
2026-08-19;08/2026;09095183000140;EPB;ENERGISA PARAIBA - DISTRIBUIDORA DE ENERGIA S.A;RE;Residencial;;B1;25;PB;3;Nordeste;2516201;Sousa;58800000  ;PJ;GD.PB.000.004.051;2016-06-21;;Geracao na propria UC;1;UFV;Radiação solar;Microgeracao;32,48;;;
2026-08-19;08/2026;09095183000140;EPB;ENERGISA PARAIBA - DISTRIBUIDORA DE ENERGIA S.A;RE;Residencial;;B1;25;PB;3;Nordeste;2507507;João Pessoa;58046527  ;PJ;GD.PB.000.004.055;2016-06-03;;Geracao na propria UC;1;UFV;Radiação solar;Microgeracao;6,00;;;
2026-08-19;08/2026;09095183000140;EPB;ENERGISA PARAIBA - DISTRIBUIDORA DE ENERGIA S.A;RE;Residencial;;B1;25;PB;3;Nordeste;2503209;Cabedelo;58102***;PF;GD.PB.000.004.252;2016-06-02;;Geracao na propria UC;1;UFV;Radiação solar;Microgeracao;4,00;;;
2026-08-19;08/2026;09095183000140;EPB;ENERGISA PARAIBA - DISTRIBUIDORA DE ENERGIA S.A;RE;Residencial;;B1;25;PB;3;Nordeste;2507507;João Pessoa;58039***;PF;GD.PB.000.004.257;2016-06-02;;Geracao na propria UC;1;UFV;Radiação solar;Microgeracao;9,90;;;
2026-08-19;08/2026;09095183000140;EPB;ENERGISA PARAIBA - DISTRIBUIDORA DE ENERGIA S.A;RE;Residencial;;B1;25;PB;3;Nordeste;2507507;João Pessoa;58046***;PF;GD.PB.000.004.261;2020-06-17;;Geracao na propria UC;1;UFV;Radiação solar;Microgeracao;6,00;;;
2026-08-19;08/2026;09095183000140;EPB;ENERGISA PARAIBA - DISTRIBUIDORA DE ENERGIA S.A;CO;Comercial;;B3;25;PB;3;Nordeste;2504306;Catolé do Rocha;58884***;PF;GD.PB.000.004.268;2015-11-13;;Geracao na propria UC;1;UFV;Radiação solar;Microgeracao;12,50;;;
2026-08-19;08/2026;09095183000140;EPB;ENERGISA PARAIBA - DISTRIBUIDORA DE ENERGIA S.A;RE;Residencial;;B1;25;PB;3;Nordeste;2507002;Itaporanga;58780***;PF;GD.PB.000.004.276;2016-07-06;;Auto consumo remoto;2;UFV;Radiação solar;Microgeracao;1,20;;;
2026-08-19;08/2026;09095183000140;EPB;ENERGISA PARAIBA - DISTRIBUIDORA DE ENERGIA S.A;PP;Poder Público;;B3;25;PB;3;Nordeste;2503209;Cabedelo;58310000  ;PJ;GD.PB.000.004.284;2016-07-14;;Geracao na propria UC;1;UFV;Radiação solar;Microgeracao;75,00;;;
2026-08-19;08/2026;09095183000140;EPB;ENERGISA PARAIBA - DISTRIBUIDORA DE ENERGIA S.A;RE;Residencial;;B1;25;PB;3;Nordeste;2507507;João Pessoa;58046***;PF;GD.PB.000.004.362;2016-05-16;;Geracao na propria UC;1;UFV;Radiação solar;Microgeracao;2,50;;;
2026-08-19;08/2026;09095183000140;EPB;ENERGISA PARAIBA - DISTRIBUIDORA DE ENERGIA S.A;RE;Residencial;;B1;25;PB;3;Nordeste;2516201;Sousa;58807***;PF;GD.PB.000.004.384;2016-05-20;;Geracao na propria UC;1;UFV;Radiação solar;Microgeracao;2,00;;;
2026-08-19;08/2026;09095183000140;EPB;ENERGISA PARAIBA - DISTRIBUIDORA DE ENERGIA S.A;RE;Residencial;;B1;25;PB;3;Nordeste;2507507;João Pessoa;58073***;PF;GD.PB.000.004.445;2016-03-31;;Auto consumo remoto;2;UFV;Radiação solar;Microgeracao;8,00;;;
2026-08-19;08/2026;09095183000140;EPB;ENERGISA PARAIBA - DISTRIBUIDORA DE ENERGIA S.A;RE;Residencial;;B1;25;PB;3;Nordeste;2507507;João Pessoa;58048***;PF;GD.PB.000.004.515;2016-11-05;;Auto consumo remoto;3;UFV;Radiação solar;Microgeracao;5,00;;;
2026-08-19;08/2026;09095183000140;EPB;ENERGISA PARAIBA - DISTRIBUIDORA DE ENERGIA S.A;PP;Poder Público;;A4;25;PB;3;Nordeste;2507507;João Pessoa;58015***;PF;GD.PB.000.004.799;2016-06-06;;Geracao na propria UC;1;UFV;Radiação solar;Microgeracao;75,00;;;
2026-08-19;08/2026;09095183000140;EPB;ENERGISA PARAIBA - DISTRIBUIDORA DE ENERGIA S.A;RE;Residencial;;B1;25;PB;3;Nordeste;2507507;João Pessoa;58046510  ;PJ;GD.PB.000.004.898;2015-08-18;;Geracao na propria UC;1;UFV;Radiação solar;Microgeracao;1,40;;;
2026-08-19;08/2026;09095183000140;EPB;ENERGISA PARAIBA - DISTRIBUIDORA DE ENERGIA S.A;RE;Residencial;;B1;25;PB;3;Nordeste;2507507;João Pessoa;58051300  ;PJ;GD.PB.000.004.906;2015-05-05;;Geracao na propria UC;1;UFV;Radiação solar;Microgeracao;3,92;;;
2026-08-19;08/2026;09095183000140;EPB;ENERGISA PARAIBA - DISTRIBUIDORA DE ENERGIA S.A;RU;Rural;;B2;25;PB;3;Nordeste;2514503;São José de Piranhas;58940000  ;PJ;GD.PB.000.004.908;2015-09-17;;Auto consumo remoto;3;UFV;Radiação solar;Microgeracao;7,50;;;
2026-08-19;08/2026;09095183000140;EPB;ENERGISA PARAIBA - DISTRIBUIDORA DE ENERGIA S.A;RE;Residencial;;B1;25;PB;3;Nordeste;2504603;Conde;58322***;PF;GD.PB.000.004.910;2015-03-02;;Auto consumo remoto;2;UFV;Radiação solar;Microgeracao;,20;;;
2026-08-19;08/2026;09095183000140;EPB;ENERGISA PARAIBA - DISTRIBUIDORA DE ENERGIA S.A;RE;Residencial;;B1;25;PB;3;Nordeste;2516201;Sousa;58800***;PF;GD.PB.000.005.081;2016-11-25;;Auto consumo remoto;2;UFV;Radiação solar;Microgeracao;9,50;;;
2026-08-19;08/2026;09095183000140;EPB;ENERGISA PARAIBA - DISTRIBUIDORA DE ENERGIA S.A;CO;Comercial;;A4;25;PB;3;Nordeste;2507507;João Pessoa;58030***;PF;GD.PB.000.005.092;2016-10-31;;Geracao na propria UC;1;UFV;Radiação solar;Microgeracao;7,10;;;
2026-08-19;08/2026;09095183000140;EPB;ENERGISA PARAIBA - DISTRIBUIDORA DE ENERGIA S.A;RE;Residencial;;B1;25;PB;3;Nordeste;2507507;João Pessoa;58000***;PF;GD.PB.000.005.206;2014-10-23;;Geracao na propria UC;1;UFV;Radiação solar;Microgeracao;,54;;;
2026-08-19;08/2026;09095183000140;EPB;ENERGISA PARAIBA - DISTRIBUIDORA DE ENERGIA S.A;RE;Residencial;;B1;25;PB;3;Nordeste;2507507;João Pessoa;58000***;PF;GD.PB.000.005.400;2014-10-23;;Geracao na propria UC;1;UFV;Radiação solar;Microgeracao;,54;;;
2026-08-19;08/2026;09095183000140;EPB;ENERGISA PARAIBA - DISTRIBUIDORA DE ENERGIA S.A;RE;Residencial;;B1;25;PB;3;Nordeste;2507507;João Pessoa;58059***;PF;GD.PB.000.005.402;2014-10-23;;Geracao na propria UC;1;UFV;Radiação solar;Microgeracao;,54;;;
2026-08-19;08/2026;09095183000140;EPB;ENERGISA PARAIBA - DISTRIBUIDORA DE ENERGIA S.A;RE;Residencial;;B1;25;PB;3;Nordeste;2507507;João Pessoa;58000***;PF;GD.PB.000.005.438;2014-10-23;;Geracao na propria UC;1;UFV;Radiação solar;Microgeracao;,54;;;
2026-08-19;08/2026;09095183000140;EPB;ENERGISA PARAIBA - DISTRIBUIDORA DE ENERGIA S.A;RE;Residencial;;B1;25;PB;3;Nordeste;2507507;João Pessoa;58000***;PF;GD.PB.000.005.444;2014-10-23;;Geracao na propria UC;1;UFV;Radiação solar;Microgeracao;,54;;;
2026-08-19;08/2026;09095183000140;EPB;ENERGISA PARAIBA - DISTRIBUIDORA DE ENERGIA S.A;RE;Residencial;;B1;25;PB;3;Nordeste;2507507;João Pessoa;58000***;PF;GD.PB.000.005.447;2014-10-23;;Geracao na propria UC;1;UFV;Radiação solar;Microgeracao;,54;;;
2026-08-19;08/2026;09095183000140;EPB;ENERGISA PARAIBA - DISTRIBUIDORA DE ENERGIA S.A;RE;Residencial;;B1;25;PB;3;Nordeste;2507507;João Pessoa;58046***;PF;GD.PB.000.005.459;2014-09-02;;Geracao na propria UC;1;UFV;Radiação solar;Microgeracao;3,00;;;
2026-08-19;08/2026;09095183000140;EPB;ENERGISA PARAIBA - DISTRIBUIDORA DE ENERGIA S.A;RE;Residencial;;B1;25;PB;3;Nordeste;2510808;Patos;58703***;PF;GD.PB.000.006.073;2014-07-11;;Geracao na propria UC;1;UFV;Radiação solar;Microgeracao;5,00;;;
2026-08-19;08/2026;09095183000140;EPB;ENERGISA PARAIBA - DISTRIBUIDORA DE ENERGIA S.A;RE;Residencial;;B1;25;PB;3;Nordeste;2503209;Cabedelo;58310***;PF;GD.PB.000.006.483;2016-12-27;;Geracao na propria UC;1;UFV;Radiação solar;Microgeracao;4,60;;;
2026-08-19;08/2026;09095183000140;EPB;ENERGISA PARAIBA - DISTRIBUIDORA DE ENERGIA S.A;CO;Comercial;;B3;25;PB;3;Nordeste;2507507;João Pessoa;58046***;PF;GD.PB.000.007.257;2014-06-25;;Geracao na propria UC;1;UFV;Radiação solar;Microgeracao;2,35;;;
2026-08-19;08/2026;09095183000140;EPB;ENERGISA PARAIBA - DISTRIBUIDORA DE ENERGIA S.A;IN;Industrial;;B3;25;PB;3;Nordeste;2507507;João Pessoa;58082005  ;PJ;GD.PB.000.007.356;2017-01-05;;Geracao na propria UC;1;UFV;Radiação solar;Microgeracao;20,00;;;
2026-08-19;08/2026;15139629000194;COELBA;COMPANHIA DE ELETRICIDADE DO ESTADO DA BAHIA COELBA;RE;Residencial;;B1;26;PE;3;Nordeste;2614006;Serrita;56140***;PF;GD.BA.003.264.546;2023-09-13;;Geracao na propria UC;1;UFV;Radiação solar;Microgeracao;2,20;;;
2026-08-19;08/2026;10835932000108;Neoenergia PE;COMPANHIA ENERGETICA DE PERNAMBUCO;RE;Residencial;;B1;26;PE;3;Nordeste;2606002;Garanhuns;55294***;PF;GD.PE.000.000.916;2016-09-01;;Auto consumo remoto;2;UFV;Radiação solar;Microgeracao;2,50;;;
2026-08-19;08/2026;10835932000108;Neoenergia PE;COMPANHIA ENERGETICA DE PERNAMBUCO;RE;Residencial;;B1;26;PE;3;Nordeste;2607208;Ipojuca;55590***;PF;GD.PE.000.000.923;2016-09-02;;Auto consumo remoto;2;UFV;Radiação solar;Microgeracao;4,60;;;
2026-08-19;08/2026;10835932000108;Neoenergia PE;COMPANHIA ENERGETICA DE PERNAMBUCO;RE;Residencial;;B1;26;PE;3;Nordeste;2607208;Ipojuca;56516***;PF;GD.PE.000.000.929;2016-09-14;;Auto consumo remoto;2;UFV;Radiação solar;Microgeracao;3,30;;;
2026-08-19;08/2026;10835932000108;Neoenergia PE;COMPANHIA ENERGETICA DE PERNAMBUCO;RE;Residencial;;B1;26;PE;3;Nordeste;2601201;Arcoverde;56516***;PF;GD.PE.000.000.931;2016-09-15;;Geracao na propria UC;1;UFV;Radiação solar;Microgeracao;4,08;;;
2026-08-19;08/2026;10835932000108;Neoenergia PE;COMPANHIA ENERGETICA DE PERNAMBUCO;RE;Residencial;;B1;26;PE;3;Nordeste;2611101;Petrolina;56332***;PF;GD.PE.000.000.933;2016-09-16;;Auto consumo remoto;2;UFV;Radiação solar;Microgeracao;2,50;;;
2026-08-19;08/2026;10835932000108;Neoenergia PE;COMPANHIA ENERGETICA DE PERNAMBUCO;RE;Residencial;;B1;26;PE;3;Nordeste;2610707;Paulista;53431***;PF;GD.PE.000.000.937;2016-12-13;;Auto consumo remoto;2;UFV;Radiação solar;Microgeracao;1,50;;;
2026-08-19;08/2026;10835932000108;Neoenergia PE;COMPANHIA ENERGETICA DE PERNAMBUCO;CO;Comercial;;A4;26;PE;3;Nordeste;2611606;Recife;52041330  ;PJ;GD.PE.000.000.943;2016-09-20;;Geracao na propria UC;1;UFV;Radiação solar;Microgeracao;33,40;;;
2026-08-19;08/2026;10835932000108;Neoenergia PE;COMPANHIA ENERGETICA DE PERNAMBUCO;CO;Comercial;;A4;26;PE;3;Nordeste;2600054;Abreu e Lima;53579130  ;PJ;GD.PE.000.000.961;2016-09-29;;Geracao na propria UC;1;UFV;Radiação solar;Microgeracao;24,00;;;
2026-08-19;08/2026;10835932000108;Neoenergia PE;COMPANHIA ENERGETICA DE PERNAMBUCO;CO;Comercial;;B3;26;PE;3;Nordeste;2605459;Fernando de Noronha;53990000  ;PJ;GD.PE.000.000.962;2016-09-26;;Geracao na propria UC;1;UFV;Radiação solar;Microgeracao;3,06;;;
2026-08-19;08/2026;10835932000108;Neoenergia PE;COMPANHIA ENERGETICA DE PERNAMBUCO;RE;Residencial;;B1;26;PE;3;Nordeste;2609600;Olinda;53140***;PF;GD.PE.000.001.033;2016-09-21;;Geracao na propria UC;1;UFV;Radiação solar;Microgeracao;3,72;;;
2026-08-19;08/2026;10835932000108;Neoenergia PE;COMPANHIA ENERGETICA DE PERNAMBUCO;RE;Residencial;;B1;26;PE;3;Nordeste;2610707;Paulista;53431***;PF;GD.PE.000.001.238;2016-09-16;;Auto consumo remoto;3;UFV;Radiação solar;Microgeracao;10,00;;;
2026-08-19;08/2026;10835932000108;Neoenergia PE;COMPANHIA ENERGETICA DE PERNAMBUCO;PP;Poder Público;;A4;26;PE;3;Nordeste;2605459;Fernando de Noronha;53990000  ;PJ;GD.PE.000.001.312;2014-07-18;;Auto consumo remoto;2;UFV;Radiação solar;Minigeracao;361,64;;;
2026-08-19;08/2026;10835932000108;Neoenergia PE;COMPANHIA ENERGETICA DE PERNAMBUCO;RE;Residencial;;B1;26;PE;3;Nordeste;2606408;Gravatá;55644***;PF;GD.PE.000.001.313;2014-12-02;;Geracao na propria UC;1;UFV;Radiação solar;Microgeracao;2,00;;;
2026-08-19;08/2026;10835932000108;Neoenergia PE;COMPANHIA ENERGETICA DE PERNAMBUCO;PP;Poder Público;;A4;26;PE;3;Nordeste;2610905;Pesqueira;55200000  ;PJ;GD.PE.000.001.314;2015-03-20;;Geracao na propria UC;1;UFV;Radiação solar;Microgeracao;12,00;;;
2026-08-19;08/2026;10835932000108;Neoenergia PE;COMPANHIA ENERGETICA DE PERNAMBUCO;PP;Poder Público;;A4;26;PE;3;Nordeste;2611606;Recife;50040090  ;PJ;GD.PE.000.001.320;2014-10-08;;Geracao na propria UC;1;UFV;Radiação solar;Microgeracao;8,28;;;
2026-08-19;08/2026;10835932000108;Neoenergia PE;COMPANHIA ENERGETICA DE PERNAMBUCO;RE;Residencial;;B1;26;PE;3;Nordeste;2603454;Camaragibe;54750***;PF;GD.PE.000.001.321;2013-08-20;;Auto consumo remoto;2;UFV;Radiação solar;Microgeracao;3,00;;;
2026-08-19;08/2026;10835932000108;Neoenergia PE;COMPANHIA ENERGETICA DE PERNAMBUCO;RE;Residencial;;B1;26;PE;3;Nordeste;2610608;Paudalho;58825***;PF;GD.PE.000.001.408;2014-12-23;;Auto consumo remoto;3;UFV;Radiação solar;Microgeracao;9,51;;;
2026-08-19;08/2026;10835932000108;Neoenergia PE;COMPANHIA ENERGETICA DE PERNAMBUCO;RE;Residencial;;B1;26;PE;3;Nordeste;2603454;Camaragibe;54750***;PF;GD.PE.000.001.410;2015-03-04;;Geracao na propria UC;1;UFV;Radiação solar;Microgeracao;3,80;;;
2026-08-19;08/2026;10835932000108;Neoenergia PE;COMPANHIA ENERGETICA DE PERNAMBUCO;RE;Residencial;;B1;26;PE;3;Nordeste;2611606;Recife;52061***;PF;GD.PE.000.001.411;2015-04-09;;Geracao na propria UC;1;UFV;Radiação solar;Microgeracao;3,92;;;
2026-08-19;08/2026;10835932000108;Neoenergia PE;COMPANHIA ENERGETICA DE PERNAMBUCO;RE;Residencial;;B1;26;PE;3;Nordeste;2609600;Olinda;53370***;PF;GD.PE.000.001.413;2015-04-15;;Auto consumo remoto;2;UFV;Radiação solar;Microgeracao;5,20;;;
2026-08-19;08/2026;10835932000108;Neoenergia PE;COMPANHIA ENERGETICA DE PERNAMBUCO;RE;Residencial;;B1;26;PE;3;Nordeste;2607901;Jaboatão dos Guararapes;54450***;PF;GD.PE.000.001.415;2015-04-23;;Geracao na propria UC;1;UFV;Radiação solar;Microgeracao;7,35;;;
2026-08-19;08/2026;10835932000108;Neoenergia PE;COMPANHIA ENERGETICA DE PERNAMBUCO;CO;Comercial;;B3;26;PE;3;Nordeste;2611606;Recife;50050540  ;PJ;GD.PE.000.001.416;2015-04-24;;Geracao na propria UC;1;UFV;Radiação solar;Microgeracao;1,60;;;
2026-08-19;08/2026;10835932000108;Neoenergia PE;COMPANHIA ENERGETICA DE PERNAMBUCO;RE;Residencial;;B1;26;PE;3;Nordeste;2611606;Recife;51011***;PF;GD.PE.000.001.417;2015-04-24;;Geracao na propria UC;1;UFV;Radiação solar;Microgeracao;3,00;;;
2026-08-19;08/2026;10835932000108;Neoenergia PE;COMPANHIA ENERGETICA DE PERNAMBUCO;CO;Comercial;;B3;26;PE;3;Nordeste;2607208;Ipojuca;55590***;PF;GD.PE.000.001.419;2015-04-23;;Geracao na propria UC;1;UFV;Radiação solar;Microgeracao;5,00;;;
2026-08-19;08/2026;10835932000108;Neoenergia PE;COMPANHIA ENERGETICA DE PERNAMBUCO;RE;Residencial;;B1;26;PE;3;Nordeste;2603454;Camaragibe;55644***;PF;GD.PE.000.001.454;2015-05-07;;Auto consumo remoto;2;UFV;Radiação solar;Microgeracao;5,00;;;
2026-08-19;08/2026;10835932000108;Neoenergia PE;COMPANHIA ENERGETICA DE PERNAMBUCO;RE;Residencial;;B1;26;PE;3;Nordeste;2607901;Jaboatão dos Guararapes;53600***;PF;GD.PE.000.001.455;2015-06-02;;Auto consumo remoto;2;UFV;Radiação solar;Microgeracao;5,20;;;
2026-08-19;08/2026;10835932000108;Neoenergia PE;COMPANHIA ENERGETICA DE PERNAMBUCO;RE;Residencial;;B1;26;PE;3;Nordeste;2611606;Recife;52221***;PF;GD.PE.000.001.459;2015-06-28;;Geracao na propria UC;1;UFV;Radiação solar;Microgeracao;5,00;;;
2026-08-19;08/2026;10835932000108;Neoenergia PE;COMPANHIA ENERGETICA DE PERNAMBUCO;RE;Residencial;;B1;26;PE;3;Nordeste;2611606;Recife;51130***;PF;GD.PE.000.001.461;2015-07-20;;Geracao na propria UC;1;UFV;Radiação solar;Microgeracao;11,00;;;
2026-08-19;08/2026;10835932000108;Neoenergia PE;COMPANHIA ENERGETICA DE PERNAMBUCO;RE;Residencial;;B1;26;PE;3;Nordeste;2601904;Bezerros;55660***;PF;GD.PE.000.001.462;2015-07-24;;Auto consumo remoto;2;UFV;Radiação solar;Microgeracao;34,82;;;
2026-08-19;08/2026;10835932000108;Neoenergia PE;COMPANHIA ENERGETICA DE PERNAMBUCO;RE;Residencial;;B1;26;PE;3;Nordeste;2612505;Santa Cruz do Capibaribe;55190***;PF;GD.PE.000.001.463;2015-07-24;;Geracao na propria UC;1;UFV;Radiação solar;Microgeracao;5,00;;;
2026-08-19;08/2026;10835932000108;Neoenergia PE;COMPANHIA ENERGETICA DE PERNAMBUCO;PP;Poder Público;;B3;26;PE;3;Nordeste;2611606;Recife;52041170  ;PJ;GD.PE.000.001.465;2015-08-26;;Geracao na propria UC;1;UFV;Radiação solar;Microgeracao;2,00;;;
2026-08-19;08/2026;10835932000108;Neoenergia PE;COMPANHIA ENERGETICA DE PERNAMBUCO;RE;Residencial;;B1;26;PE;3;Nordeste;2610608;Paudalho;55825***;PF;GD.PE.000.001.466;2015-08-27;;Geracao na propria UC;1;UFV;Radiação solar;Microgeracao;2,04;;;
2026-08-19;08/2026;10835932000108;Neoenergia PE;COMPANHIA ENERGETICA DE PERNAMBUCO;CO;Comercial;;B3;26;PE;3;Nordeste;2611101;Petrolina;56302972  ;PJ;GD.PE.000.001.467;2015-09-02;;Geracao na propria UC;1;UFV;Radiação solar;Microgeracao;12,00;;;
2026-08-19;08/2026;10835932000108;Neoenergia PE;COMPANHIA ENERGETICA DE PERNAMBUCO;RE;Residencial;;B1;26;PE;3;Nordeste;2611606;Recife;50670***;PF;GD.PE.000.001.468;2015-09-09;;Geracao na propria UC;1;UFV;Radiação solar;Microgeracao;3,00;;;
2026-08-19;08/2026;10835932000108;Neoenergia PE;COMPANHIA ENERGETICA DE PERNAMBUCO;CO;Comercial;;B3;26;PE;3;Nordeste;2607208;Ipojuca;55590000  ;PJ;GD.PE.000.001.469;2015-09-09;;Geracao na propria UC;1;UFV;Radiação solar;Microgeracao;10,00;;;
2026-08-19;08/2026;10835932000108;Neoenergia PE;COMPANHIA ENERGETICA DE PERNAMBUCO;CO;Comercial;;B3;26;PE;3;Nordeste;2611606;Recife;52071000  ;PJ;GD.PE.000.001.470;2015-09-18;;Geracao na propria UC;1;UFV;Radiação solar;Microgeracao;25,00;;;
2026-08-19;08/2026;10835932000108;Neoenergia PE;COMPANHIA ENERGETICA DE PERNAMBUCO;CO;Comercial;;B3;26;PE;3;Nordeste;2611606;Recife;50050540  ;PJ;GD.PE.000.001.474;2015-10-05;;Geracao na propria UC;1;UFV;Radiação solar;Microgeracao;5,00;;;
2026-08-19;08/2026;10835932000108;Neoenergia PE;COMPANHIA ENERGETICA DE PERNAMBUCO;PP;Poder Público;;A4;26;PE;3;Nordeste;2613701;São Lourenço da Mata;54735300  ;PJ;GD.PE.000.001.476;2015-10-14;;Geracao na propria UC;1;UFV;Radiação solar;Microgeracao;17,50;;;
2026-08-19;08/2026;10835932000108;Neoenergia PE;COMPANHIA ENERGETICA DE PERNAMBUCO;RE;Residencial;;B1;26;PE;3;Nordeste;2603454;Camaragibe;54750***;PF;GD.PE.000.001.477;2015-10-18;;Auto consumo remoto;2;UFV;Radiação solar;Microgeracao;5,80;;;
2026-08-19;08/2026;06840748000189;EQUATORIAL PI;EQUATORIAL PIAUI DISTRIBUIDORA DE ENERGIA S.A;RE;Residencial;;B1;22;PI;3;Nordeste;2211001;Teresina;64066***;PF;GD.AL.003.116.114;2026-03-09;;Geracao na propria UC;1;UFV;Radiação solar;Microgeracao;10,00;;;
2026-08-19;08/2026;06840748000189;EQUATORIAL PI;EQUATORIAL PIAUI DISTRIBUIDORA DE ENERGIA S.A;RE;Residencial;;B1;22;PI;3;Nordeste;2211001;Teresina;64022***;PF;GD.AL.003.431.726;2026-01-07;;Geracao na propria UC;1;UFV;Radiação solar;Microgeracao;6,00;;;
2026-08-19;08/2026;06840748000189;EQUATORIAL PI;EQUATORIAL PIAUI DISTRIBUIDORA DE ENERGIA S.A;RE;Residencial;;B1;22;PI;3;Nordeste;2211001;Teresina;64000***;PF;GD.AL.003.479.305;2026-03-07;;Geracao na propria UC;1;UFV;Radiação solar;Microgeracao;6,00;;;
2026-08-19;08/2026;06272793000184;EQUATORIAL MA;EQUATORIAL MARANHAO DISTRIBUIDORA DE ENERGIA S.A;CO;Comercial;;B3;22;PI;3;Nordeste;2211001;Teresina;64001***;PF;GD.MA.000.941.748;2025-02-13;;Geracao na propria UC;1;UFV;Radiação solar;Microgeracao;14,63;;;
2026-08-19;08/2026;06840748000189;EQUATORIAL PI;EQUATORIAL PIAUI DISTRIBUIDORA DE ENERGIA S.A;CO;Comercial;;B3;22;PI;3;Nordeste;2211001;Teresina;64056450  ;PJ;GD.PI.000.010.707;2016-02-16;;Geracao na propria UC;1;UFV;Radiação solar;Microgeracao;16,80;;;
2026-08-19;08/2026;06840748000189;EQUATORIAL PI;EQUATORIAL PIAUI DISTRIBUIDORA DE ENERGIA S.A;CO;Comercial;;B3;22;PI;3;Nordeste;2211001;Teresina;64056450  ;PJ;GD.PI.000.010.709;2016-02-16;;Geracao na propria UC;1;UFV;Radiação solar;Microgeracao;57,60;;;
2026-08-19;08/2026;06840748000189;EQUATORIAL PI;EQUATORIAL PIAUI DISTRIBUIDORA DE ENERGIA S.A;CO;Comercial;;B3;22;PI;3;Nordeste;2211001;Teresina;64015350  ;PJ;GD.PI.000.010.710;2016-02-17;;Geracao na propria UC;1;UFV;Radiação solar;Microgeracao;19,20;;;
2026-08-19;08/2026;06840748000189;EQUATORIAL PI;EQUATORIAL PIAUI DISTRIBUIDORA DE ENERGIA S.A;CO;Comercial;;B3;22;PI;3;Nordeste;2211001;Teresina;64048550  ;PJ;GD.PI.000.010.722;2016-03-03;;Geracao na propria UC;1;UFV;Radiação solar;Microgeracao;35,00;;;
2026-08-19;08/2026;06840748000189;EQUATORIAL PI;EQUATORIAL PIAUI DISTRIBUIDORA DE ENERGIA S.A;CO;Comercial;;B3;22;PI;3;Nordeste;2202208;Campo Maior;64280000  ;PJ;GD.PI.000.010.725;2016-01-18;;Geracao na propria UC;1;UFV;Radiação solar;Microgeracao;12,00;;;
2026-08-19;08/2026;06840748000189;EQUATORIAL PI;EQUATORIAL PIAUI DISTRIBUIDORA DE ENERGIA S.A;CO;Comercial;;B3;22;PI;3;Nordeste;2202208;Campo Maior;64280000  ;PJ;GD.PI.000.010.726;2016-01-20;;Geracao na propria UC;1;UFV;Radiação solar;Microgeracao;50,40;;;
2026-08-19;08/2026;06840748000189;EQUATORIAL PI;EQUATORIAL PIAUI DISTRIBUIDORA DE ENERGIA S.A;CO;Comercial;;B3;22;PI;3;Nordeste;2211001;Teresina;64000000  ;PJ;GD.PI.000.010.728;2016-01-22;;Geracao na propria UC;1;UFV;Radiação solar;Microgeracao;21,60;;;
2026-08-19;08/2026;06840748000189;EQUATORIAL PI;EQUATORIAL PIAUI DISTRIBUIDORA DE ENERGIA S.A;CO;Comercial;;B3;22;PI;3;Nordeste;2211001;Teresina;64045000  ;PJ;GD.PI.000.010.947;2015-08-26;;Geracao na propria UC;1;UFV;Radiação solar;Microgeracao;9,60;;;
2026-08-19;08/2026;06840748000189;EQUATORIAL PI;EQUATORIAL PIAUI DISTRIBUIDORA DE ENERGIA S.A;CO;Comercial;;B3;22;PI;3;Nordeste;2211001;Teresina;64027230  ;PJ;GD.PI.000.010.948;2025-08-20;;Geracao na propria UC;1;UFV;Radiação solar;Microgeracao;4,84;MACAUBA;-42,80;-5,11
2026-08-19;08/2026;06840748000189;EQUATORIAL PI;EQUATORIAL PIAUI DISTRIBUIDORA DE ENERGIA S.A;CO;Comercial;;B3;22;PI;3;Nordeste;2211001;Teresina;64001010  ;PJ;GD.PI.000.010.952;2015-10-28;;Geracao na propria UC;1;UFV;Radiação solar;Microgeracao;31,20;;;
2026-08-19;08/2026;06840748000189;EQUATORIAL PI;EQUATORIAL PIAUI DISTRIBUIDORA DE ENERGIA S.A;RE;Residencial;;B1;22;PI;3;Nordeste;2211001;Teresina;64078***;PF;GD.PI.000.010.954;2016-01-05;;Geracao na propria UC;1;UFV;Radiação solar;Microgeracao;7,50;;;
2026-08-19;08/2026;06840748000189;EQUATORIAL PI;EQUATORIAL PIAUI DISTRIBUIDORA DE ENERGIA S.A;CO;Comercial;;B3;22;PI;3;Nordeste;2211001;Teresina;64015300  ;PJ;GD.PI.000.010.955;2016-01-20;;Geracao na propria UC;1;UFV;Radiação solar;Microgeracao;22,50;;;
2026-08-19;08/2026;06840748000189;EQUATORIAL PI;EQUATORIAL PIAUI DISTRIBUIDORA DE ENERGIA S.A;CO;Comercial;;B3;22;PI;3;Nordeste;2202208;Campo Maior;64280000  ;PJ;GD.PI.000.010.956;2016-03-21;;Geracao na propria UC;1;UFV;Radiação solar;Microgeracao;12,50;;;
2026-08-19;08/2026;06840748000189;EQUATORIAL PI;EQUATORIAL PIAUI DISTRIBUIDORA DE ENERGIA S.A;CO;Comercial;;B3;22;PI;3;Nordeste;2208007;Picos;64607755  ;PJ;GD.PI.000.010.957;2016-11-11;;Geracao na propria UC;1;UFV;Radiação solar;Microgeracao;21,60;;;
2026-08-19;08/2026;06840748000189;EQUATORIAL PI;EQUATORIAL PIAUI DISTRIBUIDORA DE ENERGIA S.A;IN;Industrial;;B3;22;PI;3;Nordeste;2211001;Teresina;64016850  ;PJ;GD.PI.000.010.962;2016-02-17;;Geracao na propria UC;1;UFV;Radiação solar;Microgeracao;14,40;;;
2026-08-19;08/2026;06840748000189;EQUATORIAL PI;EQUATORIAL PIAUI DISTRIBUIDORA DE ENERGIA S.A;CO;Comercial;;B3;22;PI;3;Nordeste;2208007;Picos;64600123  ;PJ;GD.PI.000.010.967;2015-11-11;;Geracao na propria UC;1;UFV;Radiação solar;Microgeracao;31,20;;;
2026-08-19;08/2026;06840748000189;EQUATORIAL PI;EQUATORIAL PIAUI DISTRIBUIDORA DE ENERGIA S.A;CO;Comercial;;B3;22;PI;3;Nordeste;2211001;Teresina;64046700  ;PJ;GD.PI.000.010.968;2016-01-27;;Geracao na propria UC;1;UFV;Radiação solar;Microgeracao;10,00;;;
2026-08-19;08/2026;06840748000189;EQUATORIAL PI;EQUATORIAL PIAUI DISTRIBUIDORA DE ENERGIA S.A;CO;Comercial;;B3;22;PI;3;Nordeste;2211001;Teresina;64032030  ;PJ;GD.PI.000.010.971;2016-02-17;;Geracao na propria UC;1;UFV;Radiação solar;Microgeracao;16,80;CHESF;-42,80;-5,13
2026-08-19;08/2026;06840748000189;EQUATORIAL PI;EQUATORIAL PIAUI DISTRIBUIDORA DE ENERGIA S.A;CO;Comercial;;B3;22;PI;3;Nordeste;2202208;Campo Maior;64280000  ;PJ;GD.PI.000.010.972;2016-01-18;;Geracao na propria UC;1;UFV;Radiação solar;Microgeracao;9,60;;;
2026-08-19;08/2026;06840748000189;EQUATORIAL PI;EQUATORIAL PIAUI DISTRIBUIDORA DE ENERGIA S.A;CO;Comercial;;B3;22;PI;3;Nordeste;2202208;Campo Maior;64280000  ;PJ;GD.PI.000.010.973;2016-01-18;;Geracao na propria UC;1;UFV;Radiação solar;Microgeracao;12,00;;;
2026-08-19;08/2026;06840748000189;EQUATORIAL PI;EQUATORIAL PIAUI DISTRIBUIDORA DE ENERGIA S.A;CO;Comercial;;B3;22;PI;3;Nordeste;2211001;Teresina;64022050  ;PJ;GD.PI.000.010.975;2023-02-23;;Geracao na propria UC;1;UFV;Radiação solar;Microgeracao;11,21;;;
2026-08-19;08/2026;06840748000189;EQUATORIAL PI;EQUATORIAL PIAUI DISTRIBUIDORA DE ENERGIA S.A;CO;Comercial;;B3;22;PI;3;Nordeste;2202208;Campo Maior;64280000  ;PJ;GD.PI.000.010.976;2016-01-18;;Geracao na propria UC;1;UFV;Radiação solar;Microgeracao;16,80;;;
2026-08-19;08/2026;06840748000189;EQUATORIAL PI;EQUATORIAL PIAUI DISTRIBUIDORA DE ENERGIA S.A;CO;Comercial;;B3;22;PI;3;Nordeste;2211001;Teresina;64049010  ;PJ;GD.PI.000.010.977;2016-01-18;;Geracao na propria UC;1;UFV;Radiação solar;Microgeracao;48,00;;;
2026-08-19;08/2026;06840748000189;EQUATORIAL PI;EQUATORIAL PIAUI DISTRIBUIDORA DE ENERGIA S.A;RE;Residencial;;B1;22;PI;3;Nordeste;2211001;Teresina;64.01***;PF;GD.PI.000.017.563;2022-11-28;;Geracao na propria UC;1;UFV;Radiação solar;Microgeracao;4,00;;;
2026-08-19;08/2026;06840748000189;EQUATORIAL PI;EQUATORIAL PIAUI DISTRIBUIDORA DE ENERGIA S.A;CO;Comercial;;B3;22;PI;3;Nordeste;2211001;Teresina;64028***;PF;GD.PI.000.017.564;2017-11-20;;Geracao na propria UC;1;UFV;Radiação solar;Microgeracao;8,20;;;
2026-08-19;08/2026;06840748000189;EQUATORIAL PI;EQUATORIAL PIAUI DISTRIBUIDORA DE ENERGIA S.A;RE;Residencial;;B1;22;PI;3;Nordeste;2211001;Teresina;64.00***;PF;GD.PI.000.017.594;2017-10-27;;Geracao na propria UC;1;UFV;Radiação solar;Microgeracao;12,50;;;
2026-08-19;08/2026;06840748000189;EQUATORIAL PI;EQUATORIAL PIAUI DISTRIBUIDORA DE ENERGIA S.A;RE;Residencial;;B1;22;PI;3;Nordeste;2211001;Teresina;64.06***;PF;GD.PI.000.017.603;2017-11-23;;Geracao na propria UC;1;UFV;Radiação solar;Microgeracao;9,00;;;
2026-08-19;08/2026;06840748000189;EQUATORIAL PI;EQUATORIAL PIAUI DISTRIBUIDORA DE ENERGIA S.A;RE;Residencial;;B1;22;PI;3;Nordeste;2211001;Teresina;64.00***;PF;GD.PI.000.017.737;2017-11-03;;Geracao na propria UC;1;UFV;Radiação solar;Microgeracao;20,00;;;
2026-08-19;08/2026;06840748000189;EQUATORIAL PI;EQUATORIAL PIAUI DISTRIBUIDORA DE ENERGIA S.A;RE;Residencial;;B2;22;PI;3;Nordeste;2209708;São Francisco do Piauí;64.55***;PF;GD.PI.000.017.781;2017-11-20;;Auto consumo remoto;2;UFV;Radiação solar;Microgeracao;5,10;;;
2026-08-19;08/2026;06840748000189;EQUATORIAL PI;EQUATORIAL PIAUI DISTRIBUIDORA DE ENERGIA S.A;RE;Residencial;;B1;22;PI;3;Nordeste;2211001;Teresina;64.00***;PF;GD.PI.000.017.788;2023-03-02;;Geracao na propria UC;1;UFV;Radiação solar;Microgeracao;7,70;;;
2026-08-19;08/2026;06840748000189;EQUATORIAL PI;EQUATORIAL PIAUI DISTRIBUIDORA DE ENERGIA S.A;RE;Residencial;;B1;22;PI;3;Nordeste;2207702;Parnaíba;64.20***;PF;GD.PI.000.017.796;2017-09-29;;Geracao na propria UC;1;UFV;Radiação solar;Microgeracao;5,94;;;
2026-08-19;08/2026;06840748000189;EQUATORIAL PI;EQUATORIAL PIAUI DISTRIBUIDORA DE ENERGIA S.A;RE;Residencial;;B1;22;PI;3;Nordeste;2211001;Teresina;64.00***;PF;GD.PI.000.017.819;2017-11-03;;Geracao na propria UC;1;UFV;Radiação solar;Microgeracao;5,00;;;
2026-08-19;08/2026;06840748000189;EQUATORIAL PI;EQUATORIAL PIAUI DISTRIBUIDORA DE ENERGIA S.A;RE;Residencial;;B1;22;PI;3;Nordeste;2211001;Teresina;64.04***;PF;GD.PI.000.017.847;2017-11-23;;Geracao na propria UC;1;UFV;Radiação solar;Microgeracao;5,30;;;
2026-08-19;08/2026;06840748000189;EQUATORIAL PI;EQUATORIAL PIAUI DISTRIBUIDORA DE ENERGIA S.A;RE;Residencial;;B1;22;PI;3;Nordeste;2203909;Floriano;64.80***;PF;GD.PI.000.017.851;2017-11-20;;Geracao na propria UC;1;UFV;Radiação solar;Microgeracao;6,00;;;
2026-08-19;08/2026;06840748000189;EQUATORIAL PI;EQUATORIAL PIAUI DISTRIBUIDORA DE ENERGIA S.A;CO;Comercial;;B3;22;PI;3;Nordeste;2211001;Teresina;64.04***;PF;GD.PI.000.017.877;2017-11-03;;Geracao na propria UC;1;UFV;Radiação solar;Microgeracao;12,50;;;
2026-08-19;08/2026;06840748000189;EQUATORIAL PI;EQUATORIAL PIAUI DISTRIBUIDORA DE ENERGIA S.A;RE;Residencial;;B1;22;PI;3;Nordeste;2211001;Teresina;64.00***;PF;GD.PI.000.018.278;2017-11-09;;Geracao na propria UC;1;UFV;Radiação solar;Microgeracao;6,00;;;
2026-08-19;08/2026;04368898000106;COPEL-DIS;COPEL DISTRIBUICAO S.A.;RE;Residencial;;B1;41;PR;4;Sul;4110409;Indianópolis;87235***;PF;GD.MG.001.244.223;2021-12-22;;Geracao na propria UC;1;UFV;Radiação solar;Microgeracao;3,30;;;
2026-08-19;08/2026;04368898000106;COPEL-DIS;COPEL DISTRIBUICAO S.A.;RU;Rural;;B2;41;PR;4;Sul;4110409;Indianópolis;85890000  ;PJ;GD.MG.001.265.874;2020-11-06;;Geracao na propria UC;1;UFV;Radiação solar;Microgeracao;4,00;;;
2026-08-19;08/2026;04368898000106;COPEL-DIS;COPEL DISTRIBUICAO S.A.;RU;Rural;;B2;41;PR;4;Sul;4110409;Indianópolis;87235***;PF;GD.MG.001.266.121;2022-04-28;;Geracao na propria UC;1;UFV;Radiação solar;Microgeracao;12,00;;;
2026-08-19;08/2026;04368898000106;COPEL-DIS;COPEL DISTRIBUICAO S.A.;RU;Rural;;B2;41;PR;4;Sul;4110409;Indianópolis;87235***;PF;GD.MG.001.293.813;2022-06-23;;Geracao na propria UC;1;UFV;Radiação solar;Microgeracao;20,00;;;
2026-08-19;08/2026;04368898000106;COPEL-DIS;COPEL DISTRIBUICAO S.A.;RU;Rural;;B2;41;PR;4;Sul;4110409;Indianópolis;87235***;PF;GD.MG.001.297.483;2022-07-05;;Auto consumo remoto;2;UFV;Radiação solar;Microgeracao;8,00;;;
2026-08-19;08/2026;04368898000106;COPEL-DIS;COPEL DISTRIBUICAO S.A.;RU;Rural;;B2;41;PR;4;Sul;4110409;Indianópolis;87235***;PF;GD.MG.001.297.619;2021-11-03;;Geracao na propria UC;1;UFV;Radiação solar;Microgeracao;25,00;;;
2026-08-19;08/2026;04368898000106;COPEL-DIS;COPEL DISTRIBUICAO S.A.;RE;Residencial;;B1;41;PR;4;Sul;4110409;Indianópolis;87235***;PF;GD.MG.001.298.822;2021-11-24;;Auto consumo remoto;2;UFV;Radiação solar;Microgeracao;3,00;;;
2026-08-19;08/2026;04368898000106;COPEL-DIS;COPEL DISTRIBUICAO S.A.;RE;Residencial;;B1;41;PR;4;Sul;4110409;Indianópolis;87235***;PF;GD.MG.001.298.929;2021-12-07;;Geracao na propria UC;1;UFV;Radiação solar;Microgeracao;1,20;;;
2026-08-19;08/2026;04368898000106;COPEL-DIS;COPEL DISTRIBUICAO S.A.;RU;Rural;;B2;41;PR;4;Sul;4110409;Indianópolis;87235***;PF;GD.MG.001.300.775;2022-07-11;;Geracao na propria UC;1;UFV;Radiação solar;Microgeracao;8,30;;;
2026-08-19;08/2026;04368898000106;COPEL-DIS;COPEL DISTRIBUICAO S.A.;RE;Residencial;;B1;41;PR;4;Sul;4110409;Indianópolis;87235***;PF;GD.MG.001.307.076;2021-12-15;;Geracao na propria UC;1;UFV;Radiação solar;Microgeracao;3,81;;;
2026-08-19;08/2026;04368898000106;COPEL-DIS;COPEL DISTRIBUICAO S.A.;RU;Rural;;B2;41;PR;4;Sul;4110409;Indianópolis;87235***;PF;GD.MG.001.307.922;2022-07-06;;Geracao na propria UC;1;UFV;Radiação solar;Microgeracao;2,70;;;
2026-08-19;08/2026;04368898000106;COPEL-DIS;COPEL DISTRIBUICAO S.A.;RE;Residencial;;B1;41;PR;4;Sul;4110409;Indianópolis;87235***;PF;GD.MG.001.330.043;2020-08-31;;Auto consumo remoto;2;UFV;Radiação solar;Microgeracao;10,00;;;
2026-08-19;08/2026;04368898000106;COPEL-DIS;COPEL DISTRIBUICAO S.A.;RE;Residencial;;B1;41;PR;4;Sul;4110409;Indianópolis;87235***;PF;GD.MG.001.330.184;2021-04-22;;Auto consumo remoto;3;UFV;Radiação solar;Microgeracao;7,50;;;
2026-08-19;08/2026;04368898000106;COPEL-DIS;COPEL DISTRIBUICAO S.A.;RE;Residencial;;B1;41;PR;4;Sul;4110409;Indianópolis;87235***;PF;GD.MG.001.335.608;2022-04-20;;Geracao na propria UC;1;UFV;Radiação solar;Microgeracao;5,00;;;
2026-08-19;08/2026;04368898000106;COPEL-DIS;COPEL DISTRIBUICAO S.A.;RE;Residencial;;B1;41;PR;4;Sul;4110409;Indianópolis;87235***;PF;GD.MG.001.340.487;2022-04-13;;Geracao na propria UC;1;UFV;Radiação solar;Microgeracao;3,00;;;
2026-08-19;08/2026;04368898000106;COPEL-DIS;COPEL DISTRIBUICAO S.A.;CO;Comercial;;B3;41;PR;4;Sul;4114807;Marialva;86990000  ;PJ;GD.PR.000.001.070;2016-09-05;;Geracao na propria UC;1;UFV;Radiação solar;Microgeracao;20,00;;;
2026-08-19;08/2026;04368898000106;COPEL-DIS;COPEL DISTRIBUICAO S.A.;RE;Residencial;;B1;41;PR;4;Sul;4105508;Cianorte;87203***;PF;GD.PR.000.001.076;2016-09-05;;Geracao na propria UC;1;UFV;Radiação solar;Microgeracao;2,00;;;
2026-08-19;08/2026;04368898000106;COPEL-DIS;COPEL DISTRIBUICAO S.A.;RE;Residencial;;B1;41;PR;4;Sul;4106605;Cruzeiro do Oeste;87400***;PF;GD.PR.000.001.082;2016-09-09;;Geracao na propria UC;1;UFV;Radiação solar;Microgeracao;1,50;;;
2026-08-19;08/2026;04368898000106;COPEL-DIS;COPEL DISTRIBUICAO S.A.;CO;Comercial;;B3;41;PR;4;Sul;4115200;Maringá;87047542  ;PJ;GD.PR.000.001.084;2016-09-13;;Geracao na propria UC;1;UFV;Radiação solar;Microgeracao;4,00;;;
2026-08-19;08/2026;04368898000106;COPEL-DIS;COPEL DISTRIBUICAO S.A.;CO;Comercial;;B3;41;PR;4;Sul;4113502;Loanda;87900***;PF;GD.PR.000.001.085;2016-09-13;;Geracao na propria UC;1;UFV;Radiação solar;Microgeracao;45,00;;;
2026-08-19;08/2026;04368898000106;COPEL-DIS;COPEL DISTRIBUICAO S.A.;RE;Residencial;;B1;41;PR;4;Sul;4107256;Douradina;87485***;PF;GD.PR.000.001.086;2016-09-15;;Geracao na propria UC;1;UFV;Radiação solar;Microgeracao;6,00;;;
2026-08-19;08/2026;04368898000106;COPEL-DIS;COPEL DISTRIBUICAO S.A.;CO;Comercial;;B3;41;PR;4;Sul;4105508;Cianorte;87200125  ;PJ;GD.PR.000.001.088;2016-09-15;;Geracao na propria UC;1;UFV;Radiação solar;Microgeracao;12,00;;;
2026-08-19;08/2026;04368898000106;COPEL-DIS;COPEL DISTRIBUICAO S.A.;CO;Comercial;;B3;41;PR;4;Sul;4104303;Campo Mourão;87302190  ;PJ;GD.PR.000.001.089;2016-09-19;;Geracao na propria UC;1;UFV;Radiação solar;Microgeracao;12,40;;;
2026-08-19;08/2026;04368898000106;COPEL-DIS;COPEL DISTRIBUICAO S.A.;RE;Residencial;;B1;41;PR;4;Sul;4115200;Maringá;87080***;PF;GD.PR.000.001.091;2016-09-19;;Geracao na propria UC;1;UFV;Radiação solar;Microgeracao;5,00;;;
2026-08-19;08/2026;04368898000106;COPEL-DIS;COPEL DISTRIBUICAO S.A.;RE;Residencial;;B1;41;PR;4;Sul;4115200;Maringá;87023000  ;PJ;GD.PR.000.001.092;2016-09-19;;Geracao na propria UC;1;UFV;Radiação solar;Microgeracao;3,00;;;
2026-08-19;08/2026;04368898000106;COPEL-DIS;COPEL DISTRIBUICAO S.A.;RE;Residencial;;B1;41;PR;4;Sul;4115200;Maringá;87060***;PF;GD.PR.000.001.094;2016-09-19;;Geracao na propria UC;1;UFV;Radiação solar;Microgeracao;3,00;;;
2026-08-19;08/2026;04368898000106;COPEL-DIS;COPEL DISTRIBUICAO S.A.;RE;Residencial;;B1;41;PR;4;Sul;4104303;Campo Mourão;87308***;PF;GD.PR.000.001.148;2016-09-20;;Geracao na propria UC;1;UFV;Radiação solar;Microgeracao;3,00;;;
2026-08-19;08/2026;04368898000106;COPEL-DIS;COPEL DISTRIBUICAO S.A.;RE;Residencial;;B1;41;PR;4;Sul;4115200;Maringá;87060***;PF;GD.PR.000.001.151;2016-09-21;;Geracao na propria UC;1;UFV;Radiação solar;Microgeracao;3,00;;;
2026-08-19;08/2026;04368898000106;COPEL-DIS;COPEL DISTRIBUICAO S.A.;RE;Residencial;;B1;41;PR;4;Sul;4115200;Maringá;87053***;PF;GD.PR.000.001.152;2016-09-27;;Geracao na propria UC;1;UFV;Radiação solar;Microgeracao;3,00;;;
2026-08-19;08/2026;04368898000106;COPEL-DIS;COPEL DISTRIBUICAO S.A.;RE;Residencial;;B1;41;PR;4;Sul;4127304;Terra Rica;87890***;PF;GD.PR.000.001.153;2016-09-30;;Geracao na propria UC;1;UFV;Radiação solar;Microgeracao;5,00;;;
2026-08-19;08/2026;04368898000106;COPEL-DIS;COPEL DISTRIBUICAO S.A.;RE;Residencial;;B1;41;PR;4;Sul;4118402;Paranavaí;87709***;PF;GD.PR.000.001.155;2016-09-30;;Geracao na propria UC;1;UFV;Radiação solar;Microgeracao;6,00;;;
2026-08-19;08/2026;04368898000106;COPEL-DIS;COPEL DISTRIBUICAO S.A.;RE;Residencial;;B1;41;PR;4;Sul;4101408;Apucarana;86802***;PF;GD.PR.000.001.156;2016-09-09;;Geracao na propria UC;1;UFV;Radiação solar;Microgeracao;6,00;;;
2026-08-19;08/2026;04368898000106;COPEL-DIS;COPEL DISTRIBUICAO S.A.;CO;Comercial;;B3;41;PR;4;Sul;4111506;Ivaiporã;86870000  ;PJ;GD.PR.000.001.157;2016-09-22;;Geracao na propria UC;1;UFV;Radiação solar;Microgeracao;5,00;;;
2026-08-19;08/2026;04368898000106;COPEL-DIS;COPEL DISTRIBUICAO S.A.;RE;Residencial;;B1;41;PR;4;Sul;4113700;Londrina;86047***;PF;GD.PR.000.001.159;2016-09-16;;Geracao na propria UC;1;UFV;Radiação solar;Microgeracao;6,00;;;
2026-08-19;08/2026;04368898000106;COPEL-DIS;COPEL DISTRIBUICAO S.A.;RE;Residencial;;B1;41;PR;4;Sul;4112108;Jandaia do Sul;86900***;PF;GD.PR.000.001.160;2016-09-22;;Geracao na propria UC;1;UFV;Radiação solar;Microgeracao;4,20;;;
2026-08-19;08/2026;04368898000106;COPEL-DIS;COPEL DISTRIBUICAO S.A.;RE;Residencial;;B1;41;PR;4;Sul;4113106;Kaloré;86920***;PF;GD.PR.000.001.161;2016-09-28;;Geracao na propria UC;1;UFV;Radiação solar;Microgeracao;5,00;;;
2026-08-19;08/2026;04368898000106;COPEL-DIS;COPEL DISTRIBUICAO S.A.;RE;Residencial;;B1;41;PR;4;Sul;4120853;Quatro Pontes;85940***;PF;GD.PR.000.001.163;2016-09-23;;Geracao na propria UC;1;UFV;Radiação solar;Microgeracao;2,10;;;
2026-08-19;08/2026;04368898000106;COPEL-DIS;COPEL DISTRIBUICAO S.A.;RE;Residencial;;B1;41;PR;4;Sul;4108304;Foz do Iguaçu;85860***;PF;GD.PR.000.001.164;2016-09-16;;Geracao na propria UC;1;UFV;Radiação solar;Microgeracao;4,20;;;
2026-08-19;08/2026;04368898000106;COPEL-DIS;COPEL DISTRIBUICAO S.A.;RE;Residencial;;B1;41;PR;4;Sul;4108304;Foz do Iguaçu;85867***;PF;GD.PR.000.001.165;2016-09-22;;Geracao na propria UC;1;UFV;Radiação solar;Microgeracao;6,00;;;
2026-08-19;08/2026;04368898000106;COPEL-DIS;COPEL DISTRIBUICAO S.A.;RE;Residencial;;B1;41;PR;4;Sul;4108304;Foz do Iguaçu;85863***;PF;GD.PR.000.001.167;2016-09-16;;Geracao na propria UC;1;UFV;Radiação solar;Microgeracao;2,50;;;
2026-08-19;08/2026;19527639000158;EMR;ENERGISA MINAS RIO - DISTRIBUIDORA DE ENERGIA S.A.;RE;Residencial;;B1;33;RJ;5;Sudeste;3303401;Nova Friburgo;28621***;PF;GD.MG.000.362.201;2021-09-21;;Geracao na propria UC;1;UFV;Radiação solar;Microgeracao;4,02;;;
2026-08-19;08/2026;19527639000158;EMR;ENERGISA MINAS RIO - DISTRIBUIDORA DE ENERGIA S.A.;RE;Residencial;;B1;33;RJ;5;Sudeste;3303401;Nova Friburgo;28610***;PF;GD.MG.000.516.232;2021-11-16;;Auto consumo remoto;2;UFV;Radiação solar;Microgeracao;15,00;;;
2026-08-19;08/2026;19527639000158;EMR;ENERGISA MINAS RIO - DISTRIBUIDORA DE ENERGIA S.A.;RE;Residencial;;B1;33;RJ;5;Sudeste;3303401;Nova Friburgo;28610***;PF;GD.MG.000.592.654;2021-10-13;;Auto consumo remoto;3;UFV;Radiação solar;Microgeracao;8,00;;;
2026-08-19;08/2026;19527639000158;EMR;ENERGISA MINAS RIO - DISTRIBUIDORA DE ENERGIA S.A.;RU;Rural;;B2;33;RJ;5;Sudeste;3303401;Nova Friburgo;28600***;PF;GD.MG.000.911.072;2022-04-12;;Auto consumo remoto;2;UFV;Radiação solar;Microgeracao;25,00;;;
2026-08-19;08/2026;60444437000146;LIGHT SESA;LIGHT SERVICOS DE ELETRICIDADE S A;RE;Residencial;;B1;33;RJ;5;Sudeste;3304557;Rio de Janeiro;21011***;PF;GD.RJ.000.000.767;2016-09-09;;Geracao na propria UC;1;UFV;Radiação solar;Microgeracao;2,02;;;
2026-08-19;08/2026;60444437000146;LIGHT SESA;LIGHT SERVICOS DE ELETRICIDADE S A;CO;Comercial;;B3;33;RJ;5;Sudeste;3306008;Três Rios;25820***;PF;GD.RJ.000.000.770;2016-09-09;;Geracao na propria UC;1;UFV;Radiação solar;Microgeracao;2,00;;;
2026-08-19;08/2026;60444437000146;LIGHT SESA;LIGHT SERVICOS DE ELETRICIDADE S A;CO;Comercial;;B3;33;RJ;5;Sudeste;3304557;Rio de Janeiro;20771450  ;PJ;GD.RJ.000.000.778;2016-09-14;;Geracao na propria UC;1;UFV;Radiação solar;Microgeracao;46,00;;;
2026-08-19;08/2026;60444437000146;LIGHT SESA;LIGHT SERVICOS DE ELETRICIDADE S A;RE;Residencial;;B1;33;RJ;5;Sudeste;3302270;Japeri;26435***;PF;GD.RJ.000.000.784;2016-09-19;;Geracao na propria UC;1;UFV;Radiação solar;Microgeracao;1,50;;;
2026-08-19;08/2026;33050071000158;ENEL RJ;AMPLA ENERGIA E SERVICOS S.A.;RE;Residencial;;B1;33;RJ;5;Sudeste;3300209;Araruama;28970***;PF;GD.RJ.000.000.787;2016-09-30;;Geracao na propria UC;1;UFV;Radiação solar;Microgeracao;5,20;;;
2026-08-19;08/2026;33050071000158;ENEL RJ;AMPLA ENERGIA E SERVICOS S.A.;RE;Residencial;;B1;33;RJ;5;Sudeste;3303906;Petrópolis;25745***;PF;GD.RJ.000.000.794;2016-09-20;;Geracao na propria UC;1;UFV;Radiação solar;Microgeracao;7,15;;;
2026-08-19;08/2026;33050071000158;ENEL RJ;AMPLA ENERGIA E SERVICOS S.A.;CO;Comercial;;B3;33;RJ;5;Sudeste;3303302;Niterói;24330080  ;PJ;GD.RJ.000.000.795;2016-09-27;;Geracao na propria UC;1;UFV;Radiação solar;Microgeracao;15,00;;;
2026-08-19;08/2026;33050071000158;ENEL RJ;AMPLA ENERGIA E SERVICOS S.A.;RE;Residencial;;B1;33;RJ;5;Sudeste;3303906;Petrópolis;25680***;PF;GD.RJ.000.000.798;2016-09-14;;Geracao na propria UC;1;UFV;Radiação solar;Microgeracao;4,20;;;
2026-08-19;08/2026;33050071000158;ENEL RJ;AMPLA ENERGIA E SERVICOS S.A.;RE;Residencial;;B1;33;RJ;5;Sudeste;3303906;Petrópolis;25600***;PF;GD.RJ.000.000.799;2016-09-16;;Geracao na propria UC;1;UFV;Radiação solar;Microgeracao;15,00;;;
2026-08-19;08/2026;33050071000158;ENEL RJ;AMPLA ENERGIA E SERVICOS S.A.;RE;Residencial;;B1;33;RJ;5;Sudeste;3301702;Duque de Caxias;25261***;PF;GD.RJ.000.000.801;2016-09-27;;Geracao na propria UC;1;UFV;Radiação solar;Microgeracao;5,00;;;
2026-08-19;08/2026;60444437000146;LIGHT SESA;LIGHT SERVICOS DE ELETRICIDADE S A;RE;Residencial;;B1;33;RJ;5;Sudeste;3304557;Rio de Janeiro;21340***;PF;GD.RJ.000.000.907;2016-09-30;;Geracao na propria UC;1;UFV;Radiação solar;Microgeracao;6,00;;;
2026-08-19;08/2026;60444437000146;LIGHT SESA;LIGHT SERVICOS DE ELETRICIDADE S A;RE;Residencial;;B1;33;RJ;5;Sudeste;3304557;Rio de Janeiro;20775***;PF;GD.RJ.000.000.920;2016-09-22;;Geracao na propria UC;1;UFV;Radiação solar;Microgeracao;3,71;;;
2026-08-19;08/2026;60444437000146;LIGHT SESA;LIGHT SERVICOS DE ELETRICIDADE S A;CO;Comercial;;B3;33;RJ;5;Sudeste;3304557;Rio de Janeiro;21040110  ;PJ;GD.RJ.000.000.951;2016-09-29;;Geracao na propria UC;1;UFV;Radiação solar;Microgeracao;13,80;;;
2026-08-19;08/2026;19527639000158;EMR;ENERGISA MINAS RIO - DISTRIBUIDORA DE ENERGIA S.A.;RE;Residencial;;B1;33;RJ;5;Sudeste;3303401;Nova Friburgo;28610***;PF;GD.RJ.000.000.964;2016-09-27;;Geracao na propria UC;1;UFV;Radiação solar;Microgeracao;1,82;;;
2026-08-19;08/2026;60444437000146;LIGHT SESA;LIGHT SERVICOS DE ELETRICIDADE S A;RE;Residencial;;B1;33;RJ;5;Sudeste;3304557;Rio de Janeiro;22790***;PF;GD.RJ.000.000.968;2016-09-02;;Geracao na propria UC;1;UFV;Radiação solar;Microgeracao;8,00;;;
2026-08-19;08/2026;60444437000146;LIGHT SESA;LIGHT SERVICOS DE ELETRICIDADE S A;RE;Residencial;;B1;33;RJ;5;Sudeste;3304557;Rio de Janeiro;22793***;PF;GD.RJ.000.000.970;2016-09-06;;Geracao na propria UC;1;UFV;Radiação solar;Microgeracao;4,50;;;
2026-08-19;08/2026;60444437000146;LIGHT SESA;LIGHT SERVICOS DE ELETRICIDADE S A;RE;Residencial;;B1;33;RJ;5;Sudeste;3304557;Rio de Janeiro;22785***;PF;GD.RJ.000.000.972;2016-09-06;;Geracao na propria UC;1;UFV;Radiação solar;Microgeracao;5,00;;;
2026-08-19;08/2026;60444437000146;LIGHT SESA;LIGHT SERVICOS DE ELETRICIDADE S A;IN;Industrial;;B3;33;RJ;5;Sudeste;3304557;Rio de Janeiro;22793***;PF;GD.RJ.000.000.973;2016-09-06;;Geracao na propria UC;1;UFV;Radiação solar;Microgeracao;5,10;;;
2026-08-19;08/2026;60444437000146;LIGHT SESA;LIGHT SERVICOS DE ELETRICIDADE S A;RE;Residencial;;B1;33;RJ;5;Sudeste;3304557;Rio de Janeiro;22611***;PF;GD.RJ.000.000.975;2016-09-15;;Geracao na propria UC;1;UFV;Radiação solar;Microgeracao;12,60;;;
2026-08-19;08/2026;60444437000146;LIGHT SESA;LIGHT SERVICOS DE ELETRICIDADE S A;RE;Residencial;;B1;33;RJ;5;Sudeste;3304557;Rio de Janeiro;22790***;PF;GD.RJ.000.000.978;2016-09-26;;Geracao na propria UC;1;UFV;Radiação solar;Microgeracao;3,60;;;
2026-08-19;08/2026;60444437000146;LIGHT SESA;LIGHT SERVICOS DE ELETRICIDADE S A;RE;Residencial;;B1;33;RJ;5;Sudeste;3304557;Rio de Janeiro;22793***;PF;GD.RJ.000.000.980;2016-09-16;;Geracao na propria UC;1;UFV;Radiação solar;Microgeracao;8,20;;;
2026-08-19;08/2026;60444437000146;LIGHT SESA;LIGHT SERVICOS DE ELETRICIDADE S A;RE;Residencial;;B1;33;RJ;5;Sudeste;3304557;Rio de Janeiro;22793***;PF;GD.RJ.000.000.988;2016-09-26;;Geracao na propria UC;1;UFV;Radiação solar;Microgeracao;6,00;;;
2026-08-19;08/2026;60444437000146;LIGHT SESA;LIGHT SERVICOS DE ELETRICIDADE S A;RE;Residencial;;B1;33;RJ;5;Sudeste;3304557;Rio de Janeiro;22785***;PF;GD.RJ.000.000.993;2016-09-26;;Geracao na propria UC;1;UFV;Radiação solar;Microgeracao;15,00;;;
2026-08-19;08/2026;60444437000146;LIGHT SESA;LIGHT SERVICOS DE ELETRICIDADE S A;RE;Residencial;;B1;33;RJ;5;Sudeste;3304557;Rio de Janeiro;22641***;PF;GD.RJ.000.000.995;2016-09-22;;Geracao na propria UC;1;UFV;Radiação solar;Microgeracao;6,00;;;
2026-08-19;08/2026;60444437000146;LIGHT SESA;LIGHT SERVICOS DE ELETRICIDADE S A;RE;Residencial;;B1;33;RJ;5;Sudeste;3304557;Rio de Janeiro;22785***;PF;GD.RJ.000.001.000;2016-09-27;;Geracao na propria UC;1;UFV;Radiação solar;Microgeracao;3,00;;;
2026-08-19;08/2026;60444437000146;LIGHT SESA;LIGHT SERVICOS DE ELETRICIDADE S A;RE;Residencial;;B1;33;RJ;5;Sudeste;3304557;Rio de Janeiro;22611***;PF;GD.RJ.000.001.005;2016-09-30;;Geracao na propria UC;1;UFV;Radiação solar;Microgeracao;6,00;;;
2026-08-19;08/2026;60444437000146;LIGHT SESA;LIGHT SERVICOS DE ELETRICIDADE S A;RE;Residencial;;B1;33;RJ;5;Sudeste;3304557;Rio de Janeiro;22210***;PF;GD.RJ.000.001.009;2016-09-14;;Geracao na propria UC;1;UFV;Radiação solar;Microgeracao;4,00;;;
2026-08-19;08/2026;60444437000146;LIGHT SESA;LIGHT SERVICOS DE ELETRICIDADE S A;RE;Residencial;;B1;33;RJ;5;Sudeste;3304557;Rio de Janeiro;22245***;PF;GD.RJ.000.001.013;2016-09-13;;Geracao na propria UC;1;UFV;Radiação solar;Microgeracao;2,60;;;
2026-08-19;08/2026;60444437000146;LIGHT SESA;LIGHT SERVICOS DE ELETRICIDADE S A;CO;Comercial;;B3;33;RJ;5;Sudeste;3304557;Rio de Janeiro;22240005  ;PJ;GD.RJ.000.001.015;2016-09-13;;Geracao na propria UC;1;UFV;Radiação solar;Microgeracao;19,10;;;
2026-08-19;08/2026;60444437000146;LIGHT SESA;LIGHT SERVICOS DE ELETRICIDADE S A;RE;Residencial;;B1;33;RJ;5;Sudeste;3304557;Rio de Janeiro;22290010  ;PJ;GD.RJ.000.001.017;2016-09-14;;Geracao na propria UC;1;UFV;Radiação solar;Microgeracao;2,90;;;
2026-08-19;08/2026;60444437000146;LIGHT SESA;LIGHT SERVICOS DE ELETRICIDADE S A;CO;Comercial;;B3;33;RJ;5;Sudeste;3304557;Rio de Janeiro;22080***;PF;GD.RJ.000.001.018;2016-09-13;;Geracao na propria UC;1;UFV;Radiação solar;Microgeracao;4,00;;;
2026-08-19;08/2026;60444437000146;LIGHT SESA;LIGHT SERVICOS DE ELETRICIDADE S A;CO;Comercial;;B3;33;RJ;5;Sudeste;3304557;Rio de Janeiro;20551050  ;PJ;GD.RJ.000.001.019;2016-09-15;;Geracao na propria UC;1;UFV;Radiação solar;Microgeracao;3,00;;;
2026-08-19;08/2026;60444437000146;LIGHT SESA;LIGHT SERVICOS DE ELETRICIDADE S A;CO;Comercial;;B3;33;RJ;5;Sudeste;3304557;Rio de Janeiro;20090000  ;PJ;GD.RJ.000.001.045;2016-09-14;;Geracao na propria UC;1;UFV;Radiação solar;Microgeracao;22,00;;;
2026-08-19;08/2026;60444437000146;LIGHT SESA;LIGHT SERVICOS DE ELETRICIDADE S A;RE;Residencial;;B1;33;RJ;5;Sudeste;3304557;Rio de Janeiro;22450***;PF;GD.RJ.000.001.050;2016-09-13;;Geracao na propria UC;1;UFV;Radiação solar;Microgeracao;3,00;;;
2026-08-19;08/2026;60444437000146;LIGHT SESA;LIGHT SERVICOS DE ELETRICIDADE S A;RE;Residencial;;B1;33;RJ;5;Sudeste;3304557;Rio de Janeiro;23530***;PF;GD.RJ.000.001.058;2016-09-14;;Geracao na propria UC;1;UFV;Radiação solar;Microgeracao;3,00;;;
2026-08-19;08/2026;33050071000158;ENEL RJ;AMPLA ENERGIA E SERVICOS S.A.;RE;Residencial;;B1;33;RJ;5;Sudeste;3302700;Maricá;24900***;PF;GD.RJ.000.001.195;2016-09-28;;Geracao na propria UC;1;UFV;Radiação solar;Microgeracao;5,20;;;
2026-08-19;08/2026;08324196000181;COSERN;COMPANHIA ENERGETICA DO RIO GRANDE DO NORTE COSERN;CO;Comercial;;B3;24;RN;3;Nordeste;2408102;Natal;59031800  ;PJ;GD.RN.000.001.150;2016-09-13;;Geracao na propria UC;1;UFV;Radiação solar;Microgeracao;10,00;;;
2026-08-19;08/2026;08324196000181;COSERN;COMPANHIA ENERGETICA DO RIO GRANDE DO NORTE COSERN;RE;Residencial;;B1;24;RN;3;Nordeste;2403251;Parnamirim;59160***;PF;GD.RN.000.002.420;2016-10-19;;Geracao na propria UC;1;UFV;Radiação solar;Microgeracao;2,00;;;
2026-08-19;08/2026;08324196000181;COSERN;COMPANHIA ENERGETICA DO RIO GRANDE DO NORTE COSERN;CO;Comercial;;B3;24;RN;3;Nordeste;2404200;Goianinha;59173***;PF;GD.RN.000.005.425;2016-08-04;;Geracao na propria UC;1;UFV;Radiação solar;Microgeracao;10,00;;;
2026-08-19;08/2026;08324196000181;COSERN;COMPANHIA ENERGETICA DO RIO GRANDE DO NORTE COSERN;IN;Industrial;;B3;24;RN;3;Nordeste;2403103;Currais Novos;59380000  ;PJ;GD.RN.000.005.427;2016-08-15;;Geracao na propria UC;1;UFV;Radiação solar;Microgeracao;20,00;;;
2026-08-19;08/2026;08324196000181;COSERN;COMPANHIA ENERGETICA DO RIO GRANDE DO NORTE COSERN;CO;Comercial;;B3;24;RN;3;Nordeste;2414209;Tibau do Sul;59178000  ;PJ;GD.RN.000.005.428;2016-08-19;;Geracao na propria UC;1;UFV;Radiação solar;Microgeracao;2,12;;;
2026-08-19;08/2026;08324196000181;COSERN;COMPANHIA ENERGETICA DO RIO GRANDE DO NORTE COSERN;RE;Residencial;;B1;24;RN;3;Nordeste;2403251;Parnamirim;59.15***;PF;GD.RN.000.005.547;2015-01-13;;Geracao na propria UC;1;UFV;Radiação solar;Microgeracao;4,00;;;
2026-08-19;08/2026;08324196000181;COSERN;COMPANHIA ENERGETICA DO RIO GRANDE DO NORTE COSERN;CO;Comercial;;B3;24;RN;3;Nordeste;2414209;Tibau do Sul;59.17***;PF;GD.RN.000.005.554;2015-03-10;;Geracao na propria UC;1;UFV;Radiação solar;Microgeracao;1,47;;;
2026-08-19;08/2026;08324196000181;COSERN;COMPANHIA ENERGETICA DO RIO GRANDE DO NORTE COSERN;RE;Residencial;;B1;24;RN;3;Nordeste;2408102;Natal;59035***;PF;GD.RN.000.005.595;2015-08-12;;Geracao na propria UC;1;UFV;Radiação solar;Microgeracao;1,50;;;
2026-08-19;08/2026;08324196000181;COSERN;COMPANHIA ENERGETICA DO RIO GRANDE DO NORTE COSERN;RE;Residencial;;B1;24;RN;3;Nordeste;2411056;Tibau;59.67800  ;PJ;GD.RN.000.005.636;2014-01-16;;Geracao na propria UC;1;EOL;Cinética do vento;Microgeracao;3,30;;;
2026-08-19;08/2026;08324196000181;COSERN;COMPANHIA ENERGETICA DO RIO GRANDE DO NORTE COSERN;IN;Industrial;;B3;24;RN;3;Nordeste;2403103;Currais Novos;59380000  ;PJ;GD.RN.000.005.871;2016-08-15;;Geracao na propria UC;1;UFV;Radiação solar;Microgeracao;17,00;;;
2026-08-19;08/2026;08324196000181;COSERN;COMPANHIA ENERGETICA DO RIO GRANDE DO NORTE COSERN;RE;Residencial;;B1;24;RN;3;Nordeste;2403251;Parnamirim;59160***;PF;GD.RN.000.006.450;2015-12-03;;Geracao na propria UC;1;UFV;Radiação solar;Microgeracao;6,00;;;
2026-08-19;08/2026;08324196000181;COSERN;COMPANHIA ENERGETICA DO RIO GRANDE DO NORTE COSERN;PP;Poder Público;;A4;24;RN;3;Nordeste;2408003;Mossoró;59625300  ;PJ;GD.RN.000.006.486;2015-12-03;;Geracao na propria UC;1;UFV;Radiação solar;Microgeracao;3,00;;;
2026-08-19;08/2026;08324196000181;COSERN;COMPANHIA ENERGETICA DO RIO GRANDE DO NORTE COSERN;RE;Residencial;;B1;24;RN;3;Nordeste;2406502;Lagoa Nova;59.65***;PF;GD.RN.000.006.595;2015-12-21;;Geracao na propria UC;1;UFV;Radiação solar;Microgeracao;5,00;;;
2026-08-19;08/2026;08324196000181;COSERN;COMPANHIA ENERGETICA DO RIO GRANDE DO NORTE COSERN;RE;Residencial;;B1;24;RN;3;Nordeste;2412609;São Paulo do Potengi;59460***;PF;GD.RN.000.007.543;2016-12-28;;Auto consumo remoto;2;UFV;Radiação solar;Microgeracao;3,15;;;
2026-08-19;08/2026;08324196000181;COSERN;COMPANHIA ENERGETICA DO RIO GRANDE DO NORTE COSERN;RE;Residencial;;B1;24;RN;3;Nordeste;2403251;Parnamirim;59161***;PF;GD.RN.000.007.544;2017-01-11;;Geracao na propria UC;1;UFV;Radiação solar;Microgeracao;3,00;;;
2026-08-19;08/2026;08324196000181;COSERN;COMPANHIA ENERGETICA DO RIO GRANDE DO NORTE COSERN;RE;Residencial;;B1;24;RN;3;Nordeste;2408003;Mossoró;59625***;PF;GD.RN.000.010.165;2017-04-27;;Geracao na propria UC;1;UFV;Radiação solar;Microgeracao;4,95;;;
2026-08-19;08/2026;08324196000181;COSERN;COMPANHIA ENERGETICA DO RIO GRANDE DO NORTE COSERN;RE;Residencial;;B1;24;RN;3;Nordeste;2408003;Mossoró;59625***;PF;GD.RN.000.010.435;2019-11-15;;Geracao na propria UC;1;UFV;Radiação solar;Microgeracao;15,00;;;
2026-08-19;08/2026;08324196000181;COSERN;COMPANHIA ENERGETICA DO RIO GRANDE DO NORTE COSERN;RE;Residencial;;B1;24;RN;3;Nordeste;2403251;Parnamirim;59161***;PF;GD.RN.000.010.546;2017-05-19;;Auto consumo remoto;2;UFV;Radiação solar;Microgeracao;3,12;;;
2026-08-19;08/2026;08324196000181;COSERN;COMPANHIA ENERGETICA DO RIO GRANDE DO NORTE COSERN;RE;Residencial;;B1;24;RN;3;Nordeste;2407104;Macaíba;59280***;PF;GD.RN.000.012.377;2022-02-14;;Geracao na propria UC;1;UFV;Radiação solar;Microgeracao;3,30;;;
2026-08-19;08/2026;08324196000181;COSERN;COMPANHIA ENERGETICA DO RIO GRANDE DO NORTE COSERN;RE;Residencial;;B1;24;RN;3;Nordeste;2403251;Parnamirim;59160***;PF;GD.RN.000.013.673;2017-08-25;;Geracao na propria UC;1;UFV;Radiação solar;Microgeracao;5,00;;;
2026-08-19;08/2026;08324196000181;COSERN;COMPANHIA ENERGETICA DO RIO GRANDE DO NORTE COSERN;RE;Residencial;;B1;24;RN;3;Nordeste;2408003;Mossoró;59630***;PF;GD.RN.000.016.139;2017-10-09;;Geracao na propria UC;1;UFV;Radiação solar;Microgeracao;1,50;;;
2026-08-19;08/2026;08324196000181;COSERN;COMPANHIA ENERGETICA DO RIO GRANDE DO NORTE COSERN;CO;Comercial;;B3;24;RN;3;Nordeste;2408102;Natal;59040090  ;PJ;GD.RN.000.016.230;2017-10-16;;Geracao na propria UC;1;UFV;Radiação solar;Microgeracao;21,00;;;
2026-08-19;08/2026;08324196000181;COSERN;COMPANHIA ENERGETICA DO RIO GRANDE DO NORTE COSERN;RE;Residencial;;B1;24;RN;3;Nordeste;2403251;Parnamirim;59160***;PF;GD.RN.000.018.507;2017-12-01;;Geracao na propria UC;1;UFV;Radiação solar;Microgeracao;5,00;;;
2026-08-19;08/2026;08324196000181;COSERN;COMPANHIA ENERGETICA DO RIO GRANDE DO NORTE COSERN;RE;Residencial;;B1;24;RN;3;Nordeste;2402006;Caicó;59300***;PF;GD.RN.000.018.686;2017-12-13;;Geracao na propria UC;1;UFV;Radiação solar;Microgeracao;3,90;;;
2026-08-19;08/2026;08324196000181;COSERN;COMPANHIA ENERGETICA DO RIO GRANDE DO NORTE COSERN;CO;Comercial;;B3;24;RN;3;Nordeste;2412401;São José do Seridó;59378000  ;PJ;GD.RN.000.019.365;2017-12-27;;Auto consumo remoto;3;UFV;Radiação solar;Minigeracao;108,00;;;
2026-08-19;08/2026;08324196000181;COSERN;COMPANHIA ENERGETICA DO RIO GRANDE DO NORTE COSERN;CO;Comercial;;A4;24;RN;3;Nordeste;2408102;Natal;59054600  ;PJ;GD.RN.000.020.349;2017-12-26;;Geracao na propria UC;1;UFV;Radiação solar;Minigeracao;100,00;;;
2026-08-19;08/2026;08324196000181;COSERN;COMPANHIA ENERGETICA DO RIO GRANDE DO NORTE COSERN;CO;Comercial;;B3;24;RN;3;Nordeste;2407203;Macau;59500000  ;PJ;GD.RN.000.022.756;2018-02-08;;Geracao na propria UC;1;UFV;Radiação solar;Microgeracao;3,00;;;
2026-08-19;08/2026;08324196000181;COSERN;COMPANHIA ENERGETICA DO RIO GRANDE DO NORTE COSERN;CO;Comercial;;B3;24;RN;3;Nordeste;2401107;Areia Branca;59655000  ;PJ;GD.RN.000.023.242;2018-02-21;;Auto consumo remoto;2;UFV;Radiação solar;Microgeracao;27,00;;;
2026-08-19;08/2026;08324196000181;COSERN;COMPANHIA ENERGETICA DO RIO GRANDE DO NORTE COSERN;CO;Comercial;;B3;24;RN;3;Nordeste;2402006;Caicó;59300000  ;PJ;GD.RN.000.024.448;2018-02-15;;Auto consumo remoto;4;UFV;Radiação solar;Microgeracao;25,00;;;
2026-08-19;08/2026;08324196000181;COSERN;COMPANHIA ENERGETICA DO RIO GRANDE DO NORTE COSERN;RE;Residencial;;B1;24;RN;3;Nordeste;2413607;Severiano Melo;59856***;PF;GD.RN.000.026.440;2017-09-14;;Geracao na propria UC;1;UFV;Radiação solar;Microgeracao;1,62;;;
2026-08-19;08/2026;08324196000181;COSERN;COMPANHIA ENERGETICA DO RIO GRANDE DO NORTE COSERN;RE;Residencial;;B1;24;RN;3;Nordeste;2403251;Parnamirim;59161***;PF;GD.RN.000.026.848;2018-04-13;;Geracao na propria UC;1;UFV;Radiação solar;Microgeracao;3,00;;;
2026-08-19;08/2026;08324196000181;COSERN;COMPANHIA ENERGETICA DO RIO GRANDE DO NORTE COSERN;CO;Comercial;;A4;24;RN;3;Nordeste;2407401;Martins;59800000  ;PJ;GD.RN.000.027.483;2018-03-29;;Auto consumo remoto;2;UFV;Radiação solar;Minigeracao;160,00;;;
2026-08-19;08/2026;08324196000181;COSERN;COMPANHIA ENERGETICA DO RIO GRANDE DO NORTE COSERN;RE;Residencial;;B1;24;RN;3;Nordeste;2403251;Parnamirim;59160***;PF;GD.RN.000.029.699;2018-05-21;;Auto consumo remoto;2;UFV;Radiação solar;Microgeracao;5,94;;;
2026-08-19;08/2026;08324196000181;COSERN;COMPANHIA ENERGETICA DO RIO GRANDE DO NORTE COSERN;PP;Poder Público;;A4;24;RN;3;Nordeste;2408102;Natal;59069470  ;PJ;GD.RN.000.029.837;2018-05-30;;Geracao na propria UC;1;UFV;Radiação solar;Microgeracao;5,00;;;
2026-08-19;08/2026;08324196000181;COSERN;COMPANHIA ENERGETICA DO RIO GRANDE DO NORTE COSERN;CO;Comercial;;B3;24;RN;3;Nordeste;2403251;Parnamirim;59140840  ;PJ;GD.RN.000.029.842;2018-05-30;;Geracao na propria UC;1;UFV;Radiação solar;Microgeracao;23,76;;;
2026-08-19;08/2026;08324196000181;COSERN;COMPANHIA ENERGETICA DO RIO GRANDE DO NORTE COSERN;CO;Comercial;;B3;24;RN;3;Nordeste;2411205;Santa Cruz;59200000  ;PJ;GD.RN.000.030.882;2018-06-14;;Geracao na propria UC;1;UFV;Radiação solar;Microgeracao;60,00;;;
2026-08-19;08/2026;08324196000181;COSERN;COMPANHIA ENERGETICA DO RIO GRANDE DO NORTE COSERN;RE;Residencial;;B1;24;RN;3;Nordeste;2414209;Tibau do Sul;59178***;PF;GD.RN.000.031.202;2018-06-25;;Geracao na propria UC;1;UFV;Radiação solar;Microgeracao;3,00;;;
2026-08-19;08/2026;08324196000181;COSERN;COMPANHIA ENERGETICA DO RIO GRANDE DO NORTE COSERN;CO;Comercial;;B3;24;RN;3;Nordeste;2402006;Caicó;59300000  ;PJ;GD.RN.000.031.291;2018-06-21;;Auto consumo remoto;3;UFV;Radiação solar;Microgeracao;60,00;;;
2026-08-19;08/2026;08324196000181;COSERN;COMPANHIA ENERGETICA DO RIO GRANDE DO NORTE COSERN;PP;Poder Público;;B3;24;RN;3;Nordeste;2400208;Açu;59650000  ;PJ;GD.RN.000.031.580;2018-07-03;;Geracao na propria UC;1;UFV;Radiação solar;Microgeracao;7,93;;;
2026-08-19;08/2026;08324196000181;COSERN;COMPANHIA ENERGETICA DO RIO GRANDE DO NORTE COSERN;RE;Residencial;;B1;24;RN;3;Nordeste;2403251;Parnamirim;59160***;PF;GD.RN.000.031.864;2018-06-18;;Geracao na propria UC;1;UFV;Radiação solar;Microgeracao;7,20;;;
2026-08-19;08/2026;05914650000166;ERO;ENERGISA RONDONIA - DISTRIBUIDORA DE ENERGIA S.A;RE;Residencial;;B1;11;RO;2;Norte;1100189;Pimenta Bueno;76970***;PF;GD.RO.000.002.574;2016-10-21;;Geracao na propria UC;1;UFV;Radiação solar;Microgeracao;2,50;;;
2026-08-19;08/2026;05914650000166;ERO;ENERGISA RONDONIA - DISTRIBUIDORA DE ENERGIA S.A;CO;Comercial;;A4;11;RO;2;Norte;1100304;Vilhena;76980000  ;PJ;GD.RO.000.003.239;2016-11-10;;Geracao na propria UC;1;UFV;Radiação solar;Microgeracao;48,00;SE VILHENA;-60,13;-12,74
2026-08-19;08/2026;05914650000166;ERO;ENERGISA RONDONIA - DISTRIBUIDORA DE ENERGIA S.A;RE;Residencial;;B1;11;RO;2;Norte;1100205;Porto Velho;76824***;PF;GD.RO.000.003.242;2016-11-25;;Geracao na propria UC;1;UFV;Radiação solar;Microgeracao;4,16;SE TIRADENTES;-63,83;-8,75
2026-08-19;08/2026;05914650000166;ERO;ENERGISA RONDONIA - DISTRIBUIDORA DE ENERGIA S.A;CO;Comercial;;B3;11;RO;2;Norte;1101492;São Francisco do Guaporé;76935000  ;PJ;GD.RO.000.006.078;2016-06-07;;Geracao na propria UC;1;UFV;Radiação solar;Microgeracao;12,00;SE SAO FRANCISCO;-63,57;-12,08
2026-08-19;08/2026;05914650000166;ERO;ENERGISA RONDONIA - DISTRIBUIDORA DE ENERGIA S.A;RE;Residencial;;B1;11;RO;2;Norte;1100288;Rolim de Moura;76940***;PF;GD.RO.000.006.079;2016-05-02;;Geracao na propria UC;1;UFV;Radiação solar;Microgeracao;33,66;SE ROLIM DE MOURA;-61,78;-11,71
2026-08-19;08/2026;05914650000166;ERO;ENERGISA RONDONIA - DISTRIBUIDORA DE ENERGIA S.A;CO;Comercial;;B3;11;RO;2;Norte;1100114;Jaru;76890000  ;PJ;GD.RO.000.006.085;2016-11-16;;Geracao na propria UC;1;UFV;Radiação solar;Microgeracao;8,48;SE JARU;-62,45;-10,44
2026-08-19;08/2026;05914650000166;ERO;ENERGISA RONDONIA - DISTRIBUIDORA DE ENERGIA S.A;RE;Residencial;;B1;11;RO;2;Norte;1100023;Ariquemes;76876***;PF;GD.RO.000.006.089;2016-11-09;;Geracao na propria UC;1;UFV;Radiação solar;Microgeracao;8,00;SE ARIQUEMES I;-63,04;-9,92
2026-08-19;08/2026;05914650000166;ERO;ENERGISA RONDONIA - DISTRIBUIDORA DE ENERGIA S.A;CO;Comercial;;B3;11;RO;2;Norte;1100023;Ariquemes;76876708  ;PJ;GD.RO.000.006.096;2016-05-12;;Geracao na propria UC;1;UFV;Radiação solar;Microgeracao;10,00;SE ARIQUEMES II;-63,02;-9,89
2026-08-19;08/2026;05914650000166;ERO;ENERGISA RONDONIA - DISTRIBUIDORA DE ENERGIA S.A;RE;Residencial;;B1;11;RO;2;Norte;1100049;Cacoal;76964***;PF;GD.RO.000.006.099;2016-04-12;;Geracao na propria UC;1;UFV;Radiação solar;Microgeracao;2,50;SE CACOAL;-61,47;-11,44
2026-08-19;08/2026;05914650000166;ERO;ENERGISA RONDONIA - DISTRIBUIDORA DE ENERGIA S.A;RE;Residencial;;B1;11;RO;2;Norte;1100049;Cacoal;76963***;PF;GD.RO.000.006.101;2016-06-20;;Geracao na propria UC;1;UFV;Radiação solar;Microgeracao;12,00;SE CACOAL;-61,47;-11,44
2026-08-19;08/2026;05914650000166;ERO;ENERGISA RONDONIA - DISTRIBUIDORA DE ENERGIA S.A;RE;Residencial;;B1;11;RO;2;Norte;1100189;Pimenta Bueno;76970***;PF;GD.RO.000.006.102;2015-11-23;;Geracao na propria UC;1;UFV;Radiação solar;Microgeracao;5,00;SE PIMENTA BUENO;-61,17;-11,70
2026-08-19;08/2026;05914650000166;ERO;ENERGISA RONDONIA - DISTRIBUIDORA DE ENERGIA S.A;CO;Comercial;;B3;11;RO;2;Norte;1100205;Porto Velho;76820562  ;PJ;GD.RO.000.006.105;2016-04-07;;Geracao na propria UC;1;UFV;Radiação solar;Microgeracao;3,00;;;
2026-08-19;08/2026;05914650000166;ERO;ENERGISA RONDONIA - DISTRIBUIDORA DE ENERGIA S.A;RE;Residencial;;B1;11;RO;2;Norte;1100205;Porto Velho;76811***;PF;GD.RO.000.006.106;2016-06-27;;Geracao na propria UC;1;UFV;Radiação solar;Microgeracao;3,00;SE AREAL;-63,89;-8,78
2026-08-19;08/2026;05914650000166;ERO;ENERGISA RONDONIA - DISTRIBUIDORA DE ENERGIA S.A;CO;Comercial;;B3;11;RO;2;Norte;1100205;Porto Velho;76801234  ;PJ;GD.RO.000.006.109;2016-12-26;;Geracao na propria UC;1;UFV;Radiação solar;Microgeracao;15,60;SE AREAL;-63,89;-8,78
2026-08-19;08/2026;05914650000166;ERO;ENERGISA RONDONIA - DISTRIBUIDORA DE ENERGIA S.A;RE;Residencial;;B2;11;RO;2;Norte;1100155;Ouro Preto do Oeste;76920***;PF;GD.RO.000.008.253;2017-01-06;;Geracao na propria UC;1;UFV;Radiação solar;Microgeracao;3,00;SE OURO PRETO;-62,25;-10,74
2026-08-19;08/2026;05914650000166;ERO;ENERGISA RONDONIA - DISTRIBUIDORA DE ENERGIA S.A;CO;Comercial;;B3;11;RO;2;Norte;1100148;Nova Brasilândia D'Oeste;76958***;PF;GD.RO.000.008.259;2017-01-06;;Geracao na propria UC;1;UFV;Radiação solar;Microgeracao;9,01;SE NOVA BRASILANDIA;-62,30;-11,73
2026-08-19;08/2026;05914650000166;ERO;ENERGISA RONDONIA - DISTRIBUIDORA DE ENERGIA S.A;CO;Comercial;;B3;11;RO;2;Norte;1100023;Ariquemes;76870025  ;PJ;GD.RO.000.008.261;2016-12-23;;Geracao na propria UC;1;UFV;Radiação solar;Microgeracao;49,20;SE ARIQUEMES II;-63,02;-9,89
2026-08-19;08/2026;05914650000166;ERO;ENERGISA RONDONIA - DISTRIBUIDORA DE ENERGIA S.A;RE;Residencial;;B1;11;RO;2;Norte;1100205;Porto Velho;76821***;PF;GD.RO.000.008.280;2017-01-06;;Geracao na propria UC;1;UFV;Radiação solar;Microgeracao;6,20;SE AREAL;-63,89;-8,78
2026-08-19;08/2026;05914650000166;ERO;ENERGISA RONDONIA - DISTRIBUIDORA DE ENERGIA S.A;RE;Residencial;;B1;11;RO;2;Norte;1100205;Porto Velho;78909***;PF;GD.RO.000.009.095;2017-03-03;;Geracao na propria UC;1;UFV;Radiação solar;Microgeracao;4,02;SE TIRADENTES;-63,83;-8,75
2026-08-19;08/2026;05914650000166;ERO;ENERGISA RONDONIA - DISTRIBUIDORA DE ENERGIA S.A;RE;Residencial;;B1;11;RO;2;Norte;1100205;Porto Velho;76805***;PF;GD.RO.000.009.100;2017-02-17;;Geracao na propria UC;1;UFV;Radiação solar;Microgeracao;6,00;SE AREAL;-63,89;-8,78
2026-08-19;08/2026;05914650000166;ERO;ENERGISA RONDONIA - DISTRIBUIDORA DE ENERGIA S.A;RE;Residencial;;B1;11;RO;2;Norte;1100122;Ji-Paraná;76810***;PF;GD.RO.000.009.200;2017-03-08;;Geracao na propria UC;1;UFV;Radiação solar;Microgeracao;4,24;SE JI PARANA III;-61,91;-10,90
2026-08-19;08/2026;05914650000166;ERO;ENERGISA RONDONIA - DISTRIBUIDORA DE ENERGIA S.A;RE;Residencial;;B1;11;RO;2;Norte;1100205;Porto Velho;76812***;PF;GD.RO.000.011.870;2017-06-27;;Geracao na propria UC;1;UFV;Radiação solar;Microgeracao;3,00;SE PORTO VELHO ELN;-63,82;-8,80
2026-08-19;08/2026;05914650000166;ERO;ENERGISA RONDONIA - DISTRIBUIDORA DE ENERGIA S.A;RE;Residencial;;B1;11;RO;2;Norte;1100288;Rolim de Moura;76940***;PF;GD.RO.000.012.754;2017-07-12;;Geracao na propria UC;1;UFV;Radiação solar;Microgeracao;5,00;SE ROLIM DE MOURA;-61,78;-11,71
2026-08-19;08/2026;05914650000166;ERO;ENERGISA RONDONIA - DISTRIBUIDORA DE ENERGIA S.A;RE;Residencial;;B1;11;RO;2;Norte;1100106;Guajará-Mirim;76850***;PF;GD.RO.000.013.399;2017-07-22;;Geracao na propria UC;1;UFV;Radiação solar;Microgeracao;5,00;SE GUAJARA MIRIM;-65,31;-10,76
2026-08-19;08/2026;05914650000166;ERO;ENERGISA RONDONIA - DISTRIBUIDORA DE ENERGIA S.A;RE;Residencial;;B1;11;RO;2;Norte;1100205;Porto Velho;76820***;PF;GD.RO.000.013.479;2017-08-21;;Geracao na propria UC;1;UFV;Radiação solar;Microgeracao;3,00;SE TIRADENTES;-63,83;-8,75
2026-08-19;08/2026;05914650000166;ERO;ENERGISA RONDONIA - DISTRIBUIDORA DE ENERGIA S.A;RE;Residencial;;B1;11;RO;2;Norte;1100205;Porto Velho;76803***;PF;GD.RO.000.016.229;2017-09-19;;Geracao na propria UC;1;UFV;Radiação solar;Microgeracao;6,00;SE ALFAVILE;-63,88;-8,73
2026-08-19;08/2026;05914650000166;ERO;ENERGISA RONDONIA - DISTRIBUIDORA DE ENERGIA S.A;RE;Residencial;;B1;11;RO;2;Norte;1100288;Rolim de Moura;76940***;PF;GD.RO.000.016.460;2017-10-17;;Geracao na propria UC;1;UFV;Radiação solar;Microgeracao;8,02;SE ROLIM DE MOURA;-61,78;-11,71
2026-08-19;08/2026;05914650000166;ERO;ENERGISA RONDONIA - DISTRIBUIDORA DE ENERGIA S.A;RE;Residencial;;B1;11;RO;2;Norte;1100122;Ji-Paraná;76901***;PF;GD.RO.000.016.461;2017-10-02;;Geracao na propria UC;1;UFV;Radiação solar;Microgeracao;2,65;SE JI PARANA I;-61,97;-10,86
2026-08-19;08/2026;05914650000166;ERO;ENERGISA RONDONIA - DISTRIBUIDORA DE ENERGIA S.A;CO;Comercial;;B3;11;RO;2;Norte;1100122;Ji-Paraná;76908396  ;PJ;GD.RO.000.018.347;2017-12-04;;Compartilhada;2;UFV;Radiação solar;Microgeracao;37,12;SE JI PARANA III;-61,91;-10,90
2026-08-19;08/2026;05914650000166;ERO;ENERGISA RONDONIA - DISTRIBUIDORA DE ENERGIA S.A;CO;Comercial;;B3;11;RO;2;Norte;1100122;Ji-Paraná;76900162  ;PJ;GD.RO.000.018.840;2017-04-11;;Geracao na propria UC;1;UFV;Radiação solar;Microgeracao;3,00;SE JI PARANA I;-61,97;-10,86
2026-08-19;08/2026;05914650000166;ERO;ENERGISA RONDONIA - DISTRIBUIDORA DE ENERGIA S.A;RE;Residencial;;B1;11;RO;2;Norte;1100155;Ouro Preto do Oeste;76920***;PF;GD.RO.000.018.841;2017-09-05;;Geracao na propria UC;1;UFV;Radiação solar;Microgeracao;4,60;;;
2026-08-19;08/2026;05914650000166;ERO;ENERGISA RONDONIA - DISTRIBUIDORA DE ENERGIA S.A;RE;Residencial;;B1;11;RO;2;Norte;1100122;Ji-Paraná;76907***;PF;GD.RO.000.018.842;2017-04-07;;Geracao na propria UC;1;UFV;Radiação solar;Microgeracao;4,48;SE JI PARANA I;-61,97;-10,86
2026-08-19;08/2026;05914650000166;ERO;ENERGISA RONDONIA - DISTRIBUIDORA DE ENERGIA S.A;RE;Residencial;;B1;11;RO;2;Norte;1100122;Ji-Paraná;76900***;PF;GD.RO.000.018.843;2017-08-04;;Geracao na propria UC;1;UFV;Radiação solar;Microgeracao;2,65;SE JI PARANA I;-61,97;-10,86
2026-08-19;08/2026;05914650000166;ERO;ENERGISA RONDONIA - DISTRIBUIDORA DE ENERGIA S.A;RE;Residencial;;B1;11;RO;2;Norte;1100288;Rolim de Moura;76940***;PF;GD.RO.000.018.918;2017-12-13;;Geracao na propria UC;1;UFV;Radiação solar;Microgeracao;3,90;SE ROLIM DE MOURA;-61,78;-11,71
2026-08-19;08/2026;05914650000166;ERO;ENERGISA RONDONIA - DISTRIBUIDORA DE ENERGIA S.A;RE;Residencial;;B1;11;RO;2;Norte;1100205;Porto Velho;76824***;PF;GD.RO.000.019.946;2017-12-26;;Geracao na propria UC;1;UFV;Radiação solar;Microgeracao;5,20;SE TIRADENTES;-63,83;-8,75
2026-08-19;08/2026;05914650000166;ERO;ENERGISA RONDONIA - DISTRIBUIDORA DE ENERGIA S.A;RE;Residencial;;B3;11;RO;2;Norte;1100122;Ji-Paraná;76907***;PF;GD.RO.000.019.952;2017-01-29;;Geracao na propria UC;1;UFV;Radiação solar;Microgeracao;3,00;SE ALFAVILE;-63,88;-8,73
2026-08-19;08/2026;05914650000166;ERO;ENERGISA RONDONIA - DISTRIBUIDORA DE ENERGIA S.A;CO;Comercial;;B3;11;RO;2;Norte;1100205;Porto Velho;76824213  ;PJ;GD.RO.000.020.762;2018-01-17;;Geracao na propria UC;1;UFV;Radiação solar;Microgeracao;50,00;SE ALFAVILE;-63,88;-8,73
2026-08-19;08/2026;05914650000166;ERO;ENERGISA RONDONIA - DISTRIBUIDORA DE ENERGIA S.A;CO;Comercial;;B1;11;RO;2;Norte;1100049;Cacoal;76.96388  ;PJ;GD.RO.000.023.579;2017-12-08;;Geracao na propria UC;1;UFV;Radiação solar;Microgeracao;54,00;;;
2026-08-19;08/2026;05914650000166;ERO;ENERGISA RONDONIA - DISTRIBUIDORA DE ENERGIA S.A;CO;Comercial;;B3;11;RO;2;Norte;1100205;Porto Velho;76.80443  ;PJ;GD.RO.000.023.581;2017-12-08;;Geracao na propria UC;1;UFV;Radiação solar;Microgeracao;24,57;SE AREAL;-63,89;-8,78
2026-08-19;08/2026;05914650000166;ERO;ENERGISA RONDONIA - DISTRIBUIDORA DE ENERGIA S.A;RE;Residencial;;B3;11;RO;2;Norte;1100205;Porto Velho;76.81***;PF;GD.RO.000.023.605;2018-02-17;;Geracao na propria UC;1;UFV;Radiação solar;Microgeracao;5,00;SE AREAL;-63,89;-8,78
2026-08-19;08/2026;02341470000144;ÂMBAR ENERGIA RR;RORAIMA ENERGIA S.A;RE;Residencial;;B1;14;RR;2;Norte;1400100;Boa Vista;69304***;PF;GD.RR.000.023.121;2017-09-05;;Geracao na propria UC;1;UFV;Radiação solar;Microgeracao;5,00;FLORESTA;-60,71;2,83
2026-08-19;08/2026;02341470000144;ÂMBAR ENERGIA RR;RORAIMA ENERGIA S.A;RE;Residencial;;B1;14;RR;2;Norte;1400100;Boa Vista;69312***;PF;GD.RR.000.023.215;2017-10-31;;Geracao na propria UC;1;UFV;Radiação solar;Microgeracao;6,00;DISTRITO;-60,72;2,76
2026-08-19;08/2026;02341470000144;ÂMBAR ENERGIA RR;RORAIMA ENERGIA S.A;RE;Residencial;;B1;14;RR;2;Norte;1400100;Boa Vista;69300***;PF;GD.RR.000.023.230;2017-12-07;;Geracao na propria UC;1;UFV;Radiação solar;Microgeracao;6,00;CENTRO;-60,68;2,82
2026-08-19;08/2026;02341470000144;ÂMBAR ENERGIA RR;RORAIMA ENERGIA S.A;PP;Poder Público;;A4;14;RR;2;Norte;1400209;Caracaraí;69000000  ;PJ;GD.RR.000.023.352;2022-03-09;;Geracao na propria UC;1;UFV;Radiação solar;Minigeracao;80,00;PROCTER & GAMBLE DO BRASIL LTDA;-59,95;-3,12
2026-08-19;08/2026;02341470000144;ÂMBAR ENERGIA RR;RORAIMA ENERGIA S.A;RE;Residencial;;B1;14;RR;2;Norte;1400100;Boa Vista;69307***;PF;GD.RR.000.023.432;2018-02-19;;Auto consumo remoto;2;UFV;Radiação solar;Microgeracao;15,60;CENTRO;-60,68;2,82
2026-08-19;08/2026;02341470000144;ÂMBAR ENERGIA RR;RORAIMA ENERGIA S.A;RE;Residencial;;B1;14;RR;2;Norte;1400100;Boa Vista;69309***;PF;GD.RR.000.025.206;2018-03-20;;Geracao na propria UC;1;UFV;Radiação solar;Microgeracao;10,00;CENTRO;-60,68;2,82
2026-08-19;08/2026;02341470000144;ÂMBAR ENERGIA RR;RORAIMA ENERGIA S.A;RE;Residencial;;B1;14;RR;2;Norte;1400100;Boa Vista;69309***;PF;GD.RR.000.026.088;2016-06-16;;Geracao na propria UC;1;UFV;Radiação solar;Microgeracao;2,97;CENTRO;-60,68;2,82
2026-08-19;08/2026;02341470000144;ÂMBAR ENERGIA RR;RORAIMA ENERGIA S.A;RE;Residencial;;B1;14;RR;2;Norte;1400100;Boa Vista;69309***;PF;GD.RR.000.053.119;2019-01-03;;Geracao na propria UC;1;UFV;Radiação solar;Microgeracao;5,50;;;
2026-08-19;08/2026;02341470000144;ÂMBAR ENERGIA RR;RORAIMA ENERGIA S.A;RE;Residencial;;B1;14;RR;2;Norte;1400100;Boa Vista;69306***;PF;GD.RR.000.053.120;2019-01-02;;Geracao na propria UC;1;UFV;Radiação solar;Microgeracao;6,00;CENTRO;-60,68;2,82
2026-08-19;08/2026;02341470000144;ÂMBAR ENERGIA RR;RORAIMA ENERGIA S.A;RE;Residencial;;B1;14;RR;2;Norte;1400100;Boa Vista;69317***;PF;GD.RR.000.053.121;2018-05-07;;Geracao na propria UC;1;UFV;Radiação solar;Minigeracao;80,00;SATELITE;-60,73;2,85
2026-08-19;08/2026;02341470000144;ÂMBAR ENERGIA RR;RORAIMA ENERGIA S.A;RE;Residencial;;B1;14;RR;2;Norte;1400100;Boa Vista;69306***;PF;GD.RR.000.056.984;2018-11-28;;Geracao na propria UC;1;UFV;Radiação solar;Microgeracao;12,00;CENTRO;-60,68;2,82
2026-08-19;08/2026;02341470000144;ÂMBAR ENERGIA RR;RORAIMA ENERGIA S.A;RE;Residencial;;B1;14;RR;2;Norte;1400100;Boa Vista;69309***;PF;GD.RR.000.056.994;2019-02-04;;Geracao na propria UC;1;UFV;Radiação solar;Microgeracao;6,50;CENTRO;-60,68;2,82
2026-08-19;08/2026;02341470000144;ÂMBAR ENERGIA RR;RORAIMA ENERGIA S.A;RE;Residencial;;B1;14;RR;2;Norte;1400100;Boa Vista;69307***;PF;GD.RR.000.067.456;2019-02-06;;Geracao na propria UC;1;UFV;Radiação solar;Microgeracao;3,00;CENTRO;-60,68;2,82
2026-08-19;08/2026;02341470000144;ÂMBAR ENERGIA RR;RORAIMA ENERGIA S.A;RE;Residencial;;B1;14;RR;2;Norte;1400100;Boa Vista;69.31***;PF;GD.RR.000.067.518;2019-03-20;;Geracao na propria UC;1;UFV;Radiação solar;Microgeracao;3,30;SATELITE;-60,73;2,85
2026-08-19;08/2026;02341470000144;ÂMBAR ENERGIA RR;RORAIMA ENERGIA S.A;RE;Residencial;;B1;14;RR;2;Norte;1400100;Boa Vista;69.30***;PF;GD.RR.000.067.524;2019-03-08;;Geracao na propria UC;1;UFV;Radiação solar;Microgeracao;20,00;FLORESTA;-60,71;2,83
2026-08-19;08/2026;02341470000144;ÂMBAR ENERGIA RR;RORAIMA ENERGIA S.A;RE;Residencial;;B1;14;RR;2;Norte;1400100;Boa Vista;69312***;PF;GD.RR.000.075.722;2019-04-17;;Compartilhada;3;UFV;Radiação solar;Microgeracao;12,00;DISTRITO;-60,72;2,76
2026-08-19;08/2026;02341470000144;ÂMBAR ENERGIA RR;RORAIMA ENERGIA S.A;RE;Residencial;;B1;14;RR;2;Norte;1400100;Boa Vista;69312339  ;PJ;GD.RR.000.076.078;2019-04-02;;Auto consumo remoto;2;UFV;Radiação solar;Microgeracao;24,00;;;
2026-08-19;08/2026;02341470000144;ÂMBAR ENERGIA RR;RORAIMA ENERGIA S.A;RE;Residencial;;B1;14;RR;2;Norte;1400100;Boa Vista;69305***;PF;GD.RR.000.076.082;2019-04-04;;Compartilhada;2;UFV;Radiação solar;Microgeracao;4,00;CENTRO;-60,68;2,82
2026-08-19;08/2026;02341470000144;ÂMBAR ENERGIA RR;RORAIMA ENERGIA S.A;RE;Residencial;;B1;14;RR;2;Norte;1400100;Boa Vista;69307***;PF;GD.RR.000.104.954;2019-08-07;;Geracao na propria UC;1;UFV;Radiação solar;Microgeracao;6,90;CENTRO;-60,68;2,82
2026-08-19;08/2026;02341470000144;ÂMBAR ENERGIA RR;RORAIMA ENERGIA S.A;CO;Comercial;;B3;14;RR;2;Norte;1400100;Boa Vista;69309***;PF;GD.RR.000.105.705;2019-02-06;;Geracao na propria UC;1;UFV;Radiação solar;Microgeracao;25,00;FLORESTA;-60,71;2,83
2026-08-19;08/2026;02341470000144;ÂMBAR ENERGIA RR;RORAIMA ENERGIA S.A;RE;Residencial;;B1;14;RR;2;Norte;1400175;Cantá;69390***;PF;GD.RR.000.108.417;2025-01-09;;Auto consumo remoto;2;UFV;Radiação solar;Microgeracao;16,00;;;
2026-08-19;08/2026;02341470000144;ÂMBAR ENERGIA RR;RORAIMA ENERGIA S.A;CO;Comercial;;B3;14;RR;2;Norte;1400100;Boa Vista;69310***;PF;GD.RR.000.108.815;2019-08-20;;Auto consumo remoto;2;UFV;Radiação solar;Microgeracao;10,00;;;
2026-08-19;08/2026;02341470000144;ÂMBAR ENERGIA RR;RORAIMA ENERGIA S.A;RE;Residencial;;B1;14;RR;2;Norte;1400100;Boa Vista;69303***;PF;GD.RR.000.109.256;2019-08-14;;Compartilhada;2;UFV;Radiação solar;Microgeracao;6,60;CENTRO;-60,68;2,82
2026-08-19;08/2026;02341470000144;ÂMBAR ENERGIA RR;RORAIMA ENERGIA S.A;RE;Residencial;;B1;14;RR;2;Norte;1400100;Boa Vista;69312***;PF;GD.RR.000.109.259;2019-08-14;;Geracao na propria UC;1;UFV;Radiação solar;Microgeracao;1,00;;;
2026-08-19;08/2026;02341470000144;ÂMBAR ENERGIA RR;RORAIMA ENERGIA S.A;RE;Residencial;;B1;14;RR;2;Norte;1400100;Boa Vista;69313***;PF;GD.RR.000.109.266;2019-08-14;;Geracao na propria UC;1;UFV;Radiação solar;Microgeracao;3,00;FLORESTA;-60,71;2,83
2026-08-19;08/2026;02341470000144;ÂMBAR ENERGIA RR;RORAIMA ENERGIA S.A;RE;Residencial;;B1;14;RR;2;Norte;1400100;Boa Vista;69301140  ;PJ;GD.RR.000.109.276;2019-08-14;;Geracao na propria UC;1;UFV;Radiação solar;Microgeracao;15,00;CENTRO;-60,68;2,82
2026-08-19;08/2026;02341470000144;ÂMBAR ENERGIA RR;RORAIMA ENERGIA S.A;RE;Residencial;;B1;14;RR;2;Norte;1400100;Boa Vista;69306***;PF;GD.RR.000.109.279;2019-08-12;;Geracao na propria UC;1;UFV;Radiação solar;Microgeracao;3,96;CENTRO;-60,68;2,82
2026-08-19;08/2026;02341470000144;ÂMBAR ENERGIA RR;RORAIMA ENERGIA S.A;RE;Residencial;;B1;14;RR;2;Norte;1400100;Boa Vista;69306***;PF;GD.RR.000.110.800;2019-07-01;;Geracao na propria UC;1;UFV;Radiação solar;Microgeracao;6,50;CENTRO;-60,68;2,82
2026-08-19;08/2026;02341470000144;ÂMBAR ENERGIA RR;RORAIMA ENERGIA S.A;RE;Residencial;;B1;14;RR;2;Norte;1400100;Boa Vista;69307***;PF;GD.RR.000.110.803;2019-06-07;;Geracao na propria UC;1;UFV;Radiação solar;Microgeracao;5,20;CENTRO;-60,68;2,82
2026-08-19;08/2026;02341470000144;ÂMBAR ENERGIA RR;RORAIMA ENERGIA S.A;RE;Residencial;;B1;14;RR;2;Norte;1400308;Mucajaí;69340***;PF;GD.RR.000.110.953;2019-08-27;;Geracao na propria UC;1;UFV;Radiação solar;Microgeracao;3,00;MUCAJAI;-60,92;2,43
2026-08-19;08/2026;02341470000144;ÂMBAR ENERGIA RR;RORAIMA ENERGIA S.A;RE;Residencial;;B1;14;RR;2;Norte;1400100;Boa Vista;69307***;PF;GD.RR.000.110.961;2019-03-11;;Geracao na propria UC;1;UFV;Radiação solar;Microgeracao;10,00;CENTRO;-60,68;2,82
2026-08-19;08/2026;02341470000144;ÂMBAR ENERGIA RR;RORAIMA ENERGIA S.A;RE;Residencial;;B1;14;RR;2;Norte;1400100;Boa Vista;69.30***;PF;GD.RR.000.134.800;2019-05-17;;Geracao na propria UC;1;UFV;Radiação solar;Microgeracao;6,90;CENTRO;-60,68;2,82
2026-08-19;08/2026;02341470000144;ÂMBAR ENERGIA RR;RORAIMA ENERGIA S.A;RE;Residencial;;B1;14;RR;2;Norte;1400100;Boa Vista;69.30***;PF;GD.RR.000.134.858;2019-10-01;;Geracao na propria UC;1;UFV;Radiação solar;Microgeracao;6,00;CENTRO;-60,68;2,82
2026-08-19;08/2026;02341470000144;ÂMBAR ENERGIA RR;RORAIMA ENERGIA S.A;RE;Residencial;;B1;14;RR;2;Norte;1400100;Boa Vista;69.30***;PF;GD.RR.000.134.874;2019-10-16;;Auto consumo remoto;2;UFV;Radiação solar;Microgeracao;5,00;CENTRO;-60,68;2,82
2026-08-19;08/2026;02341470000144;ÂMBAR ENERGIA RR;RORAIMA ENERGIA S.A;RE;Residencial;;B1;14;RR;2;Norte;1400100;Boa Vista;69.30***;PF;GD.RR.000.135.829;2019-08-30;;Geracao na propria UC;1;UFV;Radiação solar;Microgeracao;8,20;CENTRO;-60,68;2,82
2026-08-19;08/2026;02341470000144;ÂMBAR ENERGIA RR;RORAIMA ENERGIA S.A;RE;Residencial;;B1;14;RR;2;Norte;1400100;Boa Vista;69.30***;PF;GD.RR.000.135.857;2019-08-20;;Geracao na propria UC;1;UFV;Radiação solar;Microgeracao;6,00;CENTRO;-60,68;2,82
2026-08-19;08/2026;02341470000144;ÂMBAR ENERGIA RR;RORAIMA ENERGIA S.A;CO;Comercial;;B3;14;RR;2;Norte;1400100;Boa Vista;69.30***;PF;GD.RR.000.135.875;2019-09-30;;Auto consumo remoto;4;UFV;Radiação solar;Microgeracao;28,00;CENTRO;-60,68;2,82
2026-08-19;08/2026;02341470000144;ÂMBAR ENERGIA RR;RORAIMA ENERGIA S.A;RU;Rural;;B2;14;RR;2;Norte;1400100;Boa Vista;69.30***;PF;GD.RR.000.137.142;2019-08-13;;Auto consumo remoto;2;UFV;Radiação solar;Microgeracao;6,50;;;
2026-08-19;08/2026;02341470000144;ÂMBAR ENERGIA RR;RORAIMA ENERGIA S.A;RE;Residencial;;B1;14;RR;2;Norte;1400100;Boa Vista;69.31***;PF;GD.RR.000.137.825;2019-09-02;;Auto consumo remoto;2;UFV;Radiação solar;Microgeracao;3,65;FLORESTA;-60,71;2,83
2026-08-19;08/2026;02341470000144;ÂMBAR ENERGIA RR;RORAIMA ENERGIA S.A;RU;Rural;;B2;14;RR;2;Norte;1400100;Boa Vista;69316***;PF;GD.RR.000.137.849;2019-09-25;;Geracao na propria UC;1;UFV;Radiação solar;Microgeracao;8,20;;;
2026-08-19;08/2026;02016440000162;RGE SUL;RGE SUL DISTRIBUIDORA DE ENERGIA S.A.;RE;Residencial;;B1;43;RS;4;Sul;4316907;Santa Maria;97110***;PF;GD.RS.000.000.003;2016-08-01;;Geracao na propria UC;1;UFV;Radiação solar;Microgeracao;2,60;;;
2026-08-19;08/2026;90660754000160;COPREL;COPREL COOPERATIVA DE ENERGIA;IN;Industrial;;A4;43;RS;4;Sul;4313904;Panambi;98280000  ;PJ;GD.RS.000.000.004;2015-12-07;;Geracao na propria UC;1;UFV;Radiação solar;Microgeracao;50,00;;;
2026-08-19;08/2026;90660754000160;COPREL;COPREL COOPERATIVA DE ENERGIA;RE;Residencial;;B1;43;RS;4;Sul;4312658;Não-Me-Toque;99470***;PF;GD.RS.000.000.005;2015-10-02;;Geracao na propria UC;1;UFV;Radiação solar;Microgeracao;1,95;;;
2026-08-19;08/2026;90660754000160;COPREL;COPREL COOPERATIVA DE ENERGIA;IN;Industrial;;B3;43;RS;4;Sul;4310009;Ibirubá;98200***;PF;GD.RS.000.000.006;2016-03-16;;Geracao na propria UC;1;UFV;Radiação solar;Microgeracao;3,12;;;
2026-08-19;08/2026;09257558000121;CERTEL ENERGIA;COOPERATIVA DE DISTRIBUICAO DE ENERGIA TEUTONIA;RE;Residencial;;B1;43;RS;4;Sul;4311403;Lajeado;95905***;PF;GD.RS.000.000.007;2013-11-04;;Geracao na propria UC;1;UFV;Radiação solar;Microgeracao;5,29;;;
2026-08-19;08/2026;09257558000121;CERTEL ENERGIA;COOPERATIVA DE DISTRIBUICAO DE ENERGIA TEUTONIA;RE;Residencial;;B1;43;RS;4;Sul;4311403;Lajeado;95900***;PF;GD.RS.000.000.008;2024-08-20;;Auto consumo remoto;2;UFV;Radiação solar;Microgeracao;2,06;;;
2026-08-19;08/2026;09257558000121;CERTEL ENERGIA;COOPERATIVA DE DISTRIBUICAO DE ENERGIA TEUTONIA;RE;Residencial;;B1;43;RS;4;Sul;4311403;Lajeado;95900***;PF;GD.RS.000.000.009;2014-05-12;;Geracao na propria UC;1;UFV;Radiação solar;Microgeracao;7,22;;;
2026-08-19;08/2026;09257558000121;CERTEL ENERGIA;COOPERATIVA DE DISTRIBUICAO DE ENERGIA TEUTONIA;RE;Residencial;;B1;43;RS;4;Sul;4311403;Lajeado;95900***;PF;GD.RS.000.000.010;2014-07-10;;Geracao na propria UC;1;UFV;Radiação solar;Microgeracao;3,00;;;
2026-08-19;08/2026;97578090000134;MUXENERGIA;MUXFELDT MARIN E CIA LTDA;RE;Residencial;;B1;43;RS;4;Sul;4320909;Tapejara;99950***;PF;GD.RS.000.000.011;2016-04-05;;Geracao na propria UC;1;UFV;Radiação solar;Microgeracao;4,00;;;
2026-08-19;08/2026;09257558000121;CERTEL ENERGIA;COOPERATIVA DE DISTRIBUICAO DE ENERGIA TEUTONIA;RE;Residencial;;B1;43;RS;4;Sul;4311403;Lajeado;95905***;PF;GD.RS.000.000.012;2014-05-05;;Geracao na propria UC;1;UFV;Radiação solar;Microgeracao;10,00;;;
2026-08-19;08/2026;09257558000121;CERTEL ENERGIA;COOPERATIVA DE DISTRIBUICAO DE ENERGIA TEUTONIA;RE;Residencial;;B1;43;RS;4;Sul;4321451;Teutônia;95890***;PF;GD.RS.000.000.013;2014-09-03;;Geracao na propria UC;1;UFV;Radiação solar;Microgeracao;4,00;;;
2026-08-19;08/2026;09257558000121;CERTEL ENERGIA;COOPERATIVA DE DISTRIBUICAO DE ENERGIA TEUTONIA;RE;Residencial;;B1;43;RS;4;Sul;4321451;Teutônia;95890***;PF;GD.RS.000.000.014;2015-01-22;;Geracao na propria UC;1;UFV;Radiação solar;Microgeracao;4,23;;;
2026-08-19;08/2026;09257558000121;CERTEL ENERGIA;COOPERATIVA DE DISTRIBUICAO DE ENERGIA TEUTONIA;RE;Residencial;;B1;43;RS;4;Sul;4311403;Lajeado;95905***;PF;GD.RS.000.000.015;2015-08-28;;Geracao na propria UC;1;UFV;Radiação solar;Microgeracao;1,75;;;
2026-08-19;08/2026;09257558000121;CERTEL ENERGIA;COOPERATIVA DE DISTRIBUICAO DE ENERGIA TEUTONIA;CO;Comercial;;B3;43;RS;4;Sul;4321451;Teutônia;95890000  ;PJ;GD.RS.000.000.016;2020-07-31;;Auto consumo remoto;5;UFV;Radiação solar;Microgeracao;31,50;;;
2026-08-19;08/2026;09257558000121;CERTEL ENERGIA;COOPERATIVA DE DISTRIBUICAO DE ENERGIA TEUTONIA;RE;Residencial;;B1;43;RS;4;Sul;4311403;Lajeado;95905***;PF;GD.RS.000.000.018;2016-06-02;;Geracao na propria UC;1;UFV;Radiação solar;Microgeracao;2,50;;;
2026-08-19;08/2026;09257558000121;CERTEL ENERGIA;COOPERATIVA DE DISTRIBUICAO DE ENERGIA TEUTONIA;RE;Residencial;;B1;43;RS;4;Sul;4319356;São Pedro da Serra;95758***;PF;GD.RS.000.000.019;2016-08-02;;Auto consumo remoto;2;UFV;Radiação solar;Microgeracao;3,00;;;
2026-08-19;08/2026;09257558000121;CERTEL ENERGIA;COOPERATIVA DE DISTRIBUICAO DE ENERGIA TEUTONIA;RE;Residencial;;B1;43;RS;4;Sul;4321451;Teutônia;95890***;PF;GD.RS.000.000.020;2016-08-17;;Geracao na propria UC;1;UFV;Radiação solar;Microgeracao;3,00;;;
2026-08-19;08/2026;02016440000162;RGE SUL;RGE SUL DISTRIBUIDORA DE ENERGIA S.A.;CO;Comercial;;B3;43;RS;4;Sul;4312401;Montenegro;95780000  ;PJ;GD.RS.000.000.022;2016-08-01;;Auto consumo remoto;9;UFV;Radiação solar;Microgeracao;60,00;;;
2026-08-19;08/2026;02016440000162;RGE SUL;RGE SUL DISTRIBUIDORA DE ENERGIA S.A.;RE;Residencial;;B1;43;RS;4;Sul;4307609;Estância Velha;93600***;PF;GD.RS.000.000.024;2016-08-02;;Geracao na propria UC;1;UFV;Radiação solar;Microgeracao;5,20;;;
2026-08-19;08/2026;02016440000162;RGE SUL;RGE SUL DISTRIBUIDORA DE ENERGIA S.A.;CO;Comercial;;B3;43;RS;4;Sul;4306403;Dois Irmãos;93950000  ;PJ;GD.RS.000.000.025;2016-08-02;;Auto consumo remoto;2;UFV;Radiação solar;Microgeracao;20,00;;;
2026-08-19;08/2026;02016440000162;RGE SUL;RGE SUL DISTRIBUIDORA DE ENERGIA S.A.;CO;Comercial;;A4;43;RS;4;Sul;4307609;Estância Velha;93600000  ;PJ;GD.RS.000.000.026;2016-08-03;;Geracao na propria UC;1;UFV;Radiação solar;Microgeracao;27,00;;;
2026-08-19;08/2026;02016440000162;RGE SUL;RGE SUL DISTRIBUIDORA DE ENERGIA S.A.;CO;Comercial;;B3;43;RS;4;Sul;4306205;Cruzeiro do Sul;95930000  ;PJ;GD.RS.000.000.028;2016-08-05;;Geracao na propria UC;1;UFV;Radiação solar;Microgeracao;6,00;;;
2026-08-19;08/2026;02016440000162;RGE SUL;RGE SUL DISTRIBUIDORA DE ENERGIA S.A.;CO;Comercial;;B3;43;RS;4;Sul;4322707;Vera Cruz;96880000  ;PJ;GD.RS.000.000.029;2016-08-06;;Auto consumo remoto;5;UFV;Radiação solar;Microgeracao;5,20;;;
2026-08-19;08/2026;02016440000162;RGE SUL;RGE SUL DISTRIBUIDORA DE ENERGIA S.A.;RE;Residencial;;B1;43;RS;4;Sul;4316907;Santa Maria;97110***;PF;GD.RS.000.000.030;2016-08-08;;Geracao na propria UC;1;UFV;Radiação solar;Microgeracao;2,60;;;
2026-08-19;08/2026;02016440000162;RGE SUL;RGE SUL DISTRIBUIDORA DE ENERGIA S.A.;RE;Residencial;;B1;43;RS;4;Sul;4322608;Venâncio Aires;95800***;PF;GD.RS.000.000.031;2016-08-08;;Auto consumo remoto;2;UFV;Radiação solar;Microgeracao;3,00;;;
2026-08-19;08/2026;02016440000162;RGE SUL;RGE SUL DISTRIBUIDORA DE ENERGIA S.A.;RE;Residencial;;B1;43;RS;4;Sul;4320008;Sapucaia do Sul;93218***;PF;GD.RS.000.000.032;2016-08-08;;Geracao na propria UC;1;UFV;Radiação solar;Microgeracao;3,10;;;
2026-08-19;08/2026;02016440000162;RGE SUL;RGE SUL DISTRIBUIDORA DE ENERGIA S.A.;RE;Residencial;;B1;43;RS;4;Sul;4322608;Venâncio Aires;95800***;PF;GD.RS.000.000.033;2016-08-09;;Geracao na propria UC;1;UFV;Radiação solar;Microgeracao;5,00;;;
2026-08-19;08/2026;02016440000162;RGE SUL;RGE SUL DISTRIBUIDORA DE ENERGIA S.A.;RE;Residencial;;B1;43;RS;4;Sul;4322400;Uruguaiana;97510***;PF;GD.RS.000.000.034;2016-08-11;;Geracao na propria UC;1;UFV;Radiação solar;Microgeracao;2,43;;;
2026-08-19;08/2026;02016440000162;RGE SUL;RGE SUL DISTRIBUIDORA DE ENERGIA S.A.;RE;Residencial;;B1;43;RS;4;Sul;4316907;Santa Maria;97110***;PF;GD.RS.000.000.035;2016-08-13;;Geracao na propria UC;1;UFV;Radiação solar;Microgeracao;5,00;;;
2026-08-19;08/2026;02016440000162;RGE SUL;RGE SUL DISTRIBUIDORA DE ENERGIA S.A.;RE;Residencial;;B1;43;RS;4;Sul;4312401;Montenegro;95780***;PF;GD.RS.000.000.036;2016-08-15;;Auto consumo remoto;3;UFV;Radiação solar;Microgeracao;10,00;;;
2026-08-19;08/2026;02016440000162;RGE SUL;RGE SUL DISTRIBUIDORA DE ENERGIA S.A.;RE;Residencial;;B1;43;RS;4;Sul;4322608;Venâncio Aires;95800***;PF;GD.RS.000.000.037;2016-08-15;;Geracao na propria UC;1;UFV;Radiação solar;Microgeracao;5,00;;;
2026-08-19;08/2026;02016440000162;RGE SUL;RGE SUL DISTRIBUIDORA DE ENERGIA S.A.;RU;Rural;;B3;43;RS;4;Sul;4322608;Venâncio Aires;95800***;PF;GD.RS.000.000.038;2016-08-16;;Geracao na propria UC;1;UFV;Radiação solar;Microgeracao;4,10;;;
2026-08-19;08/2026;02016440000162;RGE SUL;RGE SUL DISTRIBUIDORA DE ENERGIA S.A.;CO;Comercial;;B3;43;RS;4;Sul;4316956;Santa Maria do Herval;93995***;PF;GD.RS.000.000.039;2016-08-16;;Auto consumo remoto;3;UFV;Radiação solar;Microgeracao;11,00;;;
2026-08-19;08/2026;02016440000162;RGE SUL;RGE SUL DISTRIBUIDORA DE ENERGIA S.A.;RE;Residencial;;B1;43;RS;4;Sul;4307609;Estância Velha;93600***;PF;GD.RS.000.000.040;2016-08-17;;Geracao na propria UC;1;UFV;Radiação solar;Microgeracao;5,20;;;
2026-08-19;08/2026;02016440000162;RGE SUL;RGE SUL DISTRIBUIDORA DE ENERGIA S.A.;RE;Residencial;;B1;43;RS;4;Sul;4318705;São Leopoldo;93030***;PF;GD.RS.000.000.041;2016-08-17;;Geracao na propria UC;1;UFV;Radiação solar;Microgeracao;3,00;;;
2026-08-19;08/2026;02016440000162;RGE SUL;RGE SUL DISTRIBUIDORA DE ENERGIA S.A.;RE;Residencial;;B1;43;RS;4;Sul;4320008;Sapucaia do Sul;93230***;PF;GD.RS.000.000.043;2016-08-22;;Geracao na propria UC;1;UFV;Radiação solar;Microgeracao;5,00;;;
2026-08-19;08/2026;02016440000162;RGE SUL;RGE SUL DISTRIBUIDORA DE ENERGIA S.A.;RE;Residencial;;B1;43;RS;4;Sul;4316808;Santa Cruz do Sul;96815***;PF;GD.RS.000.000.045;2016-08-23;;Geracao na propria UC;1;UFV;Radiação solar;Microgeracao;5,00;;;
2026-08-19;08/2026;02016440000162;RGE SUL;RGE SUL DISTRIBUIDORA DE ENERGIA S.A.;RE;Residencial;;B1;43;RS;4;Sul;4316808;Santa Cruz do Sul;96825***;PF;GD.RS.000.000.048;2016-08-23;;Geracao na propria UC;1;UFV;Radiação solar;Microgeracao;5,00;;;
2026-08-19;08/2026;02016440000162;RGE SUL;RGE SUL DISTRIBUIDORA DE ENERGIA S.A.;CO;Comercial;;B3;43;RS;4;Sul;4301875;Barra do Quaraí;97538000  ;PJ;GD.RS.000.000.050;2016-08-25;;Geracao na propria UC;1;UFV;Radiação solar;Microgeracao;12,50;;;
2026-08-19;08/2026;02016440000162;RGE SUL;RGE SUL DISTRIBUIDORA DE ENERGIA S.A.;CO;Comercial;;A4;43;RS;4;Sul;4303004;Cachoeira do Sul;96501150  ;PJ;GD.RS.000.000.054;2016-12-27;;Auto consumo remoto;2;UFV;Radiação solar;Minigeracao;114,79;;;
2026-08-19;08/2026;08336783000190;CELESC;CELESC DISTRIBUICAO S.A;RE;Residencial;;B1;42;SC;4;Sul;4209409;Laguna;88790***;PF;GD.MS.002.244.480;2023-05-01;;Geracao na propria UC;1;UFV;Radiação solar;Microgeracao;4,00;;;
2026-08-19;08/2026;08336783000190;CELESC;CELESC DISTRIBUICAO S.A;RE;Residencial;;B1;42;SC;4;Sul;4209409;Laguna;88790***;PF;GD.MS.002.244.487;2023-08-01;;Auto consumo remoto;2;UFV;Radiação solar;Microgeracao;3,60;;;
2026-08-19;08/2026;08336783000190;CELESC;CELESC DISTRIBUICAO S.A;RE;Residencial;;B1;42;SC;4;Sul;4209409;Laguna;88790***;PF;GD.MS.002.244.489;2023-10-01;;Geracao na propria UC;1;UFV;Radiação solar;Microgeracao;4,48;;;
2026-08-19;08/2026;08336783000190;CELESC;CELESC DISTRIBUICAO S.A;RE;Residencial;;B1;42;SC;4;Sul;4209409;Laguna;88790000  ;PJ;GD.MS.002.244.494;2023-09-01;;Auto consumo remoto;2;UFV;Radiação solar;Microgeracao;10,00;;;
2026-08-19;08/2026;08336783000190;CELESC;CELESC DISTRIBUICAO S.A;IN;Industrial;;B3;42;SC;4;Sul;4209409;Laguna;88790000  ;PJ;GD.MS.002.244.497;2023-10-01;;Auto consumo remoto;2;UFV;Radiação solar;Microgeracao;8,80;;;
2026-08-19;08/2026;08336783000190;CELESC;CELESC DISTRIBUICAO S.A;RE;Residencial;;B1;42;SC;4;Sul;4209409;Laguna;88790***;PF;GD.MS.002.244.499;2023-12-01;;Auto consumo remoto;5;UFV;Radiação solar;Microgeracao;5,00;;;
2026-08-19;08/2026;08336783000190;CELESC;CELESC DISTRIBUICAO S.A;RE;Residencial;;B1;42;SC;4;Sul;4209409;Laguna;88790***;PF;GD.MS.002.244.523;2023-12-01;;Auto consumo remoto;2;UFV;Radiação solar;Microgeracao;7,70;;;
2026-08-19;08/2026;08336783000190;CELESC;CELESC DISTRIBUICAO S.A;RE;Residencial;;B1;42;SC;4;Sul;4209409;Laguna;88790***;PF;GD.MS.002.244.525;2023-02-01;;Auto consumo remoto;2;UFV;Radiação solar;Microgeracao;6,00;;;
2026-08-19;08/2026;08336783000190;CELESC;CELESC DISTRIBUICAO S.A;RU;Rural;;B2;42;SC;4;Sul;4219200;Vidal Ramos;88443***;PF;GD.PR.002.284.870;2023-09-01;;Geracao na propria UC;1;UFV;Radiação solar;Microgeracao;5,00;;;
2026-08-19;08/2026;08336783000190;CELESC;CELESC DISTRIBUICAO S.A;RU;Rural;;B2;42;SC;4;Sul;4219200;Vidal Ramos;88443***;PF;GD.PR.002.284.876;2023-05-01;;Geracao na propria UC;1;UFV;Radiação solar;Microgeracao;8,00;;;
2026-08-19;08/2026;08336783000190;CELESC;CELESC DISTRIBUICAO S.A;RU;Rural;;B2;42;SC;4;Sul;4219200;Vidal Ramos;88443***;PF;GD.PR.002.284.883;2023-02-01;;Geracao na propria UC;1;UFV;Radiação solar;Microgeracao;10,00;;;
2026-08-19;08/2026;08336783000190;CELESC;CELESC DISTRIBUICAO S.A;IN;Industrial;;B3;42;SC;4;Sul;4208500;Ituporanga;88400000  ;PJ;GD.PR.002.284.925;2023-03-01;;Geracao na propria UC;1;UFV;Radiação solar;Microgeracao;60,00;;;
2026-08-19;08/2026;08336783000190;CELESC;CELESC DISTRIBUICAO S.A;RE;Residencial;;B1;42;SC;4;Sul;4208500;Ituporanga;88400***;PF;GD.PR.002.284.953;2023-10-01;;Geracao na propria UC;1;UFV;Radiação solar;Microgeracao;5,00;;;
2026-08-19;08/2026;08336783000190;CELESC;CELESC DISTRIBUICAO S.A;CO;Comercial;;B3;42;SC;4;Sul;4208500;Ituporanga;88400***;PF;GD.PR.002.284.954;2023-09-01;;Geracao na propria UC;1;UFV;Radiação solar;Microgeracao;40,00;;;
2026-08-19;08/2026;08336783000190;CELESC;CELESC DISTRIBUICAO S.A;RE;Residencial;;B1;42;SC;4;Sul;4200200;Agrolândia;88420***;PF;GD.PR.002.284.976;2023-03-01;;Geracao na propria UC;1;UFV;Radiação solar;Microgeracao;5,00;;;
2026-08-19;08/2026;08336783000190;CELESC;CELESC DISTRIBUICAO S.A;RE;Residencial;;B1;42;SC;4;Sul;4200200;Agrolândia;88420***;PF;GD.PR.002.284.977;2023-12-01;;Geracao na propria UC;1;UFV;Radiação solar;Microgeracao;5,00;;;
2026-08-19;08/2026;08336783000190;CELESC;CELESC DISTRIBUICAO S.A;RE;Residencial;;B1;42;SC;4;Sul;4200200;Agrolândia;88420***;PF;GD.PR.002.284.981;2023-05-01;;Geracao na propria UC;1;UFV;Radiação solar;Microgeracao;5,00;;;
2026-08-19;08/2026;08336783000190;CELESC;CELESC DISTRIBUICAO S.A;RU;Rural;;B2;42;SC;4;Sul;4212700;Petrolândia;88430***;PF;GD.PR.002.285.000;2023-03-01;;Auto consumo remoto;2;UFV;Radiação solar;Microgeracao;12,00;;;
2026-08-19;08/2026;08336783000190;CELESC;CELESC DISTRIBUICAO S.A;RU;Rural;;B2;42;SC;4;Sul;4212700;Petrolândia;88430***;PF;GD.PR.002.285.002;2023-08-01;;Geracao na propria UC;1;UFV;Radiação solar;Microgeracao;5,00;;;
2026-08-19;08/2026;08336783000190;CELESC;CELESC DISTRIBUICAO S.A;RU;Rural;;B2;42;SC;4;Sul;4212700;Petrolândia;88430***;PF;GD.PR.002.285.011;2023-02-01;;Geracao na propria UC;1;UFV;Radiação solar;Microgeracao;4,00;;;
2026-08-19;08/2026;08336783000190;CELESC;CELESC DISTRIBUICAO S.A;RU;Rural;;B2;42;SC;4;Sul;4208500;Ituporanga;88440***;PF;GD.PR.002.285.040;2023-02-01;;Geracao na propria UC;1;UFV;Radiação solar;Microgeracao;15,50;;;
2026-08-19;08/2026;08336783000190;CELESC;CELESC DISTRIBUICAO S.A;RU;Rural;;B2;42;SC;4;Sul;4207403;Imbuia;88440***;PF;GD.PR.002.285.049;2023-09-20;;Auto consumo remoto;2;UFV;Radiação solar;Microgeracao;11,00;;;
2026-08-19;08/2026;08336783000190;CELESC;CELESC DISTRIBUICAO S.A;RU;Rural;;B2;42;SC;4;Sul;4207403;Imbuia;88440***;PF;GD.PR.002.285.053;2023-05-01;;Geracao na propria UC;1;UFV;Radiação solar;Microgeracao;10,00;;;
2026-08-19;08/2026;08336783000190;CELESC;CELESC DISTRIBUICAO S.A;RE;Residencial;;B1;42;SC;4;Sul;4206900;Ibirama;89140***;PF;GD.PR.002.285.065;2023-09-01;;Geracao na propria UC;1;UFV;Radiação solar;Microgeracao;5,00;;;
2026-08-19;08/2026;08336783000190;CELESC;CELESC DISTRIBUICAO S.A;RE;Residencial;;B1;42;SC;4;Sul;4206900;Ibirama;89140***;PF;GD.PR.002.285.075;2023-12-01;;Auto consumo remoto;2;UFV;Radiação solar;Microgeracao;12,00;;;
2026-08-19;08/2026;08336783000190;CELESC;CELESC DISTRIBUICAO S.A;RE;Residencial;;B1;42;SC;4;Sul;4206900;Ibirama;89140***;PF;GD.PR.002.285.077;2023-07-01;;Geracao na propria UC;1;UFV;Radiação solar;Microgeracao;5,00;;;
2026-08-19;08/2026;08336783000190;CELESC;CELESC DISTRIBUICAO S.A;RE;Residencial;;B1;42;SC;4;Sul;4214003;Presidente Getúlio;89150***;PF;GD.PR.002.285.078;2023-02-01;;Auto consumo remoto;2;UFV;Radiação solar;Microgeracao;30,00;;;
2026-08-19;08/2026;08336783000190;CELESC;CELESC DISTRIBUICAO S.A;RU;Rural;;B2;42;SC;4;Sul;4214003;Presidente Getúlio;89150***;PF;GD.PR.002.285.084;2023-06-01;;Auto consumo remoto;2;UFV;Radiação solar;Microgeracao;12,00;;;
2026-08-19;08/2026;08336783000190;CELESC;CELESC DISTRIBUICAO S.A;RE;Residencial;;B1;42;SC;4;Sul;4214003;Presidente Getúlio;89150***;PF;GD.PR.002.285.086;2024-01-01;;Geracao na propria UC;1;UFV;Radiação solar;Microgeracao;3,00;;;
2026-08-19;08/2026;08336783000190;CELESC;CELESC DISTRIBUICAO S.A;RE;Residencial;;B1;42;SC;4;Sul;4214003;Presidente Getúlio;89150***;PF;GD.PR.002.285.092;2023-04-01;;Geracao na propria UC;1;UFV;Radiação solar;Microgeracao;5,00;;;
2026-08-19;08/2026;08336783000190;CELESC;CELESC DISTRIBUICAO S.A;RU;Rural;;B2;42;SC;4;Sul;4205100;Dona Emma;89155***;PF;GD.PR.002.285.098;2023-07-01;;Auto consumo remoto;2;UFV;Radiação solar;Microgeracao;5,00;;;
2026-08-19;08/2026;08336783000190;CELESC;CELESC DISTRIBUICAO S.A;RU;Rural;;B2;42;SC;4;Sul;4219408;Witmarsum;89157***;PF;GD.PR.002.285.116;2023-09-01;;Geracao na propria UC;1;UFV;Radiação solar;Microgeracao;5,00;;;
2026-08-19;08/2026;08336783000190;CELESC;CELESC DISTRIBUICAO S.A;RE;Residencial;;B1;42;SC;4;Sul;4219408;Witmarsum;89157***;PF;GD.PR.002.285.123;2024-01-01;;Geracao na propria UC;1;UFV;Radiação solar;Microgeracao;5,00;;;
2026-08-19;08/2026;08336783000190;CELESC;CELESC DISTRIBUICAO S.A;RE;Residencial;;B1;42;SC;4;Sul;4200309;Agronômica;89188***;PF;GD.PR.002.285.128;2023-03-01;;Geracao na propria UC;1;UFV;Radiação solar;Microgeracao;5,00;;;
2026-08-19;08/2026;08336783000190;CELESC;CELESC DISTRIBUICAO S.A;RU;Rural;;B2;42;SC;4;Sul;4209904;Lontras;89182***;PF;GD.PR.002.285.137;2024-01-01;;Geracao na propria UC;1;UFV;Radiação solar;Microgeracao;5,00;;;
2026-08-19;08/2026;08336783000190;CELESC;CELESC DISTRIBUICAO S.A;RU;Rural;;B2;42;SC;4;Sul;4214102;Presidente Nereu;89184***;PF;GD.PR.002.285.152;2023-12-01;;Geracao na propria UC;1;UFV;Radiação solar;Microgeracao;6,00;;;
2026-08-19;08/2026;08336783000190;CELESC;CELESC DISTRIBUICAO S.A;RU;Rural;;B2;42;SC;4;Sul;4201901;Aurora;89186***;PF;GD.PR.002.285.168;2023-02-01;;Auto consumo remoto;2;UFV;Radiação solar;Microgeracao;8,00;;;
2026-08-19;08/2026;08336783000190;CELESC;CELESC DISTRIBUICAO S.A;RU;Rural;;B2;42;SC;4;Sul;4201901;Aurora;89186***;PF;GD.PR.002.285.171;2023-06-01;;Geracao na propria UC;1;UFV;Radiação solar;Microgeracao;4,00;;;
2026-08-19;08/2026;08336783000190;CELESC;CELESC DISTRIBUICAO S.A;RE;Residencial;;B1;42;SC;4;Sul;4208906;Jaraguá do Sul;89265***;PF;GD.RR.002.281.525;2023-10-01;;Geracao na propria UC;1;UFV;Radiação solar;Microgeracao;3,00;;;
2026-08-19;08/2026;83647990000181;COOPERALIANÇA;COOPERATIVA ALIANCA;RE;Residencial;;B1;42;SC;4;Sul;4207007;Içara;88820000  ;PJ;GD.SC.000.000.002;2016-04-27;;Geracao na propria UC;1;UFV;Radiação solar;Microgeracao;2,00;;;
2026-08-19;08/2026;13017462000163;ESE;ENERGISA SERGIPE - DISTRIBUIDORA DE ENERGIA S.A;CO;Comercial;;B3;28;SE;3;Nordeste;2802908;Itabaiana;49500000  ;PJ;GD.SE.000.005.646;2016-06-14;;Geracao na propria UC;1;UFV;Radiação solar;Microgeracao;30,00;;;
2026-08-19;08/2026;13017462000163;ESE;ENERGISA SERGIPE - DISTRIBUIDORA DE ENERGIA S.A;RU;Rural;;B2;28;SE;3;Nordeste;2803203;Itaporanga D'Ajuda;49120***;PF;GD.SE.000.007.497;2017-06-15;;Auto consumo remoto;2;UFV;Radiação solar;Microgeracao;2,50;;;
2026-08-19;08/2026;13255658000196;SULGIPE;COMPANHIA SUL SERGIPANA DE ELETRICIDADE;RE;Residencial;;B1;28;SE;3;Nordeste;2802106;Estância;49200***;PF;GD.SE.000.009.719;2017-03-31;;Geracao na propria UC;1;UFV;Radiação solar;Microgeracao;3,00;;;
2026-08-19;08/2026;13255658000196;SULGIPE;COMPANHIA SUL SERGIPANA DE ELETRICIDADE;RE;Residencial;;B1;28;SE;3;Nordeste;2807402;Tobias Barreto;49300***;PF;GD.SE.000.009.888;2017-04-04;;Geracao na propria UC;1;UFV;Radiação solar;Microgeracao;1,00;;;
2026-08-19;08/2026;13255658000196;SULGIPE;COMPANHIA SUL SERGIPANA DE ELETRICIDADE;RE;Residencial;;B1;28;SE;3;Nordeste;2802106;Estância;49200***;PF;GD.SE.000.011.519;2017-05-18;;Geracao na propria UC;1;UFV;Radiação solar;Microgeracao;1,59;;;
2026-08-19;08/2026;13017462000163;ESE;ENERGISA SERGIPE - DISTRIBUIDORA DE ENERGIA S.A;RE;Residencial;;B1;28;SE;3;Nordeste;2802908;Itabaiana;49500***;PF;GD.SE.000.014.169;2017-08-07;;Geracao na propria UC;1;UFV;Radiação solar;Microgeracao;4,60;;;
2026-08-19;08/2026;13017462000163;ESE;ENERGISA SERGIPE - DISTRIBUIDORA DE ENERGIA S.A;RU;Rural;;B2;28;SE;3;Nordeste;2807105;Simão Dias;49480***;PF;GD.SE.000.038.556;2019-11-12;;Geracao na propria UC;1;UFV;Radiação solar;Microgeracao;5,00;;;
2026-08-19;08/2026;13017462000163;ESE;ENERGISA SERGIPE - DISTRIBUIDORA DE ENERGIA S.A;RE;Residencial;;B1;28;SE;3;Nordeste;2800308;Aracaju;49038***;PF;GD.SE.000.041.483;2018-12-13;;Auto consumo remoto;3;UFV;Radiação solar;Microgeracao;5,03;;;
2026-08-19;08/2026;13017462000163;ESE;ENERGISA SERGIPE - DISTRIBUIDORA DE ENERGIA S.A;PP;Poder Público;;B3;28;SE;3;Nordeste;2800308;Aracaju;49015090  ;PJ;GD.SE.000.041.486;2019-01-13;;Auto consumo remoto;2;UFV;Radiação solar;Microgeracao;15,00;;;
2026-08-19;08/2026;13017462000163;ESE;ENERGISA SERGIPE - DISTRIBUIDORA DE ENERGIA S.A;RE;Residencial;;B1;28;SE;3;Nordeste;2800308;Aracaju;49000***;PF;GD.SE.000.041.502;2019-01-13;;Geracao na propria UC;1;UFV;Radiação solar;Microgeracao;4,00;;;
2026-08-19;08/2026;13017462000163;ESE;ENERGISA SERGIPE - DISTRIBUIDORA DE ENERGIA S.A;RE;Residencial;;B1;28;SE;3;Nordeste;2800308;Aracaju;49000***;PF;GD.SE.000.041.509;2019-01-13;;Geracao na propria UC;1;UFV;Radiação solar;Microgeracao;5,00;;;
2026-08-19;08/2026;13017462000163;ESE;ENERGISA SERGIPE - DISTRIBUIDORA DE ENERGIA S.A;RE;Residencial;;B1;28;SE;3;Nordeste;2800308;Aracaju;49000***;PF;GD.SE.000.041.513;2018-12-13;;Auto consumo remoto;2;UFV;Radiação solar;Microgeracao;4,00;;;
2026-08-19;08/2026;13017462000163;ESE;ENERGISA SERGIPE - DISTRIBUIDORA DE ENERGIA S.A;RE;Residencial;;B1;28;SE;3;Nordeste;2800605;Barra dos Coqueiros;49140***;PF;GD.SE.000.041.516;2019-01-13;;Geracao na propria UC;1;UFV;Radiação solar;Microgeracao;8,20;;;
2026-08-19;08/2026;13017462000163;ESE;ENERGISA SERGIPE - DISTRIBUIDORA DE ENERGIA S.A;RE;Residencial;;B1;28;SE;3;Nordeste;2800308;Aracaju;49000***;PF;GD.SE.000.041.519;2018-12-13;;Geracao na propria UC;1;UFV;Radiação solar;Microgeracao;5,00;;;
2026-08-19;08/2026;13017462000163;ESE;ENERGISA SERGIPE - DISTRIBUIDORA DE ENERGIA S.A;RE;Residencial;;B1;28;SE;3;Nordeste;2800308;Aracaju;49039***;PF;GD.SE.000.041.526;2018-12-13;;Geracao na propria UC;1;UFV;Radiação solar;Microgeracao;3,50;;;
2026-08-19;08/2026;13017462000163;ESE;ENERGISA SERGIPE - DISTRIBUIDORA DE ENERGIA S.A;CO;Comercial;;B3;28;SE;3;Nordeste;2800308;Aracaju;49015220  ;PJ;GD.SE.000.041.533;2019-01-13;;Geracao na propria UC;1;UFV;Radiação solar;Microgeracao;20,00;;;
2026-08-19;08/2026;13017462000163;ESE;ENERGISA SERGIPE - DISTRIBUIDORA DE ENERGIA S.A;RE;Residencial;;B1;28;SE;3;Nordeste;2800308;Aracaju;49035***;PF;GD.SE.000.041.535;2018-12-13;;Geracao na propria UC;1;UFV;Radiação solar;Microgeracao;5,00;;;
2026-08-19;08/2026;13017462000163;ESE;ENERGISA SERGIPE - DISTRIBUIDORA DE ENERGIA S.A;CO;Comercial;;B3;28;SE;3;Nordeste;2800308;Aracaju;49000000  ;PJ;GD.SE.000.041.538;2018-12-13;;Geracao na propria UC;1;UFV;Radiação solar;Microgeracao;67,98;;;
2026-08-19;08/2026;13017462000163;ESE;ENERGISA SERGIPE - DISTRIBUIDORA DE ENERGIA S.A;RE;Residencial;;B1;28;SE;3;Nordeste;2800308;Aracaju;49000***;PF;GD.SE.000.041.541;2018-12-13;;Auto consumo remoto;2;UFV;Radiação solar;Microgeracao;4,00;;;
2026-08-19;08/2026;13017462000163;ESE;ENERGISA SERGIPE - DISTRIBUIDORA DE ENERGIA S.A;RE;Residencial;;B1;28;SE;3;Nordeste;2800308;Aracaju;49046***;PF;GD.SE.000.041.551;2019-01-13;;Geracao na propria UC;1;UFV;Radiação solar;Microgeracao;8,00;;;
2026-08-19;08/2026;13017462000163;ESE;ENERGISA SERGIPE - DISTRIBUIDORA DE ENERGIA S.A;RE;Residencial;;B1;28;SE;3;Nordeste;2800308;Aracaju;49000***;PF;GD.SE.000.041.555;2018-12-13;;Geracao na propria UC;1;UFV;Radiação solar;Microgeracao;2,56;;;
2026-08-19;08/2026;13017462000163;ESE;ENERGISA SERGIPE - DISTRIBUIDORA DE ENERGIA S.A;RE;Residencial;;B1;28;SE;3;Nordeste;2800308;Aracaju;49035***;PF;GD.SE.000.041.557;2018-12-13;;Auto consumo remoto;2;UFV;Radiação solar;Microgeracao;8,20;;;
2026-08-19;08/2026;13017462000163;ESE;ENERGISA SERGIPE - DISTRIBUIDORA DE ENERGIA S.A;RE;Residencial;;B1;28;SE;3;Nordeste;2800308;Aracaju;49000***;PF;GD.SE.000.041.561;2018-12-13;;Geracao na propria UC;1;UFV;Radiação solar;Microgeracao;4,55;;;
2026-08-19;08/2026;13017462000163;ESE;ENERGISA SERGIPE - DISTRIBUIDORA DE ENERGIA S.A;IN;Industrial;;B3;28;SE;3;Nordeste;2805703;Propriá;49900000  ;PJ;GD.SE.000.041.567;2019-01-13;;Geracao na propria UC;1;UFV;Radiação solar;Microgeracao;4,60;;;
2026-08-19;08/2026;13017462000163;ESE;ENERGISA SERGIPE - DISTRIBUIDORA DE ENERGIA S.A;RE;Residencial;;B1;28;SE;3;Nordeste;2800308;Aracaju;49037***;PF;GD.SE.000.041.582;2019-01-13;;Auto consumo remoto;2;UFV;Radiação solar;Microgeracao;10,00;;;
2026-08-19;08/2026;13017462000163;ESE;ENERGISA SERGIPE - DISTRIBUIDORA DE ENERGIA S.A;RE;Residencial;;B1;28;SE;3;Nordeste;2800308;Aracaju;49005***;PF;GD.SE.000.041.585;2018-12-13;;Auto consumo remoto;5;UFV;Radiação solar;Microgeracao;14,00;;;
2026-08-19;08/2026;13017462000163;ESE;ENERGISA SERGIPE - DISTRIBUIDORA DE ENERGIA S.A;CO;Comercial;;B3;28;SE;3;Nordeste;2800308;Aracaju;49000000  ;PJ;GD.SE.000.041.587;2019-01-13;;Auto consumo remoto;2;UFV;Radiação solar;Microgeracao;66,00;;;
2026-08-19;08/2026;13017462000163;ESE;ENERGISA SERGIPE - DISTRIBUIDORA DE ENERGIA S.A;RE;Residencial;;B1;28;SE;3;Nordeste;2800308;Aracaju;49001***;PF;GD.SE.000.045.070;2019-01-13;;Geracao na propria UC;1;UFV;Radiação solar;Microgeracao;5,36;;;
2026-08-19;08/2026;13017462000163;ESE;ENERGISA SERGIPE - DISTRIBUIDORA DE ENERGIA S.A;RE;Residencial;;B1;28;SE;3;Nordeste;2800308;Aracaju;49000***;PF;GD.SE.000.045.107;2019-01-13;;Auto consumo remoto;2;UFV;Radiação solar;Microgeracao;5,00;;;
2026-08-19;08/2026;13017462000163;ESE;ENERGISA SERGIPE - DISTRIBUIDORA DE ENERGIA S.A;RE;Residencial;;B1;28;SE;3;Nordeste;2800308;Aracaju;49035***;PF;GD.SE.000.045.108;2019-01-13;;Auto consumo remoto;2;UFV;Radiação solar;Microgeracao;10,05;;;
2026-08-19;08/2026;13017462000163;ESE;ENERGISA SERGIPE - DISTRIBUIDORA DE ENERGIA S.A;RE;Residencial;;B1;28;SE;3;Nordeste;2800308;Aracaju;49047***;PF;GD.SE.000.045.109;2019-01-13;;Geracao na propria UC;1;UFV;Radiação solar;Microgeracao;3,98;;;
2026-08-19;08/2026;13017462000163;ESE;ENERGISA SERGIPE - DISTRIBUIDORA DE ENERGIA S.A;RE;Residencial;;B1;28;SE;3;Nordeste;2800308;Aracaju;49000***;PF;GD.SE.000.045.110;2019-01-13;;Auto consumo remoto;3;UFV;Radiação solar;Microgeracao;8,20;;;
2026-08-19;08/2026;13017462000163;ESE;ENERGISA SERGIPE - DISTRIBUIDORA DE ENERGIA S.A;RE;Residencial;;B1;28;SE;3;Nordeste;2800308;Aracaju;49000***;PF;GD.SE.000.045.111;2019-01-13;;Geracao na propria UC;1;UFV;Radiação solar;Microgeracao;6,00;;;
2026-08-19;08/2026;13017462000163;ESE;ENERGISA SERGIPE - DISTRIBUIDORA DE ENERGIA S.A;CO;Comercial;;B3;28;SE;3;Nordeste;2806800;São Domingos;49525000  ;PJ;GD.SE.000.045.112;2019-02-12;;Geracao na propria UC;1;UFV;Radiação solar;Microgeracao;20,20;;;
2026-08-19;08/2026;13017462000163;ESE;ENERGISA SERGIPE - DISTRIBUIDORA DE ENERGIA S.A;RE;Residencial;;B1;28;SE;3;Nordeste;2806701;São Cristóvão;49100***;PF;GD.SE.000.045.113;2019-01-30;;Geracao na propria UC;1;UFV;Radiação solar;Microgeracao;5,00;;;
2026-08-19;08/2026;13017462000163;ESE;ENERGISA SERGIPE - DISTRIBUIDORA DE ENERGIA S.A;RU;Rural;;B2;28;SE;3;Nordeste;2804300;Muribeca;49780***;PF;GD.SE.000.045.114;2019-02-12;;Auto consumo remoto;2;UFV;Radiação solar;Microgeracao;8,20;;;
2026-08-19;08/2026;13017462000163;ESE;ENERGISA SERGIPE - DISTRIBUIDORA DE ENERGIA S.A;RE;Residencial;;B1;28;SE;3;Nordeste;2802908;Itabaiana;49500***;PF;GD.SE.000.045.126;2019-02-12;;Geracao na propria UC;1;UFV;Radiação solar;Microgeracao;8,20;;;
2026-08-19;08/2026;13017462000163;ESE;ENERGISA SERGIPE - DISTRIBUIDORA DE ENERGIA S.A;CO;Comercial;;B3;28;SE;3;Nordeste;2800308;Aracaju;49055600  ;PJ;GD.SE.000.045.127;2019-02-12;;Auto consumo remoto;2;UFV;Radiação solar;Microgeracao;35,00;;;
2026-08-19;08/2026;13017462000163;ESE;ENERGISA SERGIPE - DISTRIBUIDORA DE ENERGIA S.A;CO;Comercial;;B3;28;SE;3;Nordeste;2800308;Aracaju;49070170  ;PJ;GD.SE.000.045.128;2019-02-12;;Geracao na propria UC;1;UFV;Radiação solar;Microgeracao;10,80;;;
2026-08-19;08/2026;13017462000163;ESE;ENERGISA SERGIPE - DISTRIBUIDORA DE ENERGIA S.A;CO;Comercial;;B3;28;SE;3;Nordeste;2800308;Aracaju;49020280  ;PJ;GD.SE.000.045.129;2019-02-12;;Auto consumo remoto;2;UFV;Radiação solar;Microgeracao;11,20;;;
2026-08-19;08/2026;53859112000169;CPFL JAGUARI;COMPANHIA JAGUARI DE ENERGIA;RE;Residencial;;B1;35;SP;5;Sudeste;3530508;Mococa;13736***;PF;GD.CE.002.242.926;2024-10-01;;Auto consumo remoto;2;UFV;Radiação solar;Microgeracao;3,00;;;
2026-08-19;08/2026;04172213000151;CPFL-PIRATINING;COMPANHIA PIRATININGA DE FORCA E LUZ;CO;Comercial;;B1;35;SP;5;Sudeste;3524006;Itupeva;13296***;PF;GD.MA.002.456.198;2024-04-11;;Geracao na propria UC;1;UFV;Radiação solar;Microgeracao;11,00;;;
2026-08-19;08/2026;04172213000151;CPFL-PIRATINING;COMPANHIA PIRATININGA DE FORCA E LUZ;RE;Residencial;;B1;35;SP;5;Sudeste;3524006;Itupeva;13295***;PF;GD.MG.002.457.899;2024-04-24;;Geracao na propria UC;1;UFV;Radiação solar;Microgeracao;8,00;;;
2026-08-19;08/2026;53859112000169;CPFL JAGUARI;COMPANHIA JAGUARI DE ENERGIA;RE;Residencial;;B1;35;SP;5;Sudeste;3510807;Casa Branca;13700***;PF;GD.MG.002.738.577;2024-09-26;;Geracao na propria UC;1;UFV;Radiação solar;Microgeracao;4,00;;;
2026-08-19;08/2026;53859112000169;CPFL JAGUARI;COMPANHIA JAGUARI DE ENERGIA;RE;Residencial;;B1;35;SP;5;Sudeste;3524709;Jaguariúna;13914***;PF;GD.MG.003.180.704;2025-04-14;;Auto consumo remoto;2;UFV;Radiação solar;Microgeracao;5,00;;;
2026-08-19;08/2026;53859112000169;CPFL JAGUARI;COMPANHIA JAGUARI DE ENERGIA;RE;Residencial;;B1;35;SP;5;Sudeste;3510153;Canitar;18990***;PF;GD.MG.003.180.709;2025-01-04;;Geracao na propria UC;1;UFV;Radiação solar;Microgeracao;5,00;;;
2026-08-19;08/2026;53859112000169;CPFL JAGUARI;COMPANHIA JAGUARI DE ENERGIA;REBR;REBR;;B1;35;SP;5;Sudeste;3511409;Cerqueira César;18760***;PF;GD.MG.003.180.713;2025-03-04;;Geracao na propria UC;1;UFV;Radiação solar;Microgeracao;,60;;;
2026-08-19;08/2026;53859112000169;CPFL JAGUARI;COMPANHIA JAGUARI DE ENERGIA;RE;Residencial;;B1;35;SP;5;Sudeste;3549706;São José do Rio Pardo;13720***;PF;GD.MT.002.629.156;2024-07-22;;Geracao na propria UC;1;UFV;Radiação solar;Microgeracao;13,68;;;
2026-08-19;08/2026;53859112000169;CPFL JAGUARI;COMPANHIA JAGUARI DE ENERGIA;IN;Industrial;;B3;35;SP;5;Sudeste;3546405;Santa Cruz do Rio Pardo;18900000  ;PJ;GD.PE.002.313.759;2024-02-16;;Geracao na propria UC;1;UFV;Radiação solar;Microgeracao;8,00;;;
2026-08-19;08/2026;33050196000188;CPFL-PAULISTA;COMPANHIA PAULISTA DE FORCA E LUZ;RE;Residencial;;A4;35;SP;5;Sudeste;3517406;Guaíra;14790***;PF;GD.PR.003.048.420;2024-10-30;;Geracao na propria UC;1;UFV;Radiação solar;Microgeracao;75,00;;;
2026-08-19;08/2026;53859112000169;CPFL JAGUARI;COMPANHIA JAGUARI DE ENERGIA;RE;Residencial;;B1;35;SP;5;Sudeste;3530508;Mococa;13733***;PF;GD.PR.003.180.837;2025-02-04;;Geracao na propria UC;1;UFV;Radiação solar;Microgeracao;12,00;;;
2026-08-19;08/2026;53859112000169;CPFL JAGUARI;COMPANHIA JAGUARI DE ENERGIA;IN;Industrial;;B3;35;SP;5;Sudeste;3530508;Mococa;13730000  ;PJ;GD.PR.003.180.842;2025-03-04;;Geracao na propria UC;1;UFV;Radiação solar;Microgeracao;30,00;;;
2026-08-19;08/2026;53859112000169;CPFL JAGUARI;COMPANHIA JAGUARI DE ENERGIA;RE;Residencial;;B1;35;SP;5;Sudeste;3530508;Mococa;13737***;PF;GD.PR.003.180.856;2025-11-04;;Geracao na propria UC;1;UFV;Radiação solar;Microgeracao;5,00;;;
2026-08-19;08/2026;53859112000169;CPFL JAGUARI;COMPANHIA JAGUARI DE ENERGIA;RE;Residencial;;B1;35;SP;5;Sudeste;3530508;Mococa;13732***;PF;GD.PR.003.180.875;2025-11-04;;Geracao na propria UC;1;UFV;Radiação solar;Microgeracao;5,00;;;
2026-08-19;08/2026;53859112000169;CPFL JAGUARI;COMPANHIA JAGUARI DE ENERGIA;RE;Residencial;;B1;35;SP;5;Sudeste;3550209;São Miguel Arcanjo;18230***;PF;GD.PR.003.180.909;2025-07-04;;Geracao na propria UC;1;UFV;Radiação solar;Microgeracao;1,00;;;
2026-08-19;08/2026;53859112000169;CPFL JAGUARI;COMPANHIA JAGUARI DE ENERGIA;REBR;REBR;;B1;35;SP;5;Sudeste;3550209;São Miguel Arcanjo;18230***;PF;GD.PR.003.180.916;2025-07-04;;Geracao na propria UC;1;UFV;Radiação solar;Microgeracao;1,00;;;
2026-08-19;08/2026;53859112000169;CPFL JAGUARI;COMPANHIA JAGUARI DE ENERGIA;REBR;REBR;;B1;35;SP;5;Sudeste;3550209;São Miguel Arcanjo;18230***;PF;GD.PR.003.180.925;2025-09-04;;Geracao na propria UC;1;UFV;Radiação solar;Microgeracao;1,00;;;
2026-08-19;08/2026;53859112000169;CPFL JAGUARI;COMPANHIA JAGUARI DE ENERGIA;RE;Residencial;;B1;35;SP;5;Sudeste;3550209;São Miguel Arcanjo;18230***;PF;GD.PR.003.180.948;2025-10-04;;Geracao na propria UC;1;UFV;Radiação solar;Microgeracao;1,00;;;
2026-08-19;08/2026;53859112000169;CPFL JAGUARI;COMPANHIA JAGUARI DE ENERGIA;RE;Residencial;;B1;35;SP;5;Sudeste;3550209;São Miguel Arcanjo;18230***;PF;GD.PR.003.180.953;2025-10-04;;Geracao na propria UC;1;UFV;Radiação solar;Microgeracao;1,00;;;
2026-08-19;08/2026;53859112000169;CPFL JAGUARI;COMPANHIA JAGUARI DE ENERGIA;RE;Residencial;;B1;35;SP;5;Sudeste;3534708;Ourinhos;19901***;PF;GD.PR.003.180.985;2025-08-04;;Geracao na propria UC;1;UFV;Radiação solar;Microgeracao;6,00;;;
2026-08-19;08/2026;53859112000169;CPFL JAGUARI;COMPANHIA JAGUARI DE ENERGIA;REBR;REBR;;B1;35;SP;5;Sudeste;3550209;São Miguel Arcanjo;18230***;PF;GD.PR.003.181.022;2025-08-04;;Geracao na propria UC;1;UFV;Radiação solar;Microgeracao;1,00;;;
2026-08-19;08/2026;53859112000169;CPFL JAGUARI;COMPANHIA JAGUARI DE ENERGIA;CO;Comercial;;B3;35;SP;5;Sudeste;3511409;Cerqueira César;18760***;PF;GD.RS.002.231.535;2023-11-13;;Auto consumo remoto;2;UFV;Radiação solar;Microgeracao;10,00;;;
2026-08-19;08/2026;53859112000169;CPFL JAGUARI;COMPANHIA JAGUARI DE ENERGIA;RE;Residencial;;B1;35;SP;5;Sudeste;3546405;Santa Cruz do Rio Pardo;18900***;PF;GD.RS.002.314.457;2024-02-23;;Geracao na propria UC;1;UFV;Radiação solar;Microgeracao;3,00;;;
2026-08-19;08/2026;53859112000169;CPFL JAGUARI;COMPANHIA JAGUARI DE ENERGIA;CO;Comercial;;B3;35;SP;5;Sudeste;3522307;Itapetininga;18200000  ;PJ;GD.SC.002.313.481;2024-06-02;;Geracao na propria UC;1;UFV;Radiação solar;Microgeracao;20,00;;;
2026-08-19;08/2026;50235449000107;CERIM;COOPERATIVA DE ELETRIFICAO E DESENVOLVIMENTO DA REGIAO DE ITU MAIRINQUE;RE;Residencial;;B1;35;SP;5;Sudeste;3502754;Araçariguama;18147***;PF;GD.SC.002.552.234;2024-06-27;;Geracao na propria UC;1;UFV;Radiação solar;Microgeracao;4,00;;;
2026-08-19;08/2026;50235449000107;CERIM;COOPERATIVA DE ELETRIFICAO E DESENVOLVIMENTO DA REGIAO DE ITU MAIRINQUE;RE;Residencial;;B1;35;SP;5;Sudeste;3550605;São Roque;18130***;PF;GD.SP.000.000.017;2015-11-09;;Geracao na propria UC;1;UFV;Radiação solar;Microgeracao;15,00;;;
2026-08-19;08/2026;53859112000169;CPFL JAGUARI;COMPANHIA JAGUARI DE ENERGIA;CO;Comercial;;B3;35;SP;5;Sudeste;3549706;São José do Rio Pardo;13720000  ;PJ;GD.SP.000.000.240;2013-04-04;;Geracao na propria UC;1;UFV;Radiação solar;Microgeracao;1,00;;;
2026-08-19;08/2026;53859112000169;CPFL JAGUARI;COMPANHIA JAGUARI DE ENERGIA;CO;Comercial;;B1;35;SP;5;Sudeste;3510807;Casa Branca;13700***;PF;GD.SP.000.000.466;2016-06-01;;Geracao na propria UC;1;UFV;Radiação solar;Microgeracao;2,00;;;
2026-08-19;08/2026;53859112000169;CPFL JAGUARI;COMPANHIA JAGUARI DE ENERGIA;CO;Comercial;;B1;35;SP;5;Sudeste;3549706;São José do Rio Pardo;13720***;PF;GD.SP.000.000.468;2016-02-23;;Geracao na propria UC;1;UFV;Radiação solar;Microgeracao;10,00;;;
2026-08-19;08/2026;53859112000169;CPFL JAGUARI;COMPANHIA JAGUARI DE ENERGIA;RE;Residencial;;B1;35;SP;5;Sudeste;3549706;São José do Rio Pardo;13720***;PF;GD.SP.000.000.469;2019-09-27;;Auto consumo remoto;3;UFV;Radiação solar;Microgeracao;11,00;;;
2026-08-19;08/2026;53859112000169;CPFL JAGUARI;COMPANHIA JAGUARI DE ENERGIA;CO;Comercial;;B1;35;SP;5;Sudeste;3549706;São José do Rio Pardo;13720***;PF;GD.SP.000.000.470;2021-08-11;;Geracao na propria UC;1;UFV;Radiação solar;Microgeracao;1,00;;;
2026-08-19;08/2026;53859112000169;CPFL JAGUARI;COMPANHIA JAGUARI DE ENERGIA;CO;Comercial;;B1;35;SP;5;Sudeste;3508702;Caconde;13770000  ;PJ;GD.SP.000.000.472;2015-05-15;;Geracao na propria UC;1;UFV;Radiação solar;Microgeracao;2,00;;;
2026-08-19;08/2026;53859112000169;CPFL JAGUARI;COMPANHIA JAGUARI DE ENERGIA;CO;Comercial;;B1;35;SP;5;Sudeste;3549706;São José do Rio Pardo;13720***;PF;GD.SP.000.000.473;2011-10-30;;Geracao na propria UC;1;UFV;Radiação solar;Microgeracao;10,00;;;
2026-08-19;08/2026;53859112000169;CPFL JAGUARI;COMPANHIA JAGUARI DE ENERGIA;CO;Comercial;;B1;35;SP;5;Sudeste;3510807;Casa Branca;13700***;PF;GD.SP.000.000.474;2015-02-11;;Geracao na propria UC;1;UFV;Radiação solar;Microgeracao;10,00;;;
2026-08-19;08/2026;04172213000151;CPFL-PIRATINING;COMPANHIA PIRATININGA DE FORCA E LUZ;RE;Residencial;;A4;35;SP;5;Sudeste;3540606;Porto Feliz;18540***;PF;GD.SP.000.000.498;2015-07-20;;Geracao na propria UC;1;UFV;Radiação solar;Microgeracao;16,75;;;
2026-08-19;08/2026;04172213000151;CPFL-PIRATINING;COMPANHIA PIRATININGA DE FORCA E LUZ;CO;Comercial;;A4;35;SP;5;Sudeste;3502754;Araçariguama;18147000  ;PJ;GD.SP.000.000.499;2015-09-05;;Geracao na propria UC;1;UFV;Radiação solar;Minigeracao;130,00;;;
2026-08-19;08/2026;04172213000151;CPFL-PIRATINING;COMPANHIA PIRATININGA DE FORCA E LUZ;IN;Industrial;;A4;35;SP;5;Sudeste;3502903;Araçoiaba da Serra;18190000  ;PJ;GD.SP.000.000.503;2016-07-04;;Geracao na propria UC;1;UFV;Radiação solar;Microgeracao;12,50;;;
2026-08-19;08/2026;33050196000188;CPFL-PAULISTA;COMPANHIA PAULISTA DE FORCA E LUZ;CO;Comercial;;A4;35;SP;5;Sudeste;3543402;Ribeirão Preto;14020380  ;PJ;GD.SP.000.000.504;2015-09-01;;Geracao na propria UC;1;UFV;Radiação solar;Microgeracao;2,88;;;
2026-08-19;08/2026;33050196000188;CPFL-PAULISTA;COMPANHIA PAULISTA DE FORCA E LUZ;IN;Industrial;;A4;35;SP;5;Sudeste;3506003;Bauru;17020210  ;PJ;GD.SP.000.000.505;2015-09-01;;Geracao na propria UC;1;UFV;Radiação solar;Minigeracao;100,00;;;
2026-08-19;08/2026;33050196000188;CPFL-PAULISTA;COMPANHIA PAULISTA DE FORCA E LUZ;CO;Comercial;;A4;35;SP;5;Sudeste;3503208;Araraquara;14806***;PF;GD.SP.000.000.506;2015-11-12;;Geracao na propria UC;1;UFV;Radiação solar;Microgeracao;18,20;;;
2026-08-19;08/2026;25086034000171;ETO;ENERGISA TOCANTINS DISTRIBUIDORA DE ENERGIA S.A.;RE;Residencial;;B1;17;TO;2;Norte;1721000;Palmas;77000***;PF;GD.TO.000.000.763;2016-09-29;;Geracao na propria UC;1;UFV;Radiação solar;Microgeracao;4,00;;;
2026-08-19;08/2026;25086034000171;ETO;ENERGISA TOCANTINS DISTRIBUIDORA DE ENERGIA S.A.;RE;Residencial;;B1;17;TO;2;Norte;1721000;Palmas;77000***;PF;GD.TO.000.001.947;2016-10-11;;Geracao na propria UC;1;UFV;Radiação solar;Microgeracao;4,40;;;
2026-08-19;08/2026;25086034000171;ETO;ENERGISA TOCANTINS DISTRIBUIDORA DE ENERGIA S.A.;RE;Residencial;;B1;17;TO;2;Norte;1721000;Palmas;77006***;PF;GD.TO.000.001.951;2016-10-26;;Geracao na propria UC;1;UFV;Radiação solar;Microgeracao;5,00;;;
2026-08-19;08/2026;25086034000171;ETO;ENERGISA TOCANTINS DISTRIBUIDORA DE ENERGIA S.A.;RE;Residencial;;B1;17;TO;2;Norte;1721000;Palmas;77000***;PF;GD.TO.000.001.952;2016-10-27;;Geracao na propria UC;1;UFV;Radiação solar;Microgeracao;6,00;;;
2026-08-19;08/2026;25086034000171;ETO;ENERGISA TOCANTINS DISTRIBUIDORA DE ENERGIA S.A.;RE;Residencial;;B1;17;TO;2;Norte;1721000;Palmas;77059***;PF;GD.TO.000.003.235;2016-11-11;;Geracao na propria UC;1;UFV;Radiação solar;Microgeracao;7,42;;;
2026-08-19;08/2026;25086034000171;ETO;ENERGISA TOCANTINS DISTRIBUIDORA DE ENERGIA S.A.;RE;Residencial;;B1;17;TO;2;Norte;1721000;Palmas;77019***;PF;GD.TO.000.003.236;2016-11-14;;Geracao na propria UC;1;UFV;Radiação solar;Microgeracao;4,77;;;
2026-08-19;08/2026;25086034000171;ETO;ENERGISA TOCANTINS DISTRIBUIDORA DE ENERGIA S.A.;RE;Residencial;;B1;17;TO;2;Norte;1721000;Palmas;77022***;PF;GD.TO.000.003.238;2016-11-16;;Geracao na propria UC;1;UFV;Radiação solar;Microgeracao;6,30;;;
2026-08-19;08/2026;25086034000171;ETO;ENERGISA TOCANTINS DISTRIBUIDORA DE ENERGIA S.A.;RE;Residencial;;B1;17;TO;2;Norte;1721000;Palmas;77006***;PF;GD.TO.000.004.948;2016-01-29;;Geracao na propria UC;1;UFV;Radiação solar;Microgeracao;3,12;;;
2026-08-19;08/2026;25086034000171;ETO;ENERGISA TOCANTINS DISTRIBUIDORA DE ENERGIA S.A.;RE;Residencial;;B1;17;TO;2;Norte;1721000;Palmas;77000***;PF;GD.TO.000.004.949;2016-02-04;;Auto consumo remoto;2;UFV;Radiação solar;Microgeracao;4,40;;;
2026-08-19;08/2026;25086034000171;ETO;ENERGISA TOCANTINS DISTRIBUIDORA DE ENERGIA S.A.;RE;Residencial;;B1;17;TO;2;Norte;1721000;Palmas;77019***;PF;GD.TO.000.004.951;2016-02-23;;Geracao na propria UC;1;UFV;Radiação solar;Microgeracao;3,85;;;
2026-08-19;08/2026;25086034000171;ETO;ENERGISA TOCANTINS DISTRIBUIDORA DE ENERGIA S.A.;RE;Residencial;;B1;17;TO;2;Norte;1721000;Palmas;77015***;PF;GD.TO.000.004.955;2016-03-02;;Geracao na propria UC;1;UFV;Radiação solar;Microgeracao;3,06;;;
2026-08-19;08/2026;25086034000171;ETO;ENERGISA TOCANTINS DISTRIBUIDORA DE ENERGIA S.A.;RE;Residencial;;B1;17;TO;2;Norte;1721000;Palmas;77015***;PF;GD.TO.000.004.957;2016-03-16;;Geracao na propria UC;1;UFV;Radiação solar;Microgeracao;5,58;;;
2026-08-19;08/2026;25086034000171;ETO;ENERGISA TOCANTINS DISTRIBUIDORA DE ENERGIA S.A.;RE;Residencial;;B1;17;TO;2;Norte;1721000;Palmas;77020***;PF;GD.TO.000.004.961;2016-03-08;;Geracao na propria UC;1;UFV;Radiação solar;Microgeracao;4,68;;;
2026-08-19;08/2026;25086034000171;ETO;ENERGISA TOCANTINS DISTRIBUIDORA DE ENERGIA S.A.;RE;Residencial;;B1;17;TO;2;Norte;1721000;Palmas;77701***;PF;GD.TO.000.004.991;2016-04-20;;Geracao na propria UC;1;UFV;Radiação solar;Microgeracao;8,32;;;
2026-08-19;08/2026;25086034000171;ETO;ENERGISA TOCANTINS DISTRIBUIDORA DE ENERGIA S.A.;RE;Residencial;;B1;17;TO;2;Norte;1721000;Palmas;77001***;PF;GD.TO.000.004.992;2016-05-24;;Geracao na propria UC;1;UFV;Radiação solar;Microgeracao;4,95;;;
2026-08-19;08/2026;25086034000171;ETO;ENERGISA TOCANTINS DISTRIBUIDORA DE ENERGIA S.A.;RE;Residencial;;B1;17;TO;2;Norte;1721000;Palmas;77400***;PF;GD.TO.000.004.994;2016-06-07;;Geracao na propria UC;1;UFV;Radiação solar;Microgeracao;6,24;;;
2026-08-19;08/2026;25086034000171;ETO;ENERGISA TOCANTINS DISTRIBUIDORA DE ENERGIA S.A.;RE;Residencial;;B1;17;TO;2;Norte;1721000;Palmas;77016***;PF;GD.TO.000.004.996;2016-07-05;;Geracao na propria UC;1;UFV;Radiação solar;Microgeracao;1,53;;;
2026-08-19;08/2026;25086034000171;ETO;ENERGISA TOCANTINS DISTRIBUIDORA DE ENERGIA S.A.;RE;Residencial;;B1;17;TO;2;Norte;1721000;Palmas;77015***;PF;GD.TO.000.005.029;2016-08-08;;Geracao na propria UC;1;UFV;Radiação solar;Microgeracao;6,76;;;
2026-08-19;08/2026;25086034000171;ETO;ENERGISA TOCANTINS DISTRIBUIDORA DE ENERGIA S.A.;RE;Residencial;;B1;17;TO;2;Norte;1721000;Palmas;77000***;PF;GD.TO.000.005.030;2016-08-16;;Auto consumo remoto;3;UFV;Radiação solar;Microgeracao;7,42;;;
2026-08-19;08/2026;25086034000171;ETO;ENERGISA TOCANTINS DISTRIBUIDORA DE ENERGIA S.A.;RE;Residencial;;B1;17;TO;2;Norte;1721000;Palmas;77080***;PF;GD.TO.000.005.031;2026-04-11;;Geracao na propria UC;1;UFV;Radiação solar;Microgeracao;18,00;;;
2026-08-19;08/2026;25086034000171;ETO;ENERGISA TOCANTINS DISTRIBUIDORA DE ENERGIA S.A.;RE;Residencial;;B1;17;TO;2;Norte;1702109;Araguaína;77800***;PF;GD.TO.000.005.108;2014-10-30;;Geracao na propria UC;1;UFV;Radiação solar;Microgeracao;8,80;;;
2026-08-19;08/2026;25086034000171;ETO;ENERGISA TOCANTINS DISTRIBUIDORA DE ENERGIA S.A.;IN;Industrial;;B3;17;TO;2;Norte;1721000;Palmas;77023664  ;PJ;GD.TO.000.005.110;2014-06-30;;Auto consumo remoto;2;UFV;Radiação solar;Microgeracao;5,04;;;
2026-08-19;08/2026;25086034000171;ETO;ENERGISA TOCANTINS DISTRIBUIDORA DE ENERGIA S.A.;RE;Residencial;;B1;17;TO;2;Norte;1709500;Gurupi;77123***;PF;GD.TO.000.005.111;2014-09-10;;Geracao na propria UC;1;UFV;Radiação solar;Microgeracao;6,96;;;
2026-08-19;08/2026;25086034000171;ETO;ENERGISA TOCANTINS DISTRIBUIDORA DE ENERGIA S.A.;RE;Residencial;;B1;17;TO;2;Norte;1721000;Palmas;77000***;PF;GD.TO.000.005.401;2015-03-16;;Geracao na propria UC;1;UFV;Radiação solar;Microgeracao;7,15;;;
2026-08-19;08/2026;25086034000171;ETO;ENERGISA TOCANTINS DISTRIBUIDORA DE ENERGIA S.A.;RE;Residencial;;B1;17;TO;2;Norte;1721000;Palmas;77015***;PF;GD.TO.000.005.404;2015-08-21;;Geracao na propria UC;1;UFV;Radiação solar;Microgeracao;5,80;;;
2026-08-19;08/2026;25086034000171;ETO;ENERGISA TOCANTINS DISTRIBUIDORA DE ENERGIA S.A.;RE;Residencial;;B1;17;TO;2;Norte;1721000;Palmas;77000***;PF;GD.TO.000.005.406;2015-09-02;;Geracao na propria UC;1;UFV;Radiação solar;Microgeracao;5,80;;;
2026-08-19;08/2026;25086034000171;ETO;ENERGISA TOCANTINS DISTRIBUIDORA DE ENERGIA S.A.;RE;Residencial;;B1;17;TO;2;Norte;1709500;Gurupi;77410***;PF;GD.TO.000.005.462;2015-09-21;;Geracao na propria UC;1;UFV;Radiação solar;Microgeracao;5,58;;;
2026-08-19;08/2026;25086034000171;ETO;ENERGISA TOCANTINS DISTRIBUIDORA DE ENERGIA S.A.;RE;Residencial;;B1;17;TO;2;Norte;1721000;Palmas;77016***;PF;GD.TO.000.005.465;2026-04-03;;Geracao na propria UC;1;UFV;Radiação solar;Microgeracao;12,10;;;
2026-08-19;08/2026;25086034000171;ETO;ENERGISA TOCANTINS DISTRIBUIDORA DE ENERGIA S.A.;RE;Residencial;;B1;17;TO;2;Norte;1721000;Palmas;77015***;PF;GD.TO.000.005.468;2015-10-09;;Geracao na propria UC;1;UFV;Radiação solar;Microgeracao;5,00;;;
2026-08-19;08/2026;25086034000171;ETO;ENERGISA TOCANTINS DISTRIBUIDORA DE ENERGIA S.A.;RE;Residencial;;B1;17;TO;2;Norte;1721000;Palmas;77019***;PF;GD.TO.000.005.489;2015-10-20;;Geracao na propria UC;1;UFV;Radiação solar;Microgeracao;4,40;;;
2026-08-19;08/2026;25086034000171;ETO;ENERGISA TOCANTINS DISTRIBUIDORA DE ENERGIA S.A.;RE;Residencial;;B1;17;TO;2;Norte;1721000;Palmas;77000***;PF;GD.TO.000.005.491;2015-10-30;;Auto consumo remoto;2;UFV;Radiação solar;Microgeracao;8,00;;;
2026-08-19;08/2026;25086034000171;ETO;ENERGISA TOCANTINS DISTRIBUIDORA DE ENERGIA S.A.;CO;Comercial;;B3;17;TO;2;Norte;1716505;Pedro Afonso;77710***;PF;GD.TO.000.005.506;2015-12-18;;Geracao na propria UC;1;UFV;Radiação solar;Microgeracao;5,00;;;
2026-08-19;08/2026;25086034000171;ETO;ENERGISA TOCANTINS DISTRIBUIDORA DE ENERGIA S.A.;RE;Residencial;;B1;17;TO;2;Norte;1721000;Palmas;77015***;PF;GD.TO.000.005.508;2025-10-23;;Geracao na propria UC;1;UFV;Radiação solar;Microgeracao;7,20;;;
2026-08-19;08/2026;25086034000171;ETO;ENERGISA TOCANTINS DISTRIBUIDORA DE ENERGIA S.A.;RE;Residencial;;B1;17;TO;2;Norte;1721000;Palmas;77015***;PF;GD.TO.000.005.510;2015-11-04;;Geracao na propria UC;1;UFV;Radiação solar;Microgeracao;2,50;;;
2026-08-19;08/2026;25086034000171;ETO;ENERGISA TOCANTINS DISTRIBUIDORA DE ENERGIA S.A.;RE;Residencial;;B1;17;TO;2;Norte;1718204;Porto Nacional;77000***;PF;GD.TO.000.005.512;2015-11-06;;Geracao na propria UC;1;UFV;Radiação solar;Microgeracao;3,00;;;
2026-08-19;08/2026;25086034000171;ETO;ENERGISA TOCANTINS DISTRIBUIDORA DE ENERGIA S.A.;RE;Residencial;;B1;17;TO;2;Norte;1721000;Palmas;77026***;PF;GD.TO.000.007.400;2025-12-09;;Geracao na propria UC;1;UFV;Radiação solar;Microgeracao;17,35;;;
2026-08-19;08/2026;25086034000171;ETO;ENERGISA TOCANTINS DISTRIBUIDORA DE ENERGIA S.A.;RE;Residencial;;B1;17;TO;2;Norte;1721000;Palmas;77064***;PF;GD.TO.000.007.401;2016-12-06;;Geracao na propria UC;1;UFV;Radiação solar;Microgeracao;3,84;;;
2026-08-19;08/2026;25086034000171;ETO;ENERGISA TOCANTINS DISTRIBUIDORA DE ENERGIA S.A.;RE;Residencial;;B1;17;TO;2;Norte;1721000;Palmas;77020***;PF;GD.TO.000.007.402;2016-12-06;;Geracao na propria UC;1;UFV;Radiação solar;Microgeracao;3,20;;;
2026-08-19;08/2026;25086034000171;ETO;ENERGISA TOCANTINS DISTRIBUIDORA DE ENERGIA S.A.;RE;Residencial;;B1;17;TO;2;Norte;1721000;Palmas;77015***;PF;GD.TO.000.007.403;2016-12-12;;Auto consumo remoto;2;UFV;Radiação solar;Microgeracao;3,85;;;
2026-08-19;08/2026;25086034000171;ETO;ENERGISA TOCANTINS DISTRIBUIDORA DE ENERGIA S.A.;RE;Residencial;;B1;17;TO;2;Norte;1713205;Miracema do Tocantins;77650***;PF;GD.TO.000.007.404;2016-12-16;;Geracao na propria UC;1;UFV;Radiação solar;Microgeracao;8,06;;;
